strategy_name,timeframe,direction,max_holding_bars,total_signals,median_mfe_atr,p75_mfe_atr,p90_mfe_atr,p95_mfe_atr,median_mae_atr,p75_mae_atr,p90_mae_atr,median_bars_to_mfe,p75_bars_to_mfe,average_close_pnl_at_horizon_atr,median_close_pnl_at_horizon_atr,reached_2r_rate,reached_3r_rate,reached_5r_rate,reached_8r_rate,reached_12r_rate,touched_minus_1r_rate,touched_minus_1_5r_rate,touched_minus_2r_rate,touched_minus_2_5r_rate,touched_minus_3r_rate
donchian_100,H1,long,24,1919,2.4216982555148077,4.515174457906216,6.711971684945201,8.719657832628846,2.1485940359435602,3.769119317998488,6.012182776714549,12.0,21.0,0.4314848129110244,0.2335528245214135,0.5659197498697238,0.40906722251172484,0.20323084940072955,0.06618030224075039,0.013027618551328817,0.7347576862949453,0.6185513288170922,0.52892131318395,0.42365815528921313,0.34966128191766543
donchian_100,H1,long,48,1919,3.7168941879399258,6.403766087114243,9.603280821164045,11.842274078182786,3.1301660594176424,5.537364641090415,8.485091355390278,24.0,43.0,0.631364808499451,0.3427985243988579,0.6982803543512246,0.5815528921313184,0.36685773840541946,0.15737363210005212,0.04637832204273059,0.825951016154247,0.7415320479416363,0.6696195935383012,0.5841584158415841,0.5143303804064617
donchian_100,H1,long,72,1918,4.733286214751313,7.903628153387464,12.279488817502378,16.707420603999537,3.8527094287128314,6.72853245608154,10.389636221686468,38.0,62.0,0.8503888376102747,0.42504481506588193,0.7497393117831074,0.651199165797706,0.467674661105318,0.24661105318039625,0.10531803962460896,0.8581856100104275,0.7883211678832117,0.7283628779979145,0.6579770594369134,0.5948905109489051
donchian_100,H1,long,120,1918,6.307187370075624,10.724328849212657,16.311398968942296,23.902664842269953,5.013463457088473,8.832922999990881,13.837704711048383,58.0,102.0,1.2321848011228356,0.6351109953234799,0.8154327424400417,0.7424400417101147,0.5948905109489051,0.3894681960375391,0.19238790406673617,0.9014598540145985,0.8477580813347236,0.8013555787278415,0.7429614181438999,0.6923879040667362
donchian_100,H1,long,240,1918,9.184647027819693,16.182713312517638,27.254064642752514,35.72061493813478,6.718329616326488,12.957553000896475,20.559991115984303,123.0,204.0,2.19047233061343,1.1257532864401347,0.8665276329509907,0.8128258602711157,0.708029197080292,0.5531803962460897,0.3691345151199166,0.9223149113660063,0.883733055265902,0.8482794577685089,0.8034410844629822,0.7685088633993743
donchian_100,H1,long,480,1918,12.74195356985756,25.861425265147982,44.91694554935186,55.4507376372457,10.069044384798712,17.684712360903717,27.698319348540085,252.5,412.0,4.917937932356964,2.3707305333564537,0.9098018769551617,0.8717413972888426,0.7956204379562044,0.6767466110531803,0.5192909280500522,0.9389989572471324,0.9077163712200208,0.8790406673618353,0.8472367049009385,0.8175182481751825
donchian_100,H1,short,24,1132,2.132138149474314,3.778581772098554,6.230953606860414,8.214557308969962,2.0424847403132924,3.5064418588869577,5.230578941862973,9.0,19.0,0.05789200888306178,-0.18565924260034908,0.5141342756183745,0.35335689045936397,0.15459363957597172,0.05653710247349823,0.019434628975265017,0.7385159010600707,0.6139575971731449,0.5123674911660777,0.40724381625441697,0.31537102473498235
donchian_100,H1,short,48,1129,2.882599077273159,5.069881559507174,8.32740823021255,11.467997639422316,2.90235453508909,5.131976814308165,8.126000650422512,19.0,39.0,-0.08974838684708591,-0.3357162558386253,0.6350752878653676,0.47564216120460584,0.25066430469441986,0.10894596988485385,0.045172719220549155,0.8157661647475642,0.7192205491585474,0.6465899025686448,0.5677590788308238,0.48804251550044286
donchian_100,H1,short,72,1129,3.764626102001771,6.641781729216684,10.828056732125864,15.141361206801063,3.799482111333815,6.634299396220602,9.658915395832794,31.0,60.0,0.03364574336899023,-0.4267020306579582,0.7068201948627104,0.5801594331266607,0.36581045172719223,0.183348095659876,0.08237378210806023,0.8511957484499557,0.7821080602302923,0.7218777679362267,0.6563330380868024,0.5987599645704162
donchian_100,H1,short,120,1129,4.635223990339915,8.627204986756688,14.232960424799696,19.03638114055633,4.900114614914828,8.497261949256725,12.595905688159982,53.0,94.0,-0.34235175298600456,-0.8469106669532049,0.7661647475642162,0.662533215234721,0.46235606731620904,0.2807794508414526,0.1328609388839681,0.8839681133746679,0.8272807794508414,0.7829937998228521,0.7245349867139061,0.6829052258635961
donchian_100,H1,short,240,1117,6.523725862181339,11.719156015417362,17.9950363693528,22.364579741399723,7.427262335340742,13.535589296718317,18.833544756863752,85.0,180.0,-2.0792404552038675,-1.8127643300731207,0.8128916741271263,0.7412712623097583,0.594449418084154,0.41271262309758283,0.23992837958818264,0.927484333034915,0.891674127126231,0.8603401969561325,0.8200537153088631,0.7851387645478961
donchian_100,H1,short,480,1110,8.180205802515864,16.158648541320698,24.296599280948048,29.831575772864344,11.010308248206993,19.738893255811348,32.877342028873436,115.0,333.75,-4.479627790323434,-4.072822686769356,0.8504504504504504,0.7837837837837838,0.6522522522522523,0.5072072072072072,0.35495495495495494,0.9576576576576576,0.9369369369369369,0.9126126126126126,0.8936936936936937,0.8711711711711712
donchian_100,H4,long,12,606,1.9982990594694938,3.3399459941549705,5.0053917324175305,6.641139781710304,1.5166177107232324,2.708099985713213,4.100107270650884,6.0,11.0,0.4563830715695214,0.41098587792912744,0.5,0.3118811881188119,0.10231023102310231,0.028052805280528052,0.006600660066006601,0.6666666666666666,0.504950495049505,0.3844884488448845,0.27722772277227725,0.21287128712871287
donchian_100,H4,long,24,606,2.9112984726728075,5.006092663562713,8.551430357992132,11.446232846976272,2.2031755360696175,3.768648338909533,5.775914927744926,13.0,20.75,0.6438937133080322,0.16585778307445523,0.6452145214521452,0.48514851485148514,0.2508250825082508,0.11221122112211221,0.0429042904290429,0.764026402640264,0.6485148514851485,0.5379537953795379,0.44554455445544555,0.3580858085808581
donchian_100,H4,long,48,606,4.526465941014605,7.745589100008865,11.99236436438571,15.31722715280924,3.104740811923513,5.621744402566254,9.03156158779091,25.5,42.0,1.1065048620591846,0.8857222870943884,0.7524752475247525,0.6452145214521452,0.4570957095709571,0.22772277227722773,0.10066006600660066,0.8267326732673267,0.7343234323432343,0.6534653465346535,0.5775577557755776,0.5198019801980198
donchian_100,H4,long,72,606,5.717810152545889,10.314077194192347,15.443544347001948,19.869522144907656,3.581022870706092,7.040309108981765,10.779818224450203,36.5,62.0,1.8721213832880383,1.2571008919634616,0.7970297029702971,0.7029702970297029,0.5396039603960396,0.3465346534653465,0.19141914191419143,0.8498349834983498,0.764026402640264,0.6897689768976898,0.6287128712871287,0.5742574257425742
donchian_100,H4,long,120,606,7.632298668832906,14.986337542845941,23.32984980895212,27.272409742829186,4.762897207790202,9.50712049529027,14.704308204412431,63.5,105.0,2.777554885099931,2.503448314502299,0.8547854785478548,0.7854785478547854,0.6501650165016502,0.4735973597359736,0.32673267326732675,0.8795379537953796,0.8135313531353136,0.7491749174917491,0.7062706270627063,0.6600660066006601
donchian_100,H4,long,240,606,11.190326127113227,23.05228478432505,33.58059790451955,38.8506405878863,6.03472722532425,11.206113651437317,17.381308701695726,132.5,201.75,5.6143846455048925,4.634148840561487,0.9026402640264026,0.8547854785478548,0.7524752475247525,0.6204620462046204,0.47029702970297027,0.8960396039603961,0.8399339933993399,0.7805280528052805,0.7442244224422442,0.7046204620462047
donchian_100,H4,short,12,315,1.4488877645449063,2.534573638042125,3.833810301294103,5.454438554665478,1.5586050640961258,2.620729566302476,3.587537145711295,5.0,10.0,-0.06915380644656312,-0.23231745360442385,0.3619047619047619,0.1873015873015873,0.06031746031746032,0.015873015873015872,0.006349206349206349,0.6825396825396826,0.5238095238095238,0.37777777777777777,0.26666666666666666,0.18412698412698414
donchian_100,H4,short,24,315,2.2092417655196344,3.487674487141127,6.148351201332397,9.001129469135035,2.1907028403377002,3.6115754142172145,5.179758433020041,11.0,19.5,-0.017476984509572965,-0.11053404280393815,0.5333333333333333,0.3238095238095238,0.11428571428571428,0.06031746031746032,0.022222222222222223,0.7968253968253968,0.6761904761904762,0.5523809523809524,0.44126984126984126,0.35555555555555557
donchian_100,H4,short,48,313,2.805526278875732,4.362132070136889,6.900256958611488,9.263455632670723,3.456089228193008,5.3146829981040735,7.6590038670711875,18.0,33.0,-1.0458069563401526,-1.357153516823109,0.6357827476038339,0.46645367412140576,0.16613418530351437,0.07028753993610223,0.022364217252396165,0.8817891373801917,0.8083067092651757,0.7284345047923323,0.6485623003194888,0.5750798722044729
donchian_100,H4,short,72,306,3.1683156154766134,5.292986057846103,8.290080617263735,10.379508223857682,4.5836322610784705,7.318676184748375,9.975375090248665,21.0,48.0,-1.876687998661401,-1.9496518181707785,0.6699346405228758,0.5392156862745098,0.2647058823529412,0.10457516339869281,0.03594771241830065,0.934640522875817,0.8856209150326797,0.8366013071895425,0.7712418300653595,0.7091503267973857
donchian_100,H4,short,120,304,3.6742867812025946,7.3273687678436366,10.758666167439472,12.420485300811764,6.325201103765127,10.18170193240082,16.268160836099675,26.0,82.5,-3.268440614208756,-2.8036331205643292,0.7105263157894737,0.5855263157894737,0.33881578947368424,0.22039473684210525,0.0625,0.9539473684210527,0.9276315789473685,0.9013157894736842,0.8552631578947368,0.8092105263157895
donchian_100,H4,short,240,301,4.772761070858872,10.575806428714232,15.199087330870853,18.068127754556425,8.363241547581923,15.661699699643181,23.01084713718838,44.0,141.0,-3.061805754740074,-1.9119704322676225,0.7674418604651163,0.6611295681063123,0.4717607973421927,0.34551495016611294,0.19601328903654486,0.9700996677740864,0.9435215946843853,0.9269102990033222,0.9036544850498339,0.867109634551495
donchian_40,H1,long,24,2859,2.371568193670594,4.416679953347109,6.566450901858842,8.222746291725288,2.1807492902529537,3.860062286717829,6.06538014453541,12.0,21.0,0.34038127790296224,0.16631018889896326,0.5575376005596362,0.3990905911157748,0.1969220006995453,0.0584120321790836,0.011192724728926198,0.7401189227002448,0.6281916754109829,0.5383001049317944,0.43196922000699545,0.360265827212312
donchian_40,H1,long,48,2859,3.632664891962032,6.378193341827592,9.327305320115483,11.663128023031469,3.1250933792058455,5.523282457386445,8.385839629605838,24.0,43.0,0.6534587206168805,0.4243902944994454,0.6988457502623295,0.5729275970619098,0.36306400839454356,0.14865337530605108,0.04512067156348373,0.8202168590416229,0.7383700594613501,0.6656173487233298,0.5799230500174887,0.5134662469394893
donchian_40,H1,long,72,2858,4.601812508965416,7.789030032375091,11.905886838568593,15.67633634518528,3.8886769521549516,6.688633383086974,10.165846551249045,38.0,62.0,0.8354166594036403,0.4046910295439452,0.7487753673897831,0.6448565430370888,0.45906228131560534,0.23792862141357593,0.09832050384884534,0.8551434569629112,0.7890132960111966,0.731630510846746,0.6599020293911827,0.5997200839748076
donchian_40,H1,long,120,2855,6.0740821776419045,10.403043397983438,15.922126119946139,21.813841667964127,4.940708019809252,8.554182939898904,13.46379417582553,60.0,102.0,1.1661163049139356,0.611365937113587,0.8143607705779334,0.7362521891418564,0.5772329246935202,0.3751313485113835,0.1807355516637478,0.8970227670753065,0.8483362521891419,0.7989492119089316,0.7411558669001751,0.691768826619965
donchian_40,H1,long,240,2852,8.973858549259806,15.619355258734759,26.10422674258677,34.38192427392418,6.601105477826653,12.755749063450699,20.256018175689704,127.5,204.0,2.077625722171407,1.0956738059766264,0.8709677419354839,0.8159186535764376,0.6984572230014026,0.5480364656381487,0.36079943899018235,0.9204067321178121,0.8842917251051894,0.8488779803646563,0.8053997194950911,0.7699859747545582
donchian_40,H1,long,480,2845,12.322257539386792,23.84415796090936,43.36584290918173,54.51707339810516,9.891486992093776,17.450893710498296,27.396366866625836,250.0,406.0,4.677775082703765,2.3465864762606534,0.9107205623901582,0.8706502636203867,0.795079086115993,0.675219683655536,0.5135325131810193,0.9349736379613357,0.9047451669595782,0.8769771528998243,0.8453427065026362,0.8172231985940246
donchian_40,H1,short,24,1939,2.0845086382970464,3.774251406022558,5.976591808620554,7.872287710780548,2.1372055172415543,3.5599760690102267,5.2631384569291955,9.0,19.0,-0.002395027105858623,-0.20048372144869395,0.5110881897885508,0.3481175863847344,0.1557503867973182,0.04847859721505931,0.01598762248581743,0.7509025270758123,0.6358947911294481,0.5317173800928313,0.4259927797833935,0.333677153171738
donchian_40,H1,short,48,1935,2.8455104487441165,5.181863428451424,8.066541722913511,10.108362325343856,2.986995240446338,5.182832200947284,8.191449644963495,20.0,39.0,-0.19739757522618295,-0.3581426763451702,0.6325581395348837,0.4764857881136951,0.2614987080103359,0.10284237726098192,0.03359173126614987,0.8237726098191215,0.7343669250645994,0.6558139534883721,0.5762273901808785,0.49767441860465117
donchian_40,H1,short,72,1933,3.6328581913468687,6.460301844366949,9.774183393693809,13.072017857830897,3.7723214955633444,6.574343616617323,9.768252226427014,30.0,58.0,-0.1699954084357227,-0.4240815198731224,0.6983962752198655,0.5644076564924987,0.3610967408173823,0.16709777547853077,0.061562338334195554,0.8577340920848422,0.7909984480082773,0.7258147956544232,0.6580444904293844,0.5995861355406105
donchian_40,H1,short,120,1933,4.561908737604024,8.750586114408234,13.656228079784446,17.618628244397705,4.900114614914828,8.733496194228936,13.129690579738401,52.0,95.0,-0.3997774737010535,-0.6812456612579231,0.7547853078116916,0.6518365235385412,0.4650801862390067,0.28246249353336783,0.13243662700465597,0.8867046042421107,0.8329022245214692,0.7837558199689602,0.7263321262286602,0.6823590274185204
donchian_40,H1,short,240,1921,6.437644053120047,11.73135750387595,17.548634886831362,22.57087761168105,7.279737536464856,13.174929555828761,19.25735817526642,93.0,184.0,-1.813041560212682,-1.522665434895614,0.812597605413847,0.7418011452368558,0.5965642894325872,0.415929203539823,0.23737636647579385,0.9281624154086413,0.892243623112962,0.8563248308172826,0.8162415408641333,0.7813638729828214
donchian_40,H1,short,480,1911,8.535386352660888,16.06123045585582,25.702177464914662,31.84348653020451,11.12687428669332,19.54061023101476,32.90493232453872,156.0,358.0,-3.901103713334221,-2.997320477921163,0.8618524332810047,0.8053375196232339,0.6813186813186813,0.5264259549973835,0.3642072213500785,0.956567242281528,0.9340659340659341,0.9094714809000524,0.8880167451596023,0.8644688644688645
donchian_40,H4,long,12,916,1.852352382924639,3.12043094902954,4.625499669220751,6.0987785725441075,1.5489226521967137,2.712019687419639,4.032042983102742,6.0,11.0,0.32205388521064626,0.18310133505279194,0.4672489082969432,0.27838427947598254,0.08296943231441048,0.02292576419213974,0.004366812227074236,0.6637554585152838,0.5120087336244541,0.39082969432314413,0.28820960698689957,0.21397379912663755
donchian_40,H4,long,24,916,2.7594106100748013,4.698188632627964,7.602351611439451,10.975358095703559,2.2434820981406354,3.7729636936565094,5.873218831065181,12.0,21.0,0.5405724052340458,0.15456694743985017,0.618995633187773,0.4606986899563319,0.22161572052401746,0.09388646288209607,0.03820960698689956,0.7641921397379913,0.6506550218340611,0.5458515283842795,0.45524017467248906,0.36681222707423583
donchian_40,H4,long,48,916,4.099985795482688,7.297657421960011,11.967254034936294,15.234092524747588,3.070351655299464,5.635753075260368,8.91039181784373,25.0,42.0,0.9614994226090287,0.5468925835883058,0.7292576419213974,0.611353711790393,0.4126637554585153,0.2096069868995633,0.10043668122270742,0.824235807860262,0.7368995633187773,0.6539301310043668,0.5764192139737991,0.5163755458515283
donchian_40,H4,long,72,916,4.957577815657822,9.572688491107796,16.312154426665664,19.84390944009185,3.581022870706092,6.937335032540723,10.532096138225128,38.0,62.0,1.6417384671111366,0.8995015897540903,0.7762008733624454,0.6834061135371179,0.4912663755458515,0.31004366812227074,0.17903930131004367,0.8471615720524017,0.767467248908297,0.6877729257641921,0.6255458515283843,0.5731441048034934
donchian_40,H4,long,120,916,6.738724629327665,13.932683852249431,22.752863577808853,27.584366309634916,4.846346643090396,9.121567828966903,14.149834697738497,64.0,102.0,2.60241322619754,1.2552183992833268,0.824235807860262,0.7521834061135371,0.5982532751091703,0.4268558951965066,0.2980349344978166,0.87882096069869,0.8187772925764192,0.7456331877729258,0.6965065502183406,0.6517467248908297
donchian_40,H4,long,240,915,10.156816160927264,22.04824941351218,33.450133944749346,39.03521438137123,6.596218893115098,11.365935307938386,17.903553702235552,130.0,204.5,5.356327410221487,3.633245982466045,0.8808743169398907,0.833879781420765,0.7234972677595628,0.5693989071038251,0.4382513661202186,0.8939890710382513,0.8448087431693989,0.7825136612021858,0.746448087431694,0.7136612021857923
donchian_40,H4,short,12,517,1.4071098088345384,2.4160469948155923,3.769525794805069,5.337143430282476,1.5630348025379877,2.6708986520319784,3.9123317324885236,5.0,10.0,-0.1981749731155287,-0.257606678316998,0.3539651837524178,0.1760154738878143,0.058027079303675046,0.015473887814313346,0.0038684719535783366,0.690522243713733,0.5299806576402321,0.3849129593810445,0.2862669245647969,0.20696324951644102
donchian_40,H4,short,24,517,2.1102916040062096,3.4901022178360894,6.224352467626343,8.89786684466563,2.337514363926907,3.907615780165626,5.398874090280575,10.0,19.0,-0.11514884486771619,-0.22635365857347783,0.5183752417794971,0.3191489361702128,0.12379110251450677,0.058027079303675046,0.019342359767891684,0.7969052224371374,0.6847195357833655,0.574468085106383,0.4584139264990329,0.37524177949709864
donchian_40,H4,short,48,515,2.758117329887545,4.613893855332372,7.16921027881498,9.688778491136988,3.4262196881489735,5.495302261924235,8.320475994795325,19.0,36.0,-0.9205484082480669,-1.107296908984199,0.6213592233009708,0.4601941747572815,0.2,0.0854368932038835,0.02330097087378641,0.8737864077669902,0.7941747572815534,0.7067961165048544,0.6330097087378641,0.5592233009708738
donchian_40,H4,short,72,508,3.3201339523872253,5.6585174529939355,8.898235742445419,10.871088289353924,4.417952987840386,7.301942099250476,10.771215937758432,24.0,53.0,-1.5945555738159798,-1.4860964938993422,0.6732283464566929,0.547244094488189,0.3051181102362205,0.12992125984251968,0.03937007874015748,0.9153543307086615,0.8543307086614174,0.7893700787401575,0.7303149606299213,0.6732283464566929
donchian_40,H4,short,120,506,3.7310167685734332,7.979623386681557,11.427958140034505,13.307023435718104,5.970592414227542,10.180690919525336,16.377984544689216,29.0,85.0,-2.735937345380594,-2.311154825137703,0.7075098814229249,0.5928853754940712,0.37549407114624506,0.2509881422924901,0.09090909090909091,0.9347826086956522,0.8952569169960475,0.8557312252964426,0.8102766798418972,0.7687747035573123
donchian_40,H4,short,240,498,4.934452708625832,10.61795980812681,15.565376538100175,18.36070069452042,7.963848266907107,16.16565070826345,23.480082422274876,60.0,163.0,-3.318482234133401,-1.5033027097943972,0.7630522088353414,0.6666666666666666,0.4939759036144578,0.3674698795180723,0.20281124497991967,0.9598393574297188,0.927710843373494,0.9016064257028112,0.8694779116465864,0.8373493975903614
donchian_55,H1,long,24,2460,2.375269968914618,4.366481893673343,6.526742316372978,8.292240744506124,2.187073601689068,3.8782399183163596,6.068136443381259,12.0,21.0,0.33100706675512304,0.18260762251136659,0.558130081300813,0.401219512195122,0.1943089430894309,0.05894308943089431,0.011382113821138212,0.7398373983739838,0.6284552845528455,0.5402439024390244,0.43333333333333335,0.36097560975609755
donchian_55,H1,long,48,2460,3.5955361299078366,6.285482807919757,9.261281541605904,11.452406741958486,3.1585858968678506,5.594308693815934,8.48897248531364,24.0,43.0,0.5600236201716841,0.3299537648702947,0.6947154471544715,0.5719512195121951,0.3548780487804878,0.1467479674796748,0.04186991869918699,0.8264227642276423,0.7439024390243902,0.6731707317073171,0.5865853658536585,0.5191056910569106
donchian_55,H1,long,72,2459,4.521124742190122,7.697438100356761,11.847265971595778,15.675270391763098,3.951100466456746,6.737781623637175,10.337565223035147,37.0,61.0,0.719764360718637,0.30589050391792616,0.7458316388775925,0.6425376169174462,0.45180967873119154,0.23464823098820659,0.09597397315982106,0.8605124034160228,0.7946319642130948,0.7372915819438797,0.6657177714518097,0.6059373729158194
donchian_55,H1,long,120,2456,6.094314227962105,10.336857838965582,15.847609495754806,22.374199226540085,5.05474044033802,8.77115171138055,13.69738324683851,59.0,102.0,1.0336112817685503,0.5008289331636788,0.8127035830618893,0.7353420195439739,0.5745114006514658,0.3745928338762215,0.18037459283387622,0.9026872964169381,0.8530130293159609,0.8061889250814332,0.748371335504886,0.6995114006514658
donchian_55,H1,long,240,2454,8.990774885489381,15.60416946185684,26.284309639898904,35.121775766214704,6.680607202032362,12.957959178841403,20.581755902570244,126.0,204.0,1.9582458874197572,1.006645293988122,0.8679706601466992,0.8141809290953546,0.6960065199674002,0.5509372453137734,0.36145069274653624,0.9237978810105949,0.8867155664221679,0.8512632436837816,0.8068459657701712,0.771801140994295
donchian_55,H1,long,480,2451,12.28820269754846,24.210256887991033,43.789566450803086,54.55051287149731,10.042981833617134,17.58599225007236,27.576773017394153,247.0,405.0,4.700444095651655,2.3465864762606534,0.9077927376580988,0.8690330477356181,0.7890656874745002,0.6748266013871889,0.510811913504692,0.937984496124031,0.9077927376580988,0.8792329661362709,0.8474092207262341,0.8180334557323541
donchian_55,H1,short,24,1589,2.0699216668363833,3.7034912061869054,5.8779194507844625,7.83931406489745,2.120179784531499,3.564507404173308,5.235258238245903,9.0,19.0,0.014729689539434723,-0.20433762705317657,0.5091252359974827,0.3398363750786658,0.1485210824417873,0.04782882315921964,0.016991818753933293,0.7533039647577092,0.631214600377596,0.5267463813719321,0.4197608558842039,0.328508495909377
donchian_55,H1,short,48,1585,2.8384191496506035,5.024344333756516,7.970869175014711,9.881337116203335,2.924404221936538,5.1176216324057675,8.116099691296725,20.0,39.0,-0.15173582151444523,-0.36140895502644094,0.6334384858044164,0.47129337539432176,0.25110410094637226,0.09905362776025237,0.03596214511041009,0.828391167192429,0.7337539432176656,0.6548895899053627,0.571608832807571,0.4914826498422713
donchian_55,H1,short,72,1583,3.648292197384538,6.4986300448974585,9.764568169865612,13.773101643507918,3.764659075003703,6.380272780053934,9.664322945009635,30.0,59.0,-0.07077082239389518,-0.38916147066820317,0.704358812381554,0.5653821857233101,0.36197094125078966,0.16803537586860393,0.065698041692988,0.8641819330385344,0.7934301958307012,0.7271004421983576,0.658875552747947,0.6001263423878711
donchian_55,H1,short,120,1583,4.634715746832306,8.763920822292562,13.65304672945924,18.69359502633495,4.73814880741442,8.502850234760707,12.684791583458916,54.0,96.0,-0.19821080027754565,-0.654298289814697,0.7605811749842072,0.6563487049905243,0.46430827542640557,0.28427037271004424,0.13076437144662034,0.8926089703095389,0.8344914718888187,0.7833228048010107,0.7252053063802906,0.6797220467466835
donchian_55,H1,short,240,1571,6.523725862181339,11.699158204150713,17.58643544718641,22.557757834480668,7.131682111396344,13.02030365080165,18.64977876827337,92.0,177.5,-1.7904044600933804,-1.7032317898331533,0.8128580521960534,0.7422024188415022,0.5957988542329726,0.4156588160407384,0.23551877784850414,0.9318905155951623,0.8949713558243158,0.8586887332908976,0.818586887332909,0.781031190324634
donchian_55,H1,short,480,1562,8.343422171685788,16.017908829531905,25.18335049060141,31.32152165109996,11.040179883592032,19.176157501557118,32.786135692489886,144.0,349.75,-3.9443204617308276,-3.3026051996588306,0.8578745198463509,0.7989756722151088,0.6728553137003841,0.5179257362355953,0.3559539052496799,0.9596670934699104,0.9359795134443022,0.9097311139564661,0.8866837387964148,0.8623559539052497
donchian_55,H4,long,12,815,1.9082058439747227,3.227781799965919,4.828883115402742,6.310464938829355,1.5483553954668174,2.707613605497803,4.140444891506429,6.0,11.0,0.3705804985643162,0.2790777724882043,0.4834355828220859,0.29570552147239265,0.08834355828220859,0.025766871165644172,0.0049079754601227,0.6638036809815951,0.5116564417177915,0.3901840490797546,0.2871165644171779,0.2147239263803681
donchian_55,H4,long,24,815,2.8028222362045505,4.87203258733034,8.19411698905429,11.345334572610087,2.229584640795044,3.793298245030835,5.858615761269097,12.0,21.0,0.5968003136065024,0.15697402686121792,0.6257668711656442,0.47484662576687114,0.23558282208588957,0.10184049079754601,0.04171779141104295,0.7619631901840491,0.649079754601227,0.5423312883435583,0.4539877300613497,0.3656441717791411
donchian_55,H4,long,48,815,4.201810811872961,7.307243730008453,11.980452231596882,15.243194482041595,3.1087946486850146,5.551977303744314,8.74577782753965,25.0,41.0,0.9634786833145155,0.49291568191572577,0.7361963190184049,0.6208588957055214,0.4233128834355828,0.2085889570552147,0.10061349693251534,0.8233128834355828,0.7349693251533742,0.6552147239263804,0.5791411042944785,0.5190184049079755
donchian_55,H4,long,72,815,5.014520987708275,9.47225055926784,16.179283507424817,19.844599318236515,3.6307090749651407,6.929141430712441,10.183591012668053,36.0,61.0,1.665925271639843,0.8942289373480213,0.7803680981595092,0.6895705521472393,0.5030674846625767,0.3116564417177914,0.17914110429447852,0.8478527607361963,0.7668711656441718,0.6920245398773006,0.6319018404907976,0.5779141104294478
donchian_55,H4,long,120,815,6.994251614905445,13.943545154234908,22.714661825842075,27.322979251546027,4.870949804564655,9.206333973518312,14.112790701213198,63.0,103.0,2.5445334558528,1.3522337968667533,0.8331288343558282,0.7631901840490798,0.6134969325153374,0.4368098159509202,0.3006134969325153,0.8809815950920246,0.8208588957055215,0.7521472392638037,0.7055214723926381,0.660122699386503
donchian_55,H4,long,240,815,10.328264902796766,22.1563316100518,33.465511906428965,39.515185515436386,6.638516248481426,11.237982912269612,17.530908373525868,130.0,204.5,5.522941605165819,3.7378646079479387,0.8895705521472392,0.8429447852760736,0.7349693251533742,0.5828220858895705,0.4441717791411043,0.8969325153374234,0.8466257668711656,0.7865030674846626,0.750920245398773,0.7165644171779141
donchian_55,H4,short,12,431,1.3938769239730777,2.4028569577230106,3.705789913639718,5.210095198882623,1.5630348025379877,2.6423825779320977,3.7973317290172353,5.0,10.0,-0.20726021210382858,-0.257606678316998,0.3480278422273782,0.1716937354988399,0.05336426914153132,0.01160092807424594,0.004640371229698376,0.691415313225058,0.5266821345707656,0.382830626450116,0.27610208816705334,0.1902552204176334
donchian_55,H4,short,24,431,2.0927749661893564,3.4847262349952706,6.005379551719121,8.870522814117425,2.3144272408328517,3.942999158481909,5.402090064683777,10.0,19.0,-0.20921141875074264,-0.31124942278473544,0.5127610208816705,0.31554524361948955,0.11832946635730858,0.05568445475638051,0.016241299303944315,0.8051044083526682,0.6937354988399071,0.5777262180974478,0.45707656612529,0.37587006960556846
donchian_55,H4,short,48,429,2.6661812332557164,4.473740701578156,7.025512958822003,9.535362855301916,3.454732236964404,5.497612102243941,8.211409787568204,18.0,35.0,-1.0536100863773779,-1.165762717856926,0.6153846153846154,0.4522144522144522,0.1864801864801865,0.08158508158508158,0.018648018648018648,0.8787878787878788,0.7995337995337995,0.7202797202797203,0.6433566433566433,0.5710955710955711
donchian_55,H4,short,72,422,3.2012341629819114,5.389443499477338,8.707482915451184,10.77426283820643,4.54753548046582,7.336732057116251,10.524109803980336,22.5,50.0,-1.8874421602045042,-1.7900531662108876,0.6540284360189573,0.533175355450237,0.2796208530805687,0.12085308056872038,0.03317535545023697,0.9218009478672986,0.8625592417061612,0.8104265402843602,0.7511848341232228,0.6966824644549763
donchian_55,H4,short,120,420,3.5841275717975596,7.512612307329959,11.039933846612467,12.644240781877643,6.2945186754639,10.21050132459438,16.292289700314843,26.0,81.25,-3.170703015205714,-2.7422501683316085,0.6904761904761905,0.5738095238095238,0.3547619047619048,0.23333333333333334,0.0761904761904762,0.9404761904761905,0.9047619047619048,0.8714285714285714,0.8333333333333334,0.7928571428571428
donchian_55,H4,short,240,416,4.7044754672360725,10.372502028642057,15.370255511062968,18.09229474010239,8.344068540444823,16.035928090804425,23.481949609076736,51.0,148.75,-3.526712246566859,-1.8786217994470422,0.75,0.6490384615384616,0.46875,0.3485576923076923,0.19230769230769232,0.9591346153846154,0.9254807692307693,0.9038461538461539,0.8798076923076923,0.8461538461538461
donchian_80,H1,long,24,2085,2.3937866987183933,4.459892707306689,6.647060728994061,8.495636177340666,2.155583747939458,3.790294660272595,6.0167807137666305,12.0,21.0,0.38723470874950777,0.2086671570358468,0.5616306954436451,0.4038369304556355,0.2,0.06282973621103118,0.011990407673860911,0.7376498800959232,0.6225419664268586,0.5314148681055156,0.42541966426858513,0.3501199040767386
donchian_80,H1,long,48,2085,3.6552718993987794,6.363349758402191,9.459539688181945,11.683723461730334,3.1325119244725994,5.536928565269754,8.413356191754376,24.0,43.0,0.5910146468635493,0.29729697327600124,0.6925659472422062,0.573621103117506,0.3606714628297362,0.1539568345323741,0.04460431654676259,0.8292565947242206,0.7458033573141487,0.6729016786570743,0.5875299760191847,0.5155875299760192
donchian_80,H1,long,72,2084,4.621951675876797,7.840888351905278,12.042071665053948,16.366030673578145,3.88111782211895,6.693215549681888,10.2849250162029,37.0,61.25,0.7773936945794951,0.35478617024013775,0.7432821497120922,0.6420345489443378,0.46017274472168906,0.24280230326295585,0.10268714011516315,0.8603646833013435,0.7936660268714012,0.7332053742802304,0.6641074856046065,0.5998080614203455
donchian_80,H1,long,120,2082,6.228643595520484,10.578281370723346,16.012765611379855,23.427155577371455,5.045250677907472,8.877790355060544,13.722979704488353,59.0,102.0,1.129932604132056,0.539790589437741,0.8112391930835735,0.7358309317963496,0.5845341018251681,0.38472622478386165,0.1873198847262248,0.9034582132564841,0.8525456292026897,0.8049951969260326,0.7483189241114313,0.696445725264169
donchian_80,H1,long,240,2082,9.090462648050552,15.85939726191753,27.050915989940492,35.35266794156483,6.692830309498801,12.957553000896475,20.675172611750952,124.5,205.0,2.0919895066062897,1.1477346341158396,0.8650336215177714,0.8126801152737753,0.7046109510086456,0.5523535062439962,0.36359269932756966,0.9245917387127762,0.8876080691642652,0.8515850144092219,0.8073967339097022,0.770893371757925
donchian_80,H1,long,480,2080,12.598367409650013,24.96455893438617,44.44329353991758,55.020669720161514,9.875587473041811,17.54330759412001,28.018039565603498,244.5,406.0,4.76503642237691,2.18629397077925,0.9081730769230769,0.8701923076923077,0.7923076923076923,0.6740384615384616,0.5153846153846153,0.9403846153846154,0.9105769230769231,0.8822115384615384,0.8509615384615384,0.8197115384615384
donchian_80,H1,short,24,1275,2.0144387349487674,3.6727216608640516,5.914133022416724,8.1041376585942,2.1028121654728364,3.5388591888051,5.234052303696115,9.0,19.0,0.02758793045354072,-0.18803170689084583,0.5011764705882353,0.3380392156862745,0.14745098039215687,0.05411764705882353,0.018823529411764704,0.7482352941176471,0.6227450980392157,0.5223529411764706,0.41411764705882353,0.3215686274509804
donchian_80,H1,short,48,1271,2.807546227981407,4.901377092863619,8.029866158743689,11.18740951791786,2.9314662074285835,5.135212625126238,8.034286631872831,20.0,39.0,-0.10913785320965871,-0.31621322265062596,0.6286388670338316,0.46656176239181746,0.24390243902439024,0.10149488591660111,0.042486231313926044,0.8253343823760818,0.7254130605822188,0.6530291109362707,0.5712037765538945,0.4909520062942565
donchian_80,H1,short,72,1271,3.740393577488992,6.503180459437201,10.109744944900722,14.525856431036381,3.7958999648701806,6.431067485645847,9.514853488459453,32.0,61.0,0.03999978823227351,-0.33530920647528684,0.7049567269866247,0.5735641227380016,0.36034618410700237,0.17230527143981117,0.07553107789142408,0.8607395751376868,0.7875688434303698,0.7269866247049567,0.6585365853658537,0.5995279307631786
donchian_80,H1,short,120,1271,4.648425262532701,8.699921953607545,14.25520563859539,19.186758356897904,4.787921141165852,8.319304823948592,12.542534425492997,57.0,97.0,-0.12383334659242373,-0.6489370218692412,0.7663257277734068,0.6632572777340676,0.46498819826907944,0.2824547600314713,0.13375295043273014,0.8906372934697089,0.8332022029897719,0.7875688434303698,0.7293469708890638,0.6821400472069237
donchian_80,H1,short,240,1259,6.523725862181339,11.699158204150713,17.967951034591906,22.6628835687629,7.159714930838611,13.238723992715808,18.481264423993583,92.0,180.5,-1.792391817176806,-1.708187496980384,0.8165210484511517,0.7450357426528992,0.5933280381254964,0.41223193010325654,0.2390786338363781,0.9293089753772835,0.891977760127085,0.8602065131056394,0.8196981731532963,0.7815726767275616
donchian_80,H1,short,480,1251,8.268990846536505,16.119864820846775,25.44110512493254,30.92414075774326,10.750842462596607,19.09444907996163,32.3622941691818,129.0,344.0,-4.052312853281669,-3.3991615921972382,0.8545163868904876,0.7921662669864109,0.6610711430855316,0.5123900879296562,0.354916067146283,0.9592326139088729,0.9344524380495604,0.9104716227018386,0.8904876099120703,0.864908073541167
donchian_80,H4,long,12,665,1.945011304657583,3.2279232211815763,4.957951111947194,6.460277430957094,1.5268610068848432,2.70506165500953,4.041420467466923,6.0,11.0,0.4407692401188325,0.32231111651848143,0.48872180451127817,0.3007518796992481,0.09473684210526316,0.02556390977443609,0.006015037593984963,0.6676691729323309,0.5082706766917293,0.3849624060150376,0.2781954887218045,0.20902255639097744
donchian_80,H4,long,24,665,2.8271209303594067,4.920957462125799,8.401159761849131,11.44864301514219,2.1799654013336753,3.761752517291149,5.73045194927388,13.0,20.0,0.6379595878305722,0.2515471709195836,0.637593984962406,0.4766917293233083,0.23909774436090225,0.10827067669172932,0.042105263157894736,0.7609022556390977,0.6451127819548872,0.5338345864661654,0.44511278195488724,0.3593984962406015
donchian_80,H4,long,48,665,4.454403628540974,7.5666738270503595,11.740812622300037,15.073978076637125,3.1087946486850146,5.57855362238988,8.867113158703471,26.0,42.0,1.0705545535728545,0.7741545921237017,0.7428571428571429,0.6360902255639098,0.45112781954887216,0.21654135338345865,0.09774436090225563,0.8210526315789474,0.7308270676691729,0.649624060150376,0.5759398496240602,0.518796992481203
donchian_80,H4,long,72,665,5.543262834203096,9.834084265591589,15.39596290464931,19.824044629954376,3.576100095288904,6.835619416533547,10.375078528146588,36.0,61.0,1.8238538491759588,1.1359717723838727,0.7864661654135339,0.6917293233082706,0.5293233082706766,0.33533834586466166,0.18195488721804512,0.843609022556391,0.7593984962406015,0.6857142857142857,0.6255639097744361,0.5744360902255639
donchian_80,H4,long,120,665,7.481489473575092,14.380476468163875,22.995751899474023,27.158493985586546,4.870949804564655,9.249734197574632,14.635912672221993,62.0,103.0,2.5596355340219588,1.7499479550143022,0.8451127819548873,0.7744360902255639,0.637593984962406,0.45864661654135336,0.3082706766917293,0.8781954887218045,0.8150375939849624,0.7488721804511278,0.7052631578947368,0.6586466165413534
donchian_80,H4,long,240,665,10.681311064057272,22.30426577929302,33.062893053755616,38.68413367503477,6.361884800391197,11.070562138256633,17.457051882031877,128.0,202.0,5.40200815729257,4.071258698818397,0.8947368421052632,0.849624060150376,0.7443609022556391,0.6015037593984962,0.45263157894736844,0.8947368421052632,0.8421052631578947,0.7804511278195488,0.7458646616541353,0.7082706766917293
donchian_80,H4,short,12,356,1.4318400079465006,2.450625559859005,3.7726552306422194,5.363839418770249,1.5610871666985018,2.630618206112074,3.722909519760996,5.0,10.0,-0.11741517152694295,-0.25438652665161354,0.36235955056179775,0.18258426966292135,0.05898876404494382,0.014044943820224719,0.0056179775280898875,0.6853932584269663,0.5252808988764045,0.3848314606741573,0.2752808988764045,0.18820224719101122
donchian_80,H4,short,24,356,2.1805225705041886,3.4594346074385918,6.021666872717962,8.857219696623114,2.227441590432577,3.7875511493605156,5.290575647439457,10.0,19.25,-0.06913378308000837,-0.28093487360794556,0.5224719101123596,0.31741573033707865,0.11797752808988764,0.056179775280898875,0.019662921348314606,0.7949438202247191,0.6797752808988764,0.5646067415730337,0.4550561797752809,0.3651685393258427
donchian_80,H4,short,48,354,2.727149968532563,4.411551364097669,6.98594842270161,9.336916838636498,3.46525275432409,5.3950522647870995,7.656418846902553,17.0,34.75,-0.9576788218417703,-1.3511979875325129,0.6242937853107344,0.4548022598870056,0.17796610169491525,0.07627118644067797,0.01977401129943503,0.8813559322033898,0.807909604519774,0.7288135593220338,0.652542372881356,0.5734463276836158
donchian_80,H4,short,72,347,3.167644733065422,5.362395476019895,8.61054506333261,10.745757439705706,4.584481534988995,7.333435741034455,10.08536336409847,22.0,49.5,-1.7988428631968834,-1.9545798671360761,0.6570605187319885,0.5331412103746398,0.2737752161383285,0.11239193083573487,0.0345821325648415,0.930835734870317,0.8818443804034583,0.829971181556196,0.7694524495677233,0.7031700288184438
donchian_80,H4,short,120,345,3.6340928388841816,7.430601431207699,11.075937123032887,12.671835665420948,6.419402912960737,10.20001690286691,16.231385630633472,26.0,81.0,-3.2094470743526275,-2.8813190493179426,0.6927536231884058,0.5739130434782609,0.34782608695652173,0.22608695652173913,0.07536231884057971,0.9478260869565217,0.9217391304347826,0.8898550724637682,0.8463768115942029,0.8
donchian_80,H4,short,240,341,4.772761070858872,10.451904055758684,15.391372805058873,18.16479569674028,8.778123365439273,16.120818699703626,23.477281642072086,44.0,144.0,-3.3808607365930654,-2.013397815818821,0.750733137829912,0.6480938416422287,0.47214076246334313,0.34017595307917886,0.19648093841642228,0.9648093841642229,0.9384164222873901,0.9208211143695014,0.8944281524926686,0.8563049853372434
ema_30_100,H1,long,24,358,2.2430496963561857,4.021973523809367,5.837426738564964,7.146472218695275,2.0950672188738317,3.4400862410644177,5.44344530779269,12.0,21.0,0.30245041981793896,0.31182059310438986,0.5279329608938548,0.37988826815642457,0.15083798882681565,0.03910614525139665,0.002793296089385475,0.7318435754189944,0.6061452513966481,0.5111731843575419,0.4329608938547486,0.31843575418994413
ema_30_100,H1,long,48,358,3.6875821670265303,6.224766606092793,9.2136480328585,10.886300043859434,2.861619029995084,5.0231573895264106,8.05065973999474,27.0,43.0,0.8639304907017776,0.8138276457077904,0.7067039106145251,0.5782122905027933,0.33798882681564246,0.14804469273743018,0.025139664804469275,0.7988826815642458,0.7011173184357542,0.6368715083798883,0.5558659217877095,0.4720670391061452
ema_30_100,H1,long,72,358,4.510430977847552,7.692646504358908,11.24643899801321,13.445708652128477,3.5164623341803027,6.059383754496176,9.487951421054232,42.0,62.0,1.2429816152251434,0.8091840271347857,0.7737430167597765,0.664804469273743,0.4581005586592179,0.2122905027932961,0.08100558659217877,0.8463687150837989,0.770949720670391,0.7094972067039106,0.6452513966480447,0.5614525139664804
ema_30_100,H1,long,120,357,5.862480654641412,10.529601021126755,14.98821071040479,18.301673252785136,4.319232301351752,7.8429310917129555,12.113171067200982,64.0,107.0,1.4818353480067525,0.9702431329689104,0.8403361344537815,0.7563025210084033,0.5798319327731093,0.36694677871148457,0.17647058823529413,0.8935574229691877,0.8263305322128851,0.7591036414565826,0.6946778711484594,0.6386554621848739
ema_30_100,H1,long,240,357,9.002939250575508,15.882698951585716,22.371116206269534,28.932976306212847,5.917815539753749,11.439942469237351,18.09162243110662,135.0,205.0,2.4078828672299593,1.4006721525092662,0.8907563025210085,0.834733893557423,0.7086834733893558,0.5518207282913166,0.38935574229691877,0.9215686274509803,0.8795518207282913,0.834733893557423,0.7871148459383753,0.7394957983193278
ema_30_100,H1,long,480,354,12.480505909341304,21.7823986115161,37.59675863953361,51.77131057109923,8.81476648882083,15.629748981489172,22.779319098289772,261.0,402.75,5.046716239098089,1.506614724957463,0.9293785310734464,0.8870056497175142,0.8135593220338984,0.6779661016949152,0.5254237288135594,0.9350282485875706,0.8926553672316384,0.8531073446327684,0.8220338983050848,0.7853107344632768
ema_30_100,H1,short,24,359,1.8421904106423532,3.4832654679752184,5.859333023925877,7.205402585772895,2.221136962409341,3.7837663796341525,5.638731547506309,10.0,17.5,-0.3633303278105569,-0.5903947128859356,0.4735376044568245,0.298050139275766,0.15598885793871867,0.03064066852367688,0.008356545961002786,0.7632311977715878,0.6657381615598886,0.5459610027855153,0.45125348189415043,0.3649025069637883
ema_30_100,H1,short,48,358,2.7071911115858143,5.06395937732404,7.476652494675776,8.580538616090363,3.2100317831463387,5.511324385599731,8.981946702464889,18.0,37.75,-0.7075522708844134,-0.5407861192375236,0.6089385474860335,0.46089385474860334,0.25139664804469275,0.07262569832402235,0.019553072625698324,0.8268156424581006,0.7541899441340782,0.6731843575418994,0.5977653631284916,0.5279329608938548
ema_30_100,H1,short,72,358,3.279978326236277,6.184346787790018,8.788275843803813,11.117834891519356,3.947215701396731,7.179627635338086,12.0506824350389,29.0,58.0,-1.078575328644866,-0.9155765691964951,0.6703910614525139,0.5335195530726257,0.3463687150837989,0.14804469273743018,0.036312849162011177,0.8547486033519553,0.8072625698324022,0.7430167597765364,0.6871508379888268,0.61731843575419
ema_30_100,H1,short,120,358,4.2750342778849415,8.542814962534571,12.340778912345984,16.097621123701177,5.646271726378476,11.109240601690114,15.559323003873105,49.0,92.5,-1.1267842395737206,-1.3273280171442132,0.7178770949720671,0.611731843575419,0.44692737430167595,0.276536312849162,0.11173184357541899,0.8798882681564246,0.8435754189944135,0.7877094972067039,0.7458100558659218,0.6983240223463687
ema_30_100,H1,short,240,358,6.041556775186663,11.298383528857766,17.56317965281773,22.857857427485513,7.96984970710125,15.013163210077606,21.851453055296783,95.5,186.75,-2.328256848180976,-1.9910387672690133,0.7960893854748603,0.7094972067039106,0.5893854748603352,0.40782122905027934,0.22625698324022347,0.9078212290502793,0.8770949720670391,0.835195530726257,0.8016759776536313,0.7737430167597765
ema_30_100,H1,short,480,355,8.960217088911923,15.24535795216774,24.57664907685304,29.901452805860576,12.394046962371316,20.835308866428154,34.80036794508046,178.0,347.5,-4.294480905270925,-2.4316076649092797,0.8422535211267606,0.7774647887323943,0.7070422535211267,0.543661971830986,0.3352112676056338,0.9380281690140845,0.9183098591549296,0.8873239436619719,0.8760563380281691,0.847887323943662
ema_30_100,H4,long,12,96,1.6315741841324678,2.781597535423511,4.118165778350764,4.650097225647961,1.8496617357635161,2.660212149907533,3.9644260500309345,6.0,10.0,-0.1280332017435273,-0.17790895594752268,0.4166666666666667,0.21875,0.052083333333333336,0.010416666666666666,0.0,0.6875,0.5625,0.4479166666666667,0.3020833333333333,0.19791666666666666
ema_30_100,H4,long,24,96,2.3185148808375393,3.88299905962562,5.30843263993281,6.336962598438923,2.2798936296697496,3.8733337533544647,6.2768262194689415,10.5,18.0,-0.08302398243610076,-0.48606707599847193,0.5208333333333334,0.4270833333333333,0.11458333333333333,0.03125,0.010416666666666666,0.84375,0.7291666666666666,0.5833333333333334,0.4895833333333333,0.40625
ema_30_100,H4,long,48,96,3.317843849307617,6.499469599348981,9.783451606195083,11.855983369599882,3.055534772456221,6.187658024658409,7.711032474102019,28.5,42.0,0.4500424197500634,0.015762760336007084,0.6875,0.5208333333333334,0.3125,0.125,0.052083333333333336,0.8958333333333334,0.8125,0.6979166666666666,0.5625,0.5104166666666666
ema_30_100,H4,long,72,96,3.7577956827446326,7.598690463200224,12.302874696204762,18.35383819509366,3.5215593924574833,6.7245751125114825,8.960148793044453,41.0,63.0,0.8690651417174834,0.1801445225549049,0.7291666666666666,0.625,0.34375,0.22916666666666666,0.10416666666666667,0.90625,0.8541666666666666,0.7395833333333334,0.6458333333333334,0.6041666666666666
ema_30_100,H4,long,120,96,4.893440959100375,9.921542281496196,17.9626719515526,27.196973131760082,4.595178477102536,8.167311309901747,11.63702544567592,63.0,100.5,1.7865546189524801,0.12657863589573,0.7708333333333334,0.71875,0.4791666666666667,0.375,0.1875,0.9166666666666666,0.875,0.78125,0.71875,0.6875
ema_30_100,H4,long,240,95,8.709627775475164,18.896550942632018,32.200685237814675,39.79981987969371,6.8155592828309235,11.36126949185645,18.650445908000467,119.0,224.5,5.797256416513853,2.853498482315569,0.8526315789473684,0.8105263157894737,0.6631578947368421,0.5684210526315789,0.3684210526315789,0.9368421052631579,0.9052631578947369,0.8210526315789474,0.7894736842105263,0.7684210526315789
ema_30_100,H4,short,12,97,1.8098111744550893,2.6844420360978685,4.156623109836386,4.806405466516968,1.142535623816864,2.022565569506207,3.683919526547368,7.0,10.0,0.28575043298403635,0.354944481060708,0.4536082474226804,0.17525773195876287,0.05154639175257732,0.020618556701030927,0.0,0.5670103092783505,0.35051546391752575,0.25773195876288657,0.17525773195876287,0.14432989690721648
ema_30_100,H4,short,24,97,2.2926186754253473,4.000206747752198,5.8935524845307565,9.914259910799107,1.8828922944942499,3.35606643049194,6.005362566290398,11.0,18.0,0.0688585792952849,-0.25567894921154893,0.5876288659793815,0.36082474226804123,0.13402061855670103,0.061855670103092786,0.020618556701030927,0.7628865979381443,0.5979381443298969,0.4639175257731959,0.3917525773195876,0.35051546391752575
ema_30_100,H4,short,48,97,2.9772825370002023,5.193871056830484,8.034374673585548,11.04598682249044,3.026069348360291,4.365765037327193,7.23611285172474,19.0,37.0,-0.33958015999521624,-0.4336971072956767,0.6804123711340206,0.4845360824742268,0.25773195876288657,0.10309278350515463,0.030927835051546393,0.8350515463917526,0.711340206185567,0.6288659793814433,0.5670103092783505,0.5051546391752577
ema_30_100,H4,short,72,97,3.582338665257395,5.999699201097867,9.66677882316733,12.74474719022441,3.580460144719768,6.491852556395733,11.094714550343081,26.0,51.0,-0.811369416640614,-0.04565390292221377,0.7319587628865979,0.5670103092783505,0.36082474226804123,0.17525773195876287,0.061855670103092786,0.8762886597938144,0.7835051546391752,0.711340206185567,0.6701030927835051,0.5979381443298969
ema_30_100,H4,short,120,97,4.583347601981625,8.27343476148815,13.080239658715302,16.447464463072137,5.255943311576454,8.412704256424936,15.793039146632081,43.0,98.0,-1.3514672766255353,-0.8048201059106886,0.8041237113402062,0.6701030927835051,0.4329896907216495,0.26804123711340205,0.12371134020618557,0.8969072164948454,0.845360824742268,0.7835051546391752,0.7319587628865979,0.6701030927835051
ema_30_100,H4,short,240,96,5.634832245034646,10.430037717138838,17.487727364702334,20.35545841686377,8.210732929122852,15.840190544961969,27.17423659695377,93.5,167.25,-4.069377438078068,-2.2290050283218976,0.84375,0.7604166666666666,0.53125,0.4166666666666667,0.19791666666666666,0.9270833333333334,0.90625,0.875,0.8333333333333334,0.7916666666666666
ema_50_100,H1,long,24,279,2.194095760591565,3.774990322494657,6.116886175244794,6.9829869068089385,2.1849337778591553,3.7567601343967576,5.295233581657601,13.0,21.0,0.25787229142136553,0.201294008588309,0.5376344086021505,0.3727598566308244,0.16129032258064516,0.02867383512544803,0.0,0.7670250896057348,0.6344086021505376,0.5340501792114696,0.43010752688172044,0.34050179211469533
ema_50_100,H1,long,48,279,3.558092677103883,5.994731868615974,9.036764710049349,10.011651709045834,2.8226917197999084,5.004709047042149,8.188078179663037,27.0,42.0,0.6147296051390636,0.7814122259017238,0.7275985663082437,0.5985663082437276,0.3333333333333333,0.13620071684587814,0.017921146953405017,0.8494623655913979,0.7562724014336918,0.6559139784946236,0.5627240143369175,0.4874551971326165
ema_50_100,H1,long,72,279,4.270881258050565,7.494669038759933,11.17670338475016,12.366191247406709,3.5851679043053535,6.395545679517129,9.522421358252885,41.0,62.5,0.7232486600282999,0.8404567250634749,0.7849462365591398,0.6738351254480287,0.4336917562724014,0.21505376344086022,0.06451612903225806,0.9032258064516129,0.8207885304659498,0.7419354838709677,0.6523297491039427,0.5806451612903226
ema_50_100,H1,long,120,278,6.063759624909876,9.974468142147675,13.442100646131596,17.323614581855896,4.321731533806718,8.129048747777395,13.046472615702216,63.5,101.75,0.7470893789277011,0.7035823009915645,0.8273381294964028,0.7517985611510791,0.5863309352517986,0.3669064748201439,0.1474820143884892,0.920863309352518,0.8561151079136691,0.7949640287769785,0.7230215827338129,0.6618705035971223
ema_50_100,H1,long,240,278,8.907320853549383,14.759875626408137,21.682827843064807,27.870125972091074,5.719230182174936,11.069276281513982,19.88237359332466,120.5,203.0,1.6868178729138144,1.1615472198114012,0.8812949640287769,0.8201438848920863,0.7158273381294964,0.5683453237410072,0.34172661870503596,0.9532374100719424,0.9100719424460432,0.8741007194244604,0.8273381294964028,0.7841726618705036
ema_50_100,H1,long,480,275,12.812699663017295,20.66841468123551,33.42911135421347,44.64383586022645,8.804887211341383,16.584928899148537,24.706661004977743,256.0,403.5,4.021598417173862,1.532269947018154,0.9090909090909091,0.8690909090909091,0.8036363636363636,0.6945454545454546,0.5272727272727272,0.9636363636363636,0.9127272727272727,0.8836363636363637,0.8472727272727273,0.8072727272727273
ema_50_100,H1,short,24,280,1.8124480863098382,3.479251579381515,5.546265772619373,7.239901097118794,2.307542301109723,3.654047313886441,5.425070063069501,10.0,17.0,-0.32024210453388774,-0.5151034283228648,0.45714285714285713,0.3107142857142857,0.12142857142857143,0.04642857142857143,0.02142857142857143,0.7678571428571429,0.675,0.5571428571428572,0.44285714285714284,0.35
ema_50_100,H1,short,48,279,2.7902830987750287,4.703406507869076,7.631134025804242,10.460344375096517,3.091290407028557,5.313360725666486,8.746911337021777,19.0,37.5,-0.5737330398176405,-0.886835640380911,0.6200716845878136,0.48028673835125446,0.21863799283154123,0.0967741935483871,0.03225806451612903,0.8566308243727598,0.7849462365591398,0.6953405017921147,0.6057347670250897,0.5197132616487455
ema_50_100,H1,short,72,279,3.474669432527224,6.254903126570271,10.363671901528228,12.81123952174531,4.2865434312368516,6.8740409255652875,11.352563585826402,32.0,60.0,-0.6242059324882576,-0.7447135390791989,0.6738351254480287,0.5591397849462365,0.3225806451612903,0.17921146953405018,0.06810035842293907,0.8853046594982079,0.8279569892473119,0.7634408602150538,0.6845878136200717,0.6200716845878136
ema_50_100,H1,short,120,279,4.465780472809029,8.90599245738677,13.372930215186537,19.60728029284858,5.170102999689575,9.986610095978776,15.409284298993695,52.0,93.0,-0.4998988280811466,-1.2424748630712878,0.7311827956989247,0.6344086021505376,0.44086021505376344,0.27956989247311825,0.14336917562724014,0.9032258064516129,0.8602150537634409,0.7992831541218638,0.7311827956989247,0.6881720430107527
ema_50_100,H1,short,240,279,5.950791427812493,12.115496590439088,18.35583501534349,24.825967520658907,7.499759669873831,13.91535772256156,20.843014663569466,92.0,185.5,-1.7664494878740784,-1.2724564648833068,0.8028673835125448,0.7311827956989247,0.5734767025089605,0.4229390681003584,0.25448028673835127,0.9283154121863799,0.8924731182795699,0.8494623655913979,0.7921146953405018,0.7562724014336918
ema_50_100,H1,short,480,276,9.092815385843277,15.575052476341302,24.616541758067044,34.162590472718975,12.073235962087754,19.09106504078062,31.76219861686957,182.0,374.5,-3.419544797843352,-1.4305072753075325,0.8586956521739131,0.8152173913043478,0.6956521739130435,0.5652173913043478,0.358695652173913,0.9456521739130435,0.9202898550724637,0.894927536231884,0.8623188405797102,0.8405797101449275
ema_50_100,H4,long,12,71,1.3175177920203265,2.283970079032675,3.303196290458683,4.785830469689374,1.7086814594648891,2.8533090180738165,3.691733902019094,6.0,10.0,-0.33698954762402905,-0.7042186236202107,0.352112676056338,0.14084507042253522,0.056338028169014086,0.014084507042253521,0.0,0.8028169014084507,0.6056338028169014,0.4788732394366197,0.29577464788732394,0.22535211267605634
ema_50_100,H4,long,24,71,2.086006747186099,3.567875462075988,6.248941969632024,9.802629784154902,3.026407247869143,3.906856812096497,5.509550450373953,11.0,20.0,0.03227014664950358,-0.1551500738838371,0.5070422535211268,0.352112676056338,0.14084507042253522,0.07042253521126761,0.028169014084507043,0.8450704225352113,0.7323943661971831,0.676056338028169,0.5492957746478874,0.5070422535211268
ema_50_100,H4,long,48,71,3.062132767503278,6.505893483187943,8.72227513068804,13.857260190042638,3.3588929770254787,6.1427754390767095,9.073306650031643,24.0,40.0,-0.11256544920460788,0.008733558498859949,0.6619718309859155,0.5211267605633803,0.30985915492957744,0.18309859154929578,0.08450704225352113,0.8732394366197183,0.7746478873239436,0.7183098591549296,0.6197183098591549,0.5915492957746479
ema_50_100,H4,long,72,71,3.5979250029386605,7.942882390039057,15.550974263084164,19.761371987213145,4.076957455595961,7.442815529155363,11.244707492465793,32.0,58.0,0.7171035275429607,-0.4378390632500638,0.6901408450704225,0.5915492957746479,0.36619718309859156,0.23943661971830985,0.14084507042253522,0.8873239436619719,0.8028169014084507,0.7323943661971831,0.647887323943662,0.6197183098591549
ema_50_100,H4,long,120,71,5.101126696984333,9.817936795701037,18.84748973552167,26.541768828781173,5.058847073501985,8.898666083260027,15.741443766789368,57.0,105.5,1.3407711270263099,-0.5235387470330188,0.7605633802816901,0.6901408450704225,0.5070422535211268,0.352112676056338,0.16901408450704225,0.9014084507042254,0.8169014084507042,0.7746478873239436,0.7183098591549296,0.676056338028169
ema_50_100,H4,long,240,70,8.683706419272092,18.820708761818537,30.214872199447495,41.54653624226346,7.087354520385713,12.324986269198867,19.04614028410389,131.0,217.25,5.095556144911021,2.5853478635862692,0.8285714285714286,0.8,0.6285714285714286,0.5428571428571428,0.4142857142857143,0.9,0.8428571428571429,0.8142857142857143,0.7714285714285715,0.7571428571428571
ema_50_100,H4,short,12,72,2.38807608854144,3.6900843195531787,4.857494230514836,7.923195785834168,0.8235228624018827,2.1420512812165384,3.2440135820663456,6.0,10.25,0.6540110051333978,0.4212973422901814,0.5972222222222222,0.3611111111111111,0.09722222222222222,0.05555555555555555,0.0,0.4444444444444444,0.3194444444444444,0.2638888888888889,0.18055555555555555,0.1111111111111111
ema_50_100,H4,short,24,72,2.905261681406688,4.811333092700577,7.7877002487949865,11.424139954991487,1.6277030484645711,3.36559788624689,4.229940023195636,13.5,19.0,0.7816832217802584,0.8291380490496474,0.6666666666666666,0.4583333333333333,0.18055555555555555,0.09722222222222222,0.027777777777777776,0.6527777777777778,0.5,0.4583333333333333,0.3888888888888889,0.3055555555555556
ema_50_100,H4,short,48,72,4.12214914562877,5.335830304438803,9.427225165368087,11.6727980597141,2.6411664161878328,4.259872996252821,6.259550941749628,19.0,36.0,0.2808192288618249,-0.35406871711751153,0.75,0.6666666666666666,0.3472222222222222,0.125,0.041666666666666664,0.7916666666666666,0.6666666666666666,0.6111111111111112,0.5416666666666666,0.4444444444444444
ema_50_100,H4,short,72,72,4.937823902690897,7.336321615888517,11.208004895768553,13.815378488157073,3.7441920908220085,5.3731754672198235,7.903683684304614,26.5,55.0,-0.16716852792687675,1.115773915551862,0.7916666666666666,0.7222222222222222,0.4861111111111111,0.19444444444444445,0.08333333333333333,0.8333333333333334,0.7361111111111112,0.6944444444444444,0.6388888888888888,0.5416666666666666
ema_50_100,H4,short,120,72,5.187372595671798,9.72445166069648,14.982543204550065,17.68541834987537,4.446003142670509,7.770156465167115,12.609238712583895,36.5,93.75,-0.9315499154342921,-0.8011903743450576,0.8333333333333334,0.7361111111111112,0.5555555555555556,0.3194444444444444,0.1388888888888889,0.875,0.8055555555555556,0.7777777777777778,0.7222222222222222,0.6388888888888888
ema_50_100,H4,short,240,71,6.410557456573081,11.524166192053816,17.625443414178125,20.700294307510532,7.173154735942432,15.849626137678689,24.952924122004355,88.0,148.5,-3.022432922904171,0.11807754452137624,0.8732394366197183,0.8169014084507042,0.6197183098591549,0.4225352112676056,0.23943661971830985,0.9014084507042254,0.8873239436619719,0.8591549295774648,0.8450704225352113,0.7746478873239436
ema_50_150,H1,long,24,231,2.095901598529429,3.6960038102381776,5.77495991809367,6.839242367799469,2.0804922677958566,3.4384868312566716,5.331112373660044,12.0,20.0,0.2932739759552202,0.18742907127209574,0.5194805194805194,0.39826839826839827,0.1471861471861472,0.030303030303030304,0.0,0.7142857142857143,0.5974025974025974,0.5064935064935064,0.39826839826839827,0.30303030303030304
ema_50_150,H1,long,48,231,3.6925766583949136,6.052505472180335,8.705453438773285,10.302841493010128,3.0599550800710973,5.192088084204755,6.9576747284290565,26.0,42.0,0.8156211845576906,0.5490960338368851,0.7012987012987013,0.5800865800865801,0.341991341991342,0.12987012987012986,0.030303030303030304,0.7835497835497836,0.7056277056277056,0.6493506493506493,0.5757575757575758,0.5064935064935064
ema_50_150,H1,long,72,231,4.54822041470291,7.315501143838308,11.193974926291064,13.524728641693393,3.7062280722992975,5.983009926598894,9.519467371924138,41.0,62.0,0.8331449751458798,0.5312366690452601,0.7662337662337663,0.6536796536796536,0.4458874458874459,0.20346320346320346,0.06926406926406926,0.8398268398268398,0.7792207792207793,0.7272727272727273,0.6493506493506493,0.5974025974025974
ema_50_150,H1,long,120,230,5.660958250873046,10.563167824380203,14.048879803158012,16.721744675935295,4.660389469066107,8.031176436515109,11.69946249305149,62.0,101.0,1.2010718812803738,0.5717762185709698,0.8391304347826087,0.7521739130434782,0.5521739130434783,0.3695652173913043,0.16521739130434782,0.8826086956521739,0.8260869565217391,0.7869565217391304,0.7260869565217392,0.6608695652173913
ema_50_150,H1,long,240,230,8.990062905489784,16.05254640243478,21.409577958458797,28.99163611653063,5.83630196566528,11.538133010145028,16.869620477332077,134.5,206.0,2.1290677016868873,1.156512440279196,0.8956521739130435,0.8130434782608695,0.691304347826087,0.5478260869565217,0.34782608695652173,0.9173913043478261,0.8782608695652174,0.8521739130434782,0.8043478260869565,0.7652173913043478
ema_50_150,H1,long,480,230,11.775450586709624,23.022211289012724,36.13714985999214,51.062721776842075,8.803662810626037,15.31474690319957,23.720137881290654,272.0,395.75,4.5718736337093775,1.0762142697778305,0.9304347826086956,0.8739130434782608,0.7913043478260869,0.6608695652173913,0.49130434782608695,0.9260869565217391,0.8913043478260869,0.8695652173913043,0.8347826086956521,0.8
ema_50_150,H1,short,24,232,2.1906110404902144,3.9155410380425257,5.775874811988605,6.537648614251149,2.378546803889141,3.783266994765804,5.110460074576464,10.5,20.0,-0.09850092865689408,-0.25123333361981015,0.5387931034482759,0.3448275862068966,0.1724137931034483,0.034482758620689655,0.004310344827586207,0.7629310344827587,0.6637931034482759,0.5689655172413793,0.4870689655172414,0.35344827586206895
ema_50_150,H1,short,48,231,2.91622004128123,5.183238914110173,7.276082799643948,9.826882005464892,3.1526599540341467,5.24642930485841,8.357396871238086,20.0,36.0,-0.5138680298267073,-0.8318096860168682,0.670995670995671,0.48484848484848486,0.2683982683982684,0.07792207792207792,0.025974025974025976,0.8658008658008658,0.7835497835497836,0.70995670995671,0.6363636363636364,0.5324675324675324
ema_50_150,H1,short,72,231,3.60508747086047,6.664936737147918,10.198212385656642,12.527539734184337,3.943291005555908,6.919221212916895,10.860084509962034,31.0,60.0,-0.4009645788968243,-0.4665554547116066,0.7229437229437229,0.5800865800865801,0.37662337662337664,0.1774891774891775,0.06493506493506493,0.8961038961038961,0.8484848484848485,0.7662337662337663,0.7229437229437229,0.6320346320346321
ema_50_150,H1,short,120,231,4.485082066223796,8.709434480003216,13.673638371473382,16.614425101244024,5.049065563778199,9.575440271901911,14.6701863998243,51.0,94.0,-0.44988372195284665,-0.6788705018573488,0.7835497835497836,0.6406926406926406,0.47186147186147187,0.2943722943722944,0.15151515151515152,0.9264069264069265,0.8831168831168831,0.8268398268398268,0.7748917748917749,0.7056277056277056
ema_50_150,H1,short,240,231,6.590768059422657,11.509495994082535,17.88149847663116,24.720868508990602,6.886839417068736,14.125899332415504,21.48326520890511,89.0,183.5,-1.8012085480810691,-1.2272819831437454,0.8095238095238095,0.7445887445887446,0.6190476190476191,0.4069264069264069,0.23376623376623376,0.948051948051948,0.9134199134199135,0.8787878787878788,0.8441558441558441,0.7922077922077922
ema_50_150,H1,short,480,231,9.389054147797758,16.139776764221526,26.949947497534687,34.20614837308102,11.431432106410519,19.951443068836294,33.55592633677498,184.0,379.0,-3.664887617380322,-1.9799670783084824,0.8614718614718615,0.8181818181818182,0.70995670995671,0.5541125541125541,0.3722943722943723,0.9567099567099567,0.948051948051948,0.9264069264069265,0.9047619047619048,0.8787878787878788
ema_50_150,H4,long,12,59,1.8635836215104886,3.1766694539455127,4.32196710786872,4.919843403429964,1.6001650147402329,3.0071885015162207,4.192874360568253,6.0,10.0,0.13444758769202234,-0.06793694513878712,0.4406779661016949,0.2711864406779661,0.05084745762711865,0.0,0.0,0.6610169491525424,0.5423728813559322,0.3559322033898305,0.3389830508474576,0.2542372881355932
ema_50_150,H4,long,24,59,2.4176541783556282,4.447681336919436,7.062287299611752,8.550288312113738,1.7707217491706315,4.214824798485781,5.683626972966799,13.0,19.0,0.4574232443299859,0.11091888025706467,0.6101694915254238,0.423728813559322,0.22033898305084745,0.0847457627118644,0.01694915254237288,0.7627118644067796,0.6101694915254238,0.4915254237288136,0.4576271186440678,0.3728813559322034
ema_50_150,H4,long,48,59,3.4500602125792126,6.251910947041886,9.675123989169348,14.461153092729969,2.9581603650116595,6.336664579242544,8.889037350029495,23.0,35.0,0.11576371241777482,0.19135341032101646,0.7288135593220338,0.5423728813559322,0.3389830508474576,0.2033898305084746,0.0847457627118644,0.8305084745762712,0.7288135593220338,0.6271186440677966,0.576271186440678,0.4915254237288136
ema_50_150,H4,long,72,59,4.244366139267687,7.424241140175756,17.251174298865354,21.734208420890102,3.518885310610203,6.795224653099328,9.63838318718561,34.0,58.5,1.035126919123335,0.41611439932145544,0.7627118644067796,0.6101694915254238,0.423728813559322,0.22033898305084745,0.15254237288135594,0.847457627118644,0.7796610169491526,0.6610169491525424,0.6610169491525424,0.576271186440678
ema_50_150,H4,long,120,59,6.337943736794725,10.824883327706136,22.16541350796023,29.01010381850312,4.396090785940839,8.479563342706362,16.856701996286255,63.0,109.5,2.8092419505689747,1.728730926608448,0.7966101694915254,0.6949152542372882,0.576271186440678,0.4067796610169492,0.2033898305084746,0.864406779661017,0.7796610169491526,0.6779661016949152,0.6779661016949152,0.6440677966101694
ema_50_150,H4,long,240,59,10.1617261877624,20.08194796130251,33.15020846900384,36.62887287938399,6.672055274720543,12.022367724297258,19.9998612024833,177.0,216.0,7.057640500449326,6.196540525482166,0.8813559322033898,0.8135593220338984,0.7288135593220338,0.6271186440677966,0.4406779661016949,0.8813559322033898,0.847457627118644,0.7457627118644068,0.7457627118644068,0.711864406779661
ema_50_150,H4,short,12,60,1.797982772692836,3.136258878495092,5.649948434471523,7.541423948879189,1.1524286371535015,2.702132363558954,3.814417164455171,6.0,10.0,0.21161532869715727,0.08240803972538244,0.43333333333333335,0.2833333333333333,0.11666666666666667,0.03333333333333333,0.0,0.55,0.43333333333333335,0.36666666666666664,0.31666666666666665,0.23333333333333334
ema_50_150,H4,short,24,60,2.808801848998888,4.350888516350713,7.883489835823287,11.794683487227887,1.9348733027738225,3.444530806592163,5.123565821887136,11.0,18.25,0.6311942563105993,0.28603940845775117,0.5666666666666667,0.45,0.23333333333333334,0.1,0.05,0.65,0.55,0.5,0.43333333333333335,0.38333333333333336
ema_50_150,H4,short,48,60,3.38395809348759,5.586919512641571,7.912200552575846,12.197436419030506,3.2509192773305626,5.05897612135093,6.182598159736662,17.0,32.75,0.038425824000040604,-0.5622777024518315,0.6333333333333333,0.5333333333333333,0.2833333333333333,0.1,0.06666666666666667,0.75,0.6666666666666666,0.6166666666666667,0.5833333333333334,0.55
ema_50_150,H4,short,72,60,4.364787911776478,6.616597643981123,9.582837876405447,13.99235606874494,4.077519229799082,6.196547067711952,9.520753231760219,23.0,54.0,-0.9019714042155547,-0.41588772877291763,0.7166666666666667,0.6166666666666667,0.43333333333333335,0.15,0.06666666666666667,0.7833333333333333,0.7166666666666667,0.6833333333333333,0.65,0.6333333333333333
ema_50_150,H4,short,120,60,4.939633507684709,8.782592993053065,14.236621870570028,16.357473443502414,5.268274180578407,8.947612644347709,15.65413307016978,31.0,85.25,-2.38072029967014,-1.6165892472910868,0.7333333333333333,0.6333333333333333,0.5,0.3,0.11666666666666667,0.8833333333333333,0.8166666666666667,0.7666666666666667,0.75,0.7166666666666667
ema_50_150,H4,short,240,60,6.278903169616384,11.280733605834453,16.348369320344187,20.214623449539797,8.258145698245295,17.817076329692398,27.65341289738283,72.5,154.5,-4.316792495631719,-1.6207372740138108,0.8166666666666667,0.7,0.6,0.4,0.21666666666666667,0.9333333333333333,0.9,0.8833333333333333,0.85,0.8333333333333334
ema_50_200,H1,long,24,200,2.1499850435617183,3.7870210764879824,5.935900478251384,7.7886775561775945,2.2760018897913046,3.6489320855957166,5.353907351506096,12.0,19.0,0.1722833290141091,0.00477231316328941,0.545,0.365,0.17,0.05,0.0,0.73,0.605,0.555,0.43,0.345
ema_50_200,H1,long,48,200,3.448636611737649,5.864318804268661,9.024459717902223,10.734102882993943,3.0415480033798783,5.356390022092541,8.174135791479983,25.5,42.25,0.5131955044242824,0.2695609695920959,0.68,0.54,0.34,0.15,0.03,0.785,0.675,0.635,0.565,0.505
ema_50_200,H1,long,72,200,4.247530304964009,7.404537318041885,11.117275355770783,12.102857408000382,3.8433018602947637,6.798678077825185,10.685370219123481,40.0,63.0,0.4970824911639999,0.1550667218218529,0.745,0.61,0.45,0.215,0.055,0.865,0.77,0.74,0.665,0.605
ema_50_200,H1,long,120,199,5.6697093022714,10.16013856180944,13.492860006474707,17.182430373325236,4.677861895712666,8.531057249731607,11.94894785983368,59.0,94.5,0.8482954410354767,0.4035553160077638,0.8040201005025126,0.6884422110552764,0.5477386934673367,0.34673366834170855,0.1708542713567839,0.8944723618090452,0.8140703517587939,0.7889447236180904,0.7386934673366834,0.6884422110552764
ema_50_200,H1,long,240,199,8.961291214999362,14.646959046305092,22.420920130401914,28.23244397104777,6.44512612698291,11.749472320833338,18.70026110056117,135.0,200.5,1.3013815723881372,0.1688765127394594,0.8693467336683417,0.7788944723618091,0.6934673366834171,0.5226130653266332,0.3417085427135678,0.9296482412060302,0.8693467336683417,0.8492462311557789,0.8090452261306532,0.7839195979899497
ema_50_200,H1,long,480,199,11.54702216436817,21.226362927809294,34.89549229638131,50.394545174389016,9.959821017573072,17.315322212135253,26.708392060372308,256.0,389.0,3.1481503664574895,0.05890526019050967,0.8994974874371859,0.8442211055276382,0.7788944723618091,0.6582914572864321,0.4723618090452261,0.9346733668341709,0.8793969849246231,0.864321608040201,0.8291457286432161,0.8140703517587939
ema_50_200,H1,short,24,201,2.226168402368761,3.7477812115687783,5.38518231515886,6.226468719854157,2.17842355309675,3.373327258025023,5.072100860762112,11.0,19.0,-0.08152790239604472,-0.3120043298668341,0.5373134328358209,0.3681592039800995,0.15920398009950248,0.029850746268656716,0.004975124378109453,0.7512437810945274,0.6517412935323383,0.5422885572139303,0.4079601990049751,0.29850746268656714
ema_50_200,H1,short,48,200,3.225809139021681,5.321927504711352,7.548510690940041,10.98904731050648,3.2643063806874295,5.259257829476799,8.041230831280009,19.5,39.25,-0.2460222347825676,-0.480529627032825,0.7,0.53,0.28,0.085,0.035,0.83,0.76,0.7,0.62,0.53
ema_50_200,H1,short,72,200,3.7159208885834096,6.736574346427168,10.66234725730373,13.99437064812688,4.12561219266904,6.5236905770353175,10.39642022132212,31.5,60.0,-0.372357688209842,-0.06013616642613294,0.745,0.605,0.395,0.17,0.07,0.855,0.815,0.775,0.725,0.635
ema_50_200,H1,short,120,200,4.708614051283136,8.575736122039299,14.015685068636577,17.596975065128145,5.145662166865225,8.538215701953709,14.515809567129075,55.5,93.25,-0.4422685213141589,-1.1112132785190574,0.815,0.68,0.48,0.285,0.135,0.88,0.86,0.825,0.8,0.73
ema_50_200,H1,short,240,200,7.057003707097813,12.373629897446632,19.118562001325564,24.226120308512616,6.767527033176865,13.826166808893998,19.954830684801454,92.0,192.25,-1.1147910748916863,-1.195492527937385,0.85,0.785,0.635,0.425,0.27,0.905,0.89,0.87,0.86,0.805
ema_50_200,H1,short,480,200,9.460307962364837,17.675730193546745,26.783471321810264,32.71067951402708,10.169123058450834,19.220993561594042,33.318850175585936,196.5,388.5,-2.8902016490355504,-1.4490921107885395,0.9,0.86,0.73,0.57,0.41,0.935,0.93,0.91,0.9,0.87
ema_50_200,H4,long,12,53,1.3203806718824271,2.87526942247742,4.16280582185128,5.14689526804274,1.95783044235332,2.9687502244698543,4.483638765708233,7.0,10.0,-0.009676516545405255,-0.42564281027956347,0.39622641509433965,0.24528301886792453,0.07547169811320754,0.0,0.0,0.7358490566037735,0.6037735849056604,0.49056603773584906,0.37735849056603776,0.24528301886792453
ema_50_200,H4,long,24,53,2.019240885493334,4.784698024103555,7.509751763945892,8.459969984155462,2.6018281752722,4.910622237974426,6.715364627026336,12.0,19.0,-0.12417141796139741,0.2425857517537911,0.5094339622641509,0.37735849056603776,0.22641509433962265,0.09433962264150944,0.0,0.7924528301886793,0.660377358490566,0.6226415094339622,0.5283018867924528,0.41509433962264153
ema_50_200,H4,long,48,53,2.3251306540180994,6.507681060607014,9.599595476814104,15.193287235915514,3.267480607263589,6.516534635960771,7.769365194962006,18.0,36.0,0.21872368718748783,-1.2676728559888921,0.5660377358490566,0.4528301886792453,0.32075471698113206,0.22641509433962265,0.09433962264150944,0.8490566037735849,0.7547169811320755,0.6981132075471698,0.6226415094339622,0.5471698113207547
ema_50_200,H4,long,72,53,3.507209992702355,7.93221912766339,17.59384133654955,22.93394745367011,4.19795276154552,6.904352359880827,10.030914285621739,32.0,63.0,1.5481021142098013,0.6868810986577695,0.660377358490566,0.5283018867924528,0.39622641509433965,0.24528301886792453,0.1509433962264151,0.8490566037735849,0.7924528301886793,0.7547169811320755,0.6981132075471698,0.6415094339622641
ema_50_200,H4,long,120,53,6.620569474946976,12.018319474992436,25.257562032123918,30.749105294118444,5.054796856209956,9.511735997013758,13.412313215322307,72.0,108.0,2.9700054969687035,2.0850783815603857,0.7358490566037735,0.660377358490566,0.5660377358490566,0.39622641509433965,0.2641509433962264,0.8679245283018868,0.8113207547169812,0.7735849056603774,0.7169811320754716,0.6792452830188679
ema_50_200,H4,long,240,53,11.051803832803266,21.054401473628637,33.99174272398223,44.4340801372552,6.813018013169144,12.177319869267578,19.42056332011024,182.0,216.0,6.839658097868707,4.792799221920927,0.8490566037735849,0.7547169811320755,0.6792452830188679,0.5849056603773585,0.4716981132075472,0.8679245283018868,0.8301886792452831,0.7924528301886793,0.7735849056603774,0.7358490566037735
ema_50_200,H4,short,12,54,1.732936667289933,2.679559204493163,4.8363865502557735,5.976983522838465,1.2409098859963326,2.221638329701734,3.905923537881874,7.0,10.0,0.16242441329715276,0.2164970426583844,0.4074074074074074,0.18518518518518517,0.09259259259259259,0.018518518518518517,0.018518518518518517,0.6481481481481481,0.3888888888888889,0.2777777777777778,0.2222222222222222,0.16666666666666666
ema_50_200,H4,short,24,54,2.7269204718580258,4.660922391035162,6.4628621914196795,7.30485826557733,1.4301243370186223,3.1705646707621433,6.295274909435919,14.0,20.0,0.23274171332901575,0.3582412034294862,0.6296296296296297,0.37037037037037035,0.2037037037037037,0.037037037037037035,0.037037037037037035,0.7407407407407407,0.46296296296296297,0.42592592592592593,0.3333333333333333,0.2777777777777778
ema_50_200,H4,short,48,54,2.813911449315043,5.169131735872904,7.16519706423215,8.618812885568483,2.543907787791306,5.4892042999179935,7.966440043857092,18.5,36.5,-0.9604238540491686,-0.6923363382569209,0.6666666666666666,0.46296296296296297,0.2962962962962963,0.07407407407407407,0.037037037037037035,0.8148148148148148,0.6851851851851852,0.6666666666666666,0.5,0.48148148148148145
ema_50_200,H4,short,72,54,3.3904458903294605,6.657948048843519,8.766357816862476,11.147994068047003,3.880889378815027,6.908447436333061,11.462254413833024,19.0,48.0,-1.345771188642246,-0.8870296316971296,0.7037037037037037,0.5185185185185185,0.3333333333333333,0.1111111111111111,0.05555555555555555,0.8148148148148148,0.7222222222222222,0.7037037037037037,0.6296296296296297,0.6296296296296297
ema_50_200,H4,short,120,54,3.6617436451649805,8.504731790814638,12.19338715267421,16.803191381383954,5.719672150295446,8.909816455232345,17.893510344117864,38.5,92.0,-2.3058835708458676,-1.9938171286645718,0.7592592592592593,0.5925925925925926,0.42592592592592593,0.2777777777777778,0.1111111111111111,0.8703703703703703,0.8148148148148148,0.7962962962962963,0.7407407407407407,0.7037037037037037
ema_50_200,H4,short,240,54,5.147778208597911,11.076438950879416,16.527310532508555,21.77733685360474,7.949604417262076,18.677677712885227,28.181189135291618,83.0,166.75,-4.495102061557668,-2.1839917514032816,0.8148148148148148,0.6851851851851852,0.5185185185185185,0.3888888888888889,0.18518518518518517,0.9444444444444444,0.9074074074074074,0.9074074074074074,0.8333333333333334,0.7962962962962963
supertrend_10_2,H1,long,24,1469,2.1589244697653704,3.971430650050006,6.237076149053225,7.977344084800822,2.0803631846268074,3.779447388298597,5.887030420035771,11.0,21.0,0.21088468082172634,0.05995527086157844,0.527569775357386,0.36078965282505104,0.16473791695030632,0.049693669162695714,0.010211027910142955,0.7460857726344452,0.6249149081007488,0.517358747447243,0.41933287950987064,0.3437712729748128
supertrend_10_2,H1,long,48,1469,3.2310356627328423,6.020727396394743,9.182791668094014,11.463856327386319,2.993823791295844,5.536928565269754,8.21354527657481,24.0,42.0,0.438463243563199,0.1710333172421923,0.6643975493533015,0.5309734513274337,0.32539142273655547,0.1415929203539823,0.045609257998638526,0.8141592920353983,0.7236215112321307,0.6432947583390062,0.5663716814159292,0.4996596324029952
supertrend_10_2,H1,long,72,1468,4.146649330981406,7.648313439366474,11.595903078734258,14.282931083369634,3.8349025310289653,6.864150312372809,10.08583637609549,36.0,62.0,0.6803743592073203,0.39147802008698196,0.7247956403269755,0.6042234332425068,0.42915531335149865,0.2268392370572207,0.09264305177111716,0.8501362397820164,0.7745231607629428,0.7029972752043597,0.6389645776566758,0.5865122615803815
supertrend_10_2,H1,long,120,1467,5.688970130723884,10.183190142098859,15.001832510606175,18.9961396825534,4.810089857490543,8.569055313301604,12.749705361937773,61.0,103.0,1.1887874081362695,1.0440391871076156,0.792774369461486,0.6946148602590321,0.5528289025221541,0.3565098841172461,0.18132242672119972,0.885480572597137,0.8179959100204499,0.754601226993865,0.7007498295841854,0.6468984321745058
supertrend_10_2,H1,long,240,1465,8.262292970274244,14.77755362098635,22.4771007181666,30.3874393926023,6.51401177272888,11.706463946696202,18.46980079267055,132.0,206.0,2.102579915528778,1.1965082378466232,0.8573378839590444,0.7890784982935154,0.6819112627986348,0.5167235494880547,0.34812286689419797,0.9126279863481229,0.8668941979522184,0.8136518771331058,0.7720136518771331,0.7296928327645051
supertrend_10_2,H1,long,480,1461,12.307693234168218,22.05469843399099,38.3719056119153,48.84195140214089,9.079237672355376,16.08596617075028,25.72650283354726,263.0,415.0,4.502469959425424,2.0674384214997383,0.9110198494182067,0.8610540725530459,0.784394250513347,0.6522929500342232,0.5071868583162218,0.9336071184120466,0.9007529089664613,0.8631074606433949,0.8329911019849419,0.8001368925393566
supertrend_10_2,H1,short,24,1470,2.164857844811439,3.889847030085787,5.921175824352702,7.733324137134855,2.1921496820401147,4.04456746708944,6.628696457310382,9.0,19.0,-0.34424613247947683,-0.2652708389030065,0.5306122448979592,0.3619047619047619,0.1523809523809524,0.04353741496598639,0.010884353741496598,0.763265306122449,0.6517006802721088,0.5374149659863946,0.4414965986394558,0.3653061224489796
supertrend_10_2,H1,short,48,1469,3.1680030094352793,5.429564506105606,8.354932965656186,10.864235163916828,3.2209302055985787,6.086672145390156,9.556163202549703,21.0,39.0,-0.5963628947607164,-0.27587823891985636,0.6616746085772635,0.5234853641933288,0.29339686861810754,0.11436351259360109,0.037440435670524165,0.8345813478556842,0.7528931245745405,0.6650782845473111,0.5793056501021103,0.5187202178352621
supertrend_10_2,H1,short,72,1468,3.866416882349416,6.537593824708963,9.724210364861188,12.685066866707535,4.096217417492763,7.783409764828248,11.622740015002895,30.0,56.0,-0.7746116832892147,-0.49229618699760513,0.7159400544959128,0.5974114441416893,0.3821525885558583,0.17779291553133514,0.0681198910081744,0.8698910081743869,0.8024523160762943,0.7370572207084468,0.6689373297002725,0.6158038147138964
supertrend_10_2,H1,short,120,1467,4.783980528193413,8.3823528887282,12.857507048237004,16.367341202531332,5.712538411047943,10.241563579170663,15.66373856557006,48.0,93.0,-1.3089508583189475,-0.9598816485828268,0.7695978186775733,0.6728016359918201,0.48193592365371507,0.2719836400817996,0.12678936605316973,0.8991138377641446,0.8507157464212679,0.8050443081117927,0.7505112474437627,0.7034764826175869
supertrend_10_2,H1,short,240,1466,6.512737012091607,11.830038366666976,18.431642614626483,23.376702886179885,8.447107705481748,15.037260662154491,23.255886692317215,92.0,189.75,-2.3197042527745744,-1.3436990509408755,0.8287858117326057,0.7489768076398363,0.597544338335607,0.4147339699863574,0.24420190995907232,0.9249658935879945,0.8908594815825375,0.864256480218281,0.8260572987721692,0.7885402455661664
supertrend_10_2,H1,short,480,1461,8.962176925883135,16.17458640801547,26.51009800776151,32.564770895700924,12.426146603781058,22.6784542425735,36.55779239072611,175.0,356.0,-4.617100199385666,-2.4845285120600047,0.8733744010951403,0.8145106091718002,0.7002053388090349,0.5441478439425051,0.3723477070499658,0.9507186858316222,0.9274469541409993,0.9089664613278576,0.8809034907597536,0.8583162217659137
supertrend_10_2,H4,long,12,382,1.590630938442121,2.824687698156463,4.015820774577476,5.094175200794801,1.3505752422894177,2.392995614340194,3.932970159188993,7.0,11.0,0.2055843453335176,0.2581715247453994,0.41361256544502617,0.23298429319371727,0.05235602094240838,0.005235602094240838,0.0,0.6518324607329843,0.43455497382198954,0.31675392670157065,0.23036649214659685,0.1806282722513089
supertrend_10_2,H4,long,24,382,2.4891903986445634,4.241430549576536,5.872504240285326,7.167005342339195,1.7678018163329,3.233564367616085,5.282473476390399,14.0,21.0,0.5317758658101903,0.6138697708974459,0.581151832460733,0.42670157068062825,0.18324607329842932,0.031413612565445025,0.005235602094240838,0.7329842931937173,0.5759162303664922,0.4424083769633508,0.3507853403141361,0.28534031413612565
supertrend_10_2,H4,long,48,381,3.725947797473024,6.2221330407759305,9.513791595846117,12.157434455501505,2.438235692971254,4.881616674994409,7.182084112037062,25.0,42.0,0.8762185957429981,0.6077939868068796,0.7086614173228346,0.5590551181102362,0.3464566929133858,0.15485564304461943,0.05249343832020997,0.8083989501312336,0.6666666666666666,0.5669291338582677,0.4881889763779528,0.4304461942257218
supertrend_10_2,H4,long,72,381,4.480109702251622,7.568484117829826,13.068491765073112,16.81427269655668,2.9884206627338985,6.148713814600818,9.336476761461793,39.0,63.0,1.0212148039311075,0.4070129164935057,0.7506561679790026,0.6246719160104987,0.4304461942257218,0.22572178477690288,0.11023622047244094,0.8398950131233596,0.7427821522309711,0.6509186351706037,0.5616797900262467,0.49606299212598426
supertrend_10_2,H4,long,120,380,5.636340010260661,9.83428936180303,17.35735976406777,24.06406022330645,4.2933324244374464,7.821444330170415,12.095386534995155,64.5,103.0,1.9881110714268377,0.7887766454216757,0.8052631578947368,0.7105263157894737,0.5447368421052632,0.32894736842105265,0.2026315789473684,0.8657894736842106,0.7894736842105263,0.7052631578947368,0.6394736842105263,0.5842105263157895
supertrend_10_2,H4,long,240,377,8.807857942269269,17.76944362383931,27.463879665027157,34.31870860749559,5.801209705975607,10.726709767197294,16.761021945378857,128.0,213.0,4.458110121300795,1.9048212750279099,0.870026525198939,0.7904509283819628,0.6896551724137931,0.5225464190981433,0.35809018567639256,0.9018567639257294,0.8514588859416445,0.7904509283819628,0.7427055702917772,0.6896551724137931
supertrend_10_2,H4,short,12,383,1.3781711936852,2.51898730714012,3.8135569241789877,4.635548108116421,1.5797423252384148,2.5642339600625093,3.7385343771550277,5.0,10.0,-0.22301169217700534,-0.320643642984917,0.3524804177545692,0.195822454308094,0.0391644908616188,0.007832898172323759,0.0026109660574412533,0.6971279373368147,0.5065274151436031,0.3629242819843342,0.2584856396866841,0.18798955613577023
supertrend_10_2,H4,short,24,382,2.1187383014073378,3.6690818098748132,5.320793233203061,6.437149763716852,2.1533570901262706,3.7920993037797417,5.839750922469045,11.0,19.0,-0.2463206654860308,-0.2882110786524731,0.5340314136125655,0.33507853403141363,0.12041884816753927,0.02617801047120419,0.007853403141361256,0.7774869109947644,0.6413612565445026,0.5366492146596858,0.42670157068062825,0.3507853403141361
supertrend_10_2,H4,short,48,382,2.7944898832764284,5.114280854007536,7.858199220178025,10.592298836394354,3.1656798011435074,5.742107593577336,8.869758626195397,21.0,40.0,-0.45959593751059985,-0.3746784407997054,0.6204188481675392,0.48429319371727747,0.2591623036649215,0.09424083769633508,0.034031413612565446,0.824607329842932,0.7198952879581152,0.6544502617801047,0.5942408376963351,0.518324607329843
supertrend_10_2,H4,short,72,382,3.4334556288751816,6.29776273144956,9.51884106339676,12.372076286267902,4.073427504785375,6.657330810645802,10.968055467862976,28.0,54.0,-0.8282655454360285,-0.4509245434975818,0.6884816753926701,0.5523560209424084,0.34293193717277487,0.14921465968586387,0.05759162303664921,0.8691099476439791,0.774869109947644,0.7198952879581152,0.662303664921466,0.599476439790576
supertrend_10_2,H4,short,120,380,4.154766414669448,7.835528644313749,13.640271150537284,16.23587321754893,5.546887757945457,9.83136330498329,16.009600939305226,48.5,95.25,-1.6363336937942081,-0.6580024093985986,0.7552631578947369,0.6368421052631579,0.4473684210526316,0.23684210526315788,0.11842105263157894,0.9078947368421053,0.8263157894736842,0.7789473684210526,0.7236842105263158,0.6684210526315789
supertrend_10_2,H4,short,240,378,5.760255029558403,10.334591504423399,16.752050316421947,18.21606620387472,8.707599372025147,15.879752654448234,26.666295613624968,81.0,163.75,-3.9652799841533715,-1.777548919406593,0.8174603174603174,0.7222222222222222,0.5661375661375662,0.36243386243386244,0.21164021164021163,0.9365079365079365,0.8835978835978836,0.8492063492063492,0.8201058201058201,0.7751322751322751
supertrend_10_2.5,H1,long,24,1075,2.1309819070581995,3.776444300980856,6.384702582528198,7.960751354705057,2.191934683022663,3.7317180815866076,5.890171022387771,11.0,21.0,0.19550914216401796,0.008743241523848738,0.5237209302325582,0.33674418604651163,0.15534883720930232,0.04744186046511628,0.013023255813953489,0.7627906976744186,0.6493023255813953,0.5395348837209303,0.4288372093023256,0.33488372093023255
supertrend_10_2.5,H1,long,48,1075,3.158408354086677,5.954558690257468,9.045894351929592,11.398868451269477,3.0747690543187254,5.669305139140954,7.9407747796793995,25.0,43.0,0.4302183433157885,0.06006949514719042,0.6604651162790698,0.5144186046511627,0.3125581395348837,0.13116279069767442,0.04279069767441861,0.8288372093023256,0.747906976744186,0.6604651162790698,0.5720930232558139,0.5088372093023256
supertrend_10_2.5,H1,long,72,1075,4.067372762126566,7.567214545403958,11.457619194273002,13.93007102164651,3.8588459998594966,6.764801398384174,9.719864036191908,37.0,62.0,0.7185192338314244,0.5256083707895489,0.7255813953488373,0.6,0.4186046511627907,0.2213953488372093,0.09116279069767441,0.866046511627907,0.7990697674418604,0.7153488372093023,0.6381395348837209,0.587906976744186
supertrend_10_2.5,H1,long,120,1074,5.558516274726941,10.1470446753416,14.744519797297563,18.459526937347317,4.796420167402626,8.566332394381195,12.239887147168643,60.5,103.0,1.2567857800555118,1.0114236475922675,0.7914338919925512,0.6918063314711359,0.5363128491620112,0.3472998137802607,0.17690875232774675,0.8929236499068901,0.8389199255121043,0.7690875232774674,0.6992551210428305,0.6443202979515829
supertrend_10_2.5,H1,long,240,1073,8.193286881850485,14.74500340110595,22.343981591807445,28.940598619949768,6.813444233512971,11.470057994219557,18.043356045787544,135.0,207.0,1.9879986544206518,0.9588327562011097,0.8583410997204101,0.7912395153774464,0.6812674743709226,0.5125815470643057,0.34575955265610436,0.9151910531220876,0.8788443616029823,0.8191985088536813,0.7670083876980429,0.7250698974836906
supertrend_10_2.5,H1,long,480,1069,11.704900115682944,22.23741093098298,38.554044994260174,48.67470374841693,9.308546210972644,15.80236790818625,25.04440844648196,260.0,413.0,4.462400917230848,1.5698938368508937,0.9148737137511693,0.8559401309635173,0.774555659494855,0.6538821328344246,0.4939195509822264,0.9401309635173059,0.9111318989710009,0.8671655753040225,0.8241347053320861,0.7932647333956969
supertrend_10_2.5,H1,short,24,1076,2.1015254598648747,3.8103510609954103,5.79564176276277,7.589822863974518,2.1485063827221245,3.9748050855458903,6.521120459173044,8.0,19.0,-0.3423320647216393,-0.209604561755932,0.5130111524163569,0.36152416356877326,0.14312267657992564,0.04275092936802974,0.008364312267657992,0.7685873605947955,0.6589219330855018,0.533457249070632,0.4340148698884758,0.3587360594795539
supertrend_10_2.5,H1,short,48,1076,3.1779707734877736,5.375587940789703,8.307510972078177,10.332664487194757,3.1259809663495473,5.8156217128846786,8.895672478197962,21.0,39.0,-0.4824930102052152,-0.33781138216398693,0.6579925650557621,0.5269516728624535,0.2825278810408922,0.11059479553903345,0.026022304832713755,0.8401486988847584,0.7639405204460966,0.6635687732342007,0.5836431226765799,0.516728624535316
supertrend_10_2.5,H1,short,72,1075,3.7907730398777395,6.597469956899534,9.743058265303624,12.137002880669096,3.9267839321396503,7.563551576830191,11.578254835716418,31.0,58.0,-0.7574617647608516,-0.345127409702426,0.7162790697674418,0.5953488372093023,0.37116279069767444,0.17116279069767443,0.052093023255813956,0.8651162790697674,0.8037209302325582,0.7255813953488373,0.6651162790697674,0.6027906976744186
supertrend_10_2.5,H1,short,120,1074,4.833502026388628,8.382841501299156,12.856824294568574,16.19201249910124,5.281703379459593,10.084673501315567,14.761504528729306,49.0,95.75,-1.2057027650719154,-0.9569621320845285,0.7737430167597765,0.6778398510242085,0.4897579143389199,0.2718808193668529,0.1191806331471136,0.904096834264432,0.8594040968342644,0.8035381750465549,0.7523277467411545,0.6927374301675978
supertrend_10_2.5,H1,short,240,1074,6.533943195606232,11.700738746059136,17.976231001102732,21.927006224999815,8.472099921306743,14.689368159832242,22.8260350275667,93.0,190.0,-2.1971453345886283,-1.1715902998184662,0.8296089385474861,0.7532588454376163,0.6135940409683427,0.4143389199255121,0.23649906890130354,0.9292364990689013,0.8985102420856611,0.8640595903165735,0.8286778398510242,0.7849162011173184
supertrend_10_2.5,H1,short,480,1070,9.090205511049895,16.30990632520727,25.537727063783635,31.347117872881917,12.230243712330967,22.539618695952527,36.145487267724796,185.5,364.0,-4.255856430719266,-1.8440613679911162,0.8738317757009346,0.8214953271028037,0.7205607476635514,0.5485981308411215,0.37383177570093457,0.9551401869158879,0.9373831775700935,0.9102803738317757,0.8859813084112149,0.8598130841121495
supertrend_10_2.5,H4,long,12,285,1.6765249815432068,2.894961248798558,4.008292534822631,4.838388037661371,1.2798265773555744,2.3247573339389893,3.747298469449047,7.0,11.0,0.29965074226511795,0.4299004535404707,0.43157894736842106,0.24210526315789474,0.0456140350877193,0.007017543859649123,0.0,0.631578947368421,0.4421052631578947,0.3263157894736842,0.21754385964912282,0.14035087719298245
supertrend_10_2.5,H4,long,24,285,2.6851220528453585,4.049334252972173,5.99735843390644,7.282305698117135,1.94292488231283,3.04468656743165,4.99617458168896,14.0,21.0,0.5710975966794742,0.5605712125642128,0.6105263157894737,0.4421052631578947,0.15789473684210525,0.03859649122807018,0.014035087719298246,0.7263157894736842,0.5859649122807018,0.4807017543859649,0.3368421052631579,0.25263157894736843
supertrend_10_2.5,H4,long,48,284,3.82557456045946,6.565235533399837,9.113120000150523,11.625732690707421,2.477779117832269,4.766454459376978,7.30282688399922,24.0,42.0,0.9936387434623751,0.6928500868610374,0.721830985915493,0.5845070422535211,0.3591549295774648,0.15845070422535212,0.045774647887323945,0.8169014084507042,0.704225352112676,0.6161971830985915,0.49295774647887325,0.4014084507042254
supertrend_10_2.5,H4,long,72,284,4.593150985177706,8.154274859101479,12.06534724288327,15.90192801195446,3.003362965293473,5.8558142799816375,8.997913253530507,40.5,63.0,1.3790811725246999,0.7496081402177976,0.7570422535211268,0.6584507042253521,0.45422535211267606,0.2535211267605634,0.10915492957746478,0.8380281690140845,0.7605633802816901,0.7007042253521126,0.5809859154929577,0.5
supertrend_10_2.5,H4,long,120,283,5.881501842096668,10.033240542288379,17.273121128601357,24.777185716945326,3.912255134450686,7.32953381357091,11.480600511150024,66.0,102.0,2.318036948205497,1.0416683293940734,0.8127208480565371,0.7208480565371025,0.5512367491166078,0.3568904593639576,0.20848056537102475,0.8551236749116607,0.7915194346289752,0.734982332155477,0.6537102473498233,0.5795053003533569
supertrend_10_2.5,H4,long,240,281,9.1130852198058,18.097929610706846,26.83828321232382,34.90539215164917,5.596565290606911,10.176965192921633,15.794810240813558,134.0,212.0,4.749940574069065,2.0571052061122277,0.8754448398576512,0.800711743772242,0.697508896797153,0.5444839857651246,0.3736654804270463,0.8896797153024911,0.8398576512455516,0.7900355871886121,0.7259786476868327,0.6725978647686833
supertrend_10_2.5,H4,short,12,286,1.2866132199166316,2.4507146708294605,3.6922140812133453,4.325016079116844,1.591646596294835,2.662993264475098,4.122856223407084,5.0,10.0,-0.2983118693639597,-0.24324690277533167,0.34615384615384615,0.17482517482517482,0.024475524475524476,0.006993006993006993,0.0034965034965034965,0.6853146853146853,0.5244755244755245,0.3881118881118881,0.2727272727272727,0.2062937062937063
supertrend_10_2.5,H4,short,24,285,1.9969953035743082,3.5156317973227478,5.295885636477091,6.283674098462965,2.3163051916885915,3.882926335574616,6.445107115469879,10.0,19.0,-0.48069517789945715,-0.42447608609505433,0.49473684210526314,0.3263157894736842,0.11929824561403508,0.021052631578947368,0.007017543859649123,0.7789473684210526,0.6701754385964912,0.5824561403508772,0.47017543859649125,0.38596491228070173
supertrend_10_2.5,H4,short,48,285,2.7464414760237617,5.145032077707032,7.528256089528974,10.302748382256379,3.1056193323891415,6.150276592902598,9.122156830119803,19.0,40.0,-0.49763661716921326,-0.36636465870347384,0.6070175438596491,0.4631578947368421,0.2596491228070175,0.0912280701754386,0.028070175438596492,0.8210526315789474,0.7263157894736842,0.6596491228070176,0.5754385964912281,0.5157894736842106
supertrend_10_2.5,H4,short,72,285,3.407214444835036,5.970361483228192,8.852938650871042,11.389639532376382,3.883068116960377,7.271418032647305,10.951687347739655,29.0,55.0,-1.1856196666152776,-0.6363649383457712,0.6666666666666666,0.5403508771929825,0.3298245614035088,0.12982456140350876,0.042105263157894736,0.8596491228070176,0.7824561403508772,0.7333333333333333,0.6631578947368421,0.6105263157894737
supertrend_10_2.5,H4,short,120,284,3.9512653844157875,7.40818201192031,12.324687750322944,16.193472825950515,5.672869051185405,9.880286406220549,15.899888531594526,48.0,95.25,-1.7798370878185432,-0.7616444947486736,0.7429577464788732,0.6302816901408451,0.44366197183098594,0.2112676056338028,0.11619718309859155,0.9014084507042254,0.8380281690140845,0.7992957746478874,0.7288732394366197,0.6830985915492958
supertrend_10_2.5,H4,short,240,282,5.559841247295186,9.77489962185841,16.043607908011367,17.91146626379925,8.91284164356766,16.674512243483022,27.17545667143196,81.0,159.75,-4.098624721660715,-2.2301005488783034,0.7978723404255319,0.7056737588652482,0.5425531914893617,0.3262411347517731,0.20212765957446807,0.9468085106382979,0.8936170212765957,0.8723404255319149,0.8297872340425532,0.7801418439716312
supertrend_14_2,H1,long,24,1473,2.142672538866266,3.9319759208105887,6.166986785786772,7.905026834277029,2.072472957753354,3.7375645716679498,5.856718618471562,11.0,21.0,0.2003286844710164,0.07426316195243222,0.5227427019687713,0.35845213849287166,0.1629327902240326,0.048879837067209775,0.010183299389002037,0.7427019687712152,0.6245756958587916,0.515274949083503,0.4175152749490835,0.3394433129667346
supertrend_14_2,H1,long,48,1473,3.2296180811103987,5.969053890630999,9.170931326828557,11.319376578152498,2.9721345425939623,5.5273552318225665,8.159824214739084,24.0,43.0,0.46044453446737926,0.1672815385104292,0.6619144602851323,0.528173794976239,0.32179226069246436,0.1384928716904277,0.04276985743380855,0.814663951120163,0.7304820095044128,0.6435845213849287,0.5668703326544468,0.4983027834351663
supertrend_14_2,H1,long,72,1472,4.112837268245919,7.606908650673005,11.563514479235026,14.216334250515478,3.7956802330064363,6.83575689476171,10.025735760797808,36.0,62.0,0.7426526342437562,0.39147802008698196,0.7221467391304348,0.5985054347826086,0.42459239130434784,0.22554347826086957,0.08899456521739131,0.8498641304347826,0.779891304347826,0.703125,0.6379076086956522,0.5828804347826086
supertrend_14_2,H1,long,120,1471,5.694205179703646,10.18626332649441,14.976945074869555,18.88237195625605,4.660985822063882,8.538342490857364,12.5902930322657,62.0,104.0,1.243693688762899,1.0440391871076156,0.7906186267845003,0.6920462270564242,0.5540448674371176,0.35622025832766824,0.17471108089734874,0.8837525492861998,0.8212100611828688,0.7579877634262406,0.699524133242692,0.6444595513256288
supertrend_14_2,H1,long,240,1469,8.255566985304878,14.77755362098635,22.553234103350313,30.080181079298654,6.491516328824019,11.52035790448703,18.24439535526804,132.0,207.0,2.145287783671511,1.2144418071094,0.8570456092579987,0.7937372362151123,0.6807351940095303,0.517358747447243,0.34513274336283184,0.9135466303607896,0.8720217835262083,0.818924438393465,0.773995915588836,0.7311095983662356
supertrend_14_2,H1,long,480,1465,12.13571833604116,22.12514399313411,38.35573553842453,48.73747174482391,8.963760059551948,15.94655769820576,25.50458414253297,263.0,415.0,4.544468487993702,2.053478666428633,0.9098976109215017,0.863481228668942,0.7829351535836178,0.6525597269624573,0.5064846416382253,0.9351535836177475,0.9051194539249147,0.8675767918088737,0.8341296928327645,0.8006825938566553
supertrend_14_2,H1,short,24,1474,2.1242891643879775,3.88488734421537,5.879238952578184,7.624590692704423,2.187674919153923,4.04456746708944,6.596021876869869,8.0,19.0,-0.3508382174138219,-0.2732616393658577,0.5230664857530529,0.36295793758480327,0.15264586160108548,0.042740841248303935,0.009497964721845319,0.7666214382632293,0.6533242876526458,0.5379918588873813,0.4369063772048847,0.36024423337856176
supertrend_14_2,H1,short,48,1473,3.1826697485049547,5.38638914849493,8.267171689748032,10.791931957344515,3.203460549396357,6.067934639204711,9.434137909155451,21.0,39.0,-0.5811965389103061,-0.3088345554382895,0.659877800407332,0.5227427019687713,0.28852681602172436,0.11337406653088934,0.032586558044806514,0.8370672097759674,0.756958587915818,0.6632722335369993,0.5790902919212492,0.517990495587237
supertrend_14_2,H1,short,72,1472,3.8588202441449937,6.51091238796572,9.6710042789267,12.448881993004285,4.08996393446655,7.783409764828248,11.63247244882364,30.0,55.0,-0.809693053693769,-0.3879573220502269,0.7146739130434783,0.5957880434782609,0.3797554347826087,0.17459239130434784,0.0625,0.8702445652173914,0.8036684782608695,0.735733695652174,0.6671195652173914,0.6148097826086957
supertrend_14_2,H1,short,120,1471,4.783980528193413,8.341470699697359,12.740182577100002,16.318969675346416,5.630472140514229,10.247012097362653,15.564559941491542,47.0,93.0,-1.358923432864359,-1.1175389240791158,0.7668252889191026,0.6675730795377295,0.47926580557443915,0.2685248130523453,0.1230455472467709,0.9014276002719238,0.8552005438477226,0.8055744391570361,0.7505098572399728,0.7022433718558804
supertrend_14_2,H1,short,240,1470,6.36040450594472,11.688754677841906,18.41270355347667,23.201482663309857,8.410433664717004,15.051613746825812,23.438961992751253,92.0,190.0,-2.334881535263853,-1.323041417853756,0.8285714285714286,0.7489795918367347,0.5952380952380952,0.4122448979591837,0.24081632653061225,0.9272108843537415,0.8918367346938776,0.8659863945578231,0.8238095238095238,0.7863945578231293
supertrend_14_2,H1,short,480,1465,8.870434933375419,16.060958225652914,26.188809399155463,32.560050775922605,12.453093464193104,22.822595150845064,36.46477437011068,174.0,354.0,-4.656948533771439,-2.6563589211515657,0.8730375426621161,0.8143344709897611,0.6996587030716723,0.5406143344709897,0.3679180887372014,0.952901023890785,0.9303754266211605,0.9098976109215017,0.8825938566552901,0.8607508532423208
supertrend_14_2,H4,long,12,377,1.5423503802903755,2.8685210491866875,4.067964293356115,5.016504873893063,1.341817076186664,2.380511791421237,3.8816358341324824,7.0,11.0,0.24662526375356156,0.2881627375429901,0.41379310344827586,0.2413793103448276,0.050397877984084884,0.005305039787798408,0.0,0.649867374005305,0.4350132625994695,0.3129973474801061,0.23076923076923078,0.1724137931034483
supertrend_14_2,H4,long,24,377,2.5236085992955144,4.270965647178053,5.92236566751252,7.203998837491504,1.732779131515451,3.1910153350775983,5.220801025722768,14.0,21.0,0.5475750553555925,0.6179401784882167,0.5862068965517241,0.4323607427055703,0.1883289124668435,0.03183023872679045,0.005305039787798408,0.7374005305039788,0.5755968169761273,0.4376657824933687,0.3395225464190981,0.27320954907161804
supertrend_14_2,H4,long,48,376,3.78560925585228,6.376246265209873,9.412787366422787,11.250079316595244,2.3848078184519186,4.8569334243781865,7.345571029105413,25.0,42.0,0.8023087376617184,0.582244186723972,0.7101063829787234,0.5638297872340425,0.3617021276595745,0.15159574468085107,0.04521276595744681,0.8138297872340425,0.6702127659574468,0.5664893617021277,0.48138297872340424,0.42021276595744683
supertrend_14_2,H4,long,72,376,4.479996882136918,7.735818461243119,12.401568862880511,15.934007679317537,2.972572470319902,6.21886694052229,9.370858672527046,39.0,62.25,1.0433391489791253,0.4307370461521106,0.7526595744680851,0.6303191489361702,0.4441489361702128,0.23138297872340424,0.11170212765957446,0.8404255319148937,0.75,0.651595744680851,0.5664893617021277,0.4946808510638298
supertrend_14_2,H4,long,120,375,5.7911201539069115,9.927259411532283,16.79699300344226,24.494712679519917,4.318168474404767,7.893544597214401,12.063231321675808,65.0,103.0,2.0105839783636146,1.2652424343647737,0.8106666666666666,0.7146666666666667,0.5573333333333333,0.3333333333333333,0.2,0.8666666666666667,0.792,0.7013333333333334,0.6346666666666667,0.5786666666666667
supertrend_14_2,H4,long,240,372,8.936058795619287,17.278383802490424,27.00460379824641,33.39367917096297,5.733913572057549,10.701313743620775,16.466262927967538,131.0,213.5,4.420871826802412,2.0642018740119776,0.8763440860215054,0.7956989247311828,0.6989247311827957,0.532258064516129,0.3629032258064516,0.9032258064516129,0.8521505376344086,0.793010752688172,0.739247311827957,0.6827956989247311
supertrend_14_2,H4,short,12,378,1.3903427861764293,2.52952171285857,3.797206511219603,4.642105163774446,1.557694505024675,2.5033142834531605,3.678378550719422,5.0,10.0,-0.2304163589108241,-0.24902302682526878,0.3492063492063492,0.19576719576719576,0.03968253968253968,0.007936507936507936,0.0026455026455026454,0.6904761904761905,0.5079365079365079,0.36507936507936506,0.25132275132275134,0.18253968253968253
supertrend_14_2,H4,short,24,377,2.1182281009729587,3.69330722064325,5.332537150849566,6.50940501589191,2.163966164463793,3.7653232526232436,5.955320811859031,11.0,19.0,-0.2442989449550005,-0.24229489391974932,0.53315649867374,0.33687002652519893,0.1220159151193634,0.026525198938992044,0.007957559681697613,0.76657824933687,0.6419098143236074,0.53315649867374,0.4244031830238727,0.35013262599469497
supertrend_14_2,H4,short,48,377,2.773155962106301,5.151476708861387,7.843393853024367,10.622329079915717,3.161729323953794,5.841107133665729,8.870865216914646,21.0,40.0,-0.3844798427870846,-0.3790373966531173,0.6153846153846154,0.4827586206896552,0.26525198938992045,0.09283819628647215,0.034482758620689655,0.8143236074270557,0.7161803713527851,0.649867374005305,0.5888594164456233,0.5145888594164456
supertrend_14_2,H4,short,72,377,3.443118651916481,6.30160005101287,9.511747612907827,12.429981422507687,4.035434859609567,6.816471114737011,10.952462908417564,29.0,56.0,-0.7951501160034976,-0.47798117790826256,0.6923076923076923,0.5543766578249337,0.35013262599469497,0.14854111405835543,0.0610079575596817,0.8594164456233422,0.7692307692307693,0.7161803713527851,0.6631299734748011,0.5994694960212201
supertrend_14_2,H4,short,120,375,4.223440677647861,7.832808509772892,13.258930502610509,16.342553417764766,5.571286497472606,9.89560118737411,15.584974885536385,48.0,95.5,-1.5953286375766553,-0.5973114178576868,0.7573333333333333,0.64,0.4533333333333333,0.23733333333333334,0.11733333333333333,0.9013333333333333,0.824,0.776,0.7226666666666667,0.6693333333333333
supertrend_14_2,H4,short,240,373,5.69653756070723,10.341155212359547,16.656723467648547,18.173327448520368,8.812923608359485,15.886697443733668,26.49601509060114,78.0,160.0,-3.877284752096432,-2.2455725735719354,0.8123324396782842,0.7158176943699732,0.5603217158176944,0.3512064343163539,0.2037533512064343,0.9329758713136729,0.8820375335120644,0.8471849865951743,0.8203753351206434,0.774798927613941
supertrend_14_2.5,H1,long,24,1071,2.099731142980832,3.776795148076304,6.320349325223048,7.950459893600167,2.1796772214632236,3.7516919397219315,5.961917153351617,11.0,21.0,0.18042458771236997,0.0,0.5163398692810458,0.33613445378151263,0.1531279178338002,0.04668534080298786,0.012138188608776844,0.7600373482726424,0.642390289449113,0.5340802987861811,0.42203548085901027,0.33239962651727356
supertrend_14_2.5,H1,long,48,1071,3.1045242851940236,5.921126076391097,9.049580341396817,11.300634822992626,3.066016874045413,5.6109302166627995,8.026704443526933,25.0,43.0,0.367910301834801,0.01087911895828785,0.6526610644257703,0.5116713352007469,0.31092436974789917,0.13165266106442577,0.04388422035480859,0.8235294117647058,0.7338935574229691,0.6507936507936508,0.5667600373482726,0.5079365079365079
supertrend_14_2.5,H1,long,72,1069,4.035483320357831,7.485116951636787,11.285722113523986,13.929521001239351,3.764783040781719,6.736067847925442,9.70725103010016,37.0,62.0,0.6955115592405627,0.4431613361557297,0.7146866230121609,0.5921421889616464,0.41908325537885877,0.21983161833489243,0.09073900841908325,0.862488306828812,0.7867165575304023,0.7053320860617399,0.6295603367633302,0.5837231057062675
supertrend_14_2.5,H1,long,120,1069,5.544561288057959,9.95401825285096,14.46070515452471,18.167389693991307,4.791199807641999,8.566790696276273,12.2148338732575,61.0,102.0,1.156089019934085,0.9553045646251414,0.784845650140318,0.6875584658559402,0.5332086061739943,0.33956969130028064,0.17680074836295603,0.8914873713751169,0.8288119738072965,0.7605238540692236,0.6950420954162769,0.6454630495790459
supertrend_14_2.5,H1,long,240,1068,8.091278777429437,14.600511243588954,21.733573487617452,28.63021290266858,6.778384067480655,11.480793788056847,17.834814112747665,133.0,206.0,1.9182413379726841,0.9622244787770535,0.8539325842696629,0.7883895131086143,0.6769662921348315,0.5056179775280899,0.34176029962546817,0.9166666666666666,0.8707865168539326,0.8136704119850188,0.7621722846441947,0.7265917602996255
supertrend_14_2.5,H1,long,480,1064,11.651277630376658,21.48893028887772,37.38386719329482,47.72062653234096,9.288216100669924,15.704711342179099,24.848679686713815,260.5,414.0,4.415170947430457,1.7617288742865767,0.9135338345864662,0.856203007518797,0.775375939849624,0.6513157894736842,0.48966165413533835,0.9407894736842105,0.9050751879699248,0.8646616541353384,0.8261278195488722,0.7969924812030075
supertrend_14_2.5,H1,short,24,1072,2.1150954561121322,3.833699454102712,5.875054583437385,7.59741049673795,2.1459072636630183,3.918202776523331,6.470829569896768,8.0,19.0,-0.31787000935765436,-0.2226737017425317,0.5149253731343284,0.3628731343283582,0.14738805970149255,0.04291044776119403,0.0065298507462686565,0.7649253731343284,0.6567164179104478,0.5298507462686567,0.43097014925373134,0.3498134328358209
supertrend_14_2.5,H1,short,48,1071,3.158827868830775,5.291647960335803,8.1888817560573,10.12260693470299,3.0829999064038307,5.810741720300991,8.965388064497224,22.0,39.0,-0.5238479736598136,-0.3536201237087627,0.6582633053221288,0.5247432306255836,0.2801120448179272,0.10644257703081232,0.021475256769374416,0.8394024276377218,0.7628384687208216,0.6619981325863679,0.5770308123249299,0.5098039215686274
supertrend_14_2.5,H1,short,72,1070,3.774628152601121,6.534456522564499,9.60461696723891,11.853006887907465,3.834732979052844,7.492852547636161,11.346031587191467,31.0,58.0,-0.691229914584785,-0.32774560770281785,0.7177570093457943,0.5953271028037384,0.36728971962616824,0.16728971962616823,0.04766355140186916,0.8635514018691589,0.8046728971962617,0.7242990654205608,0.6644859813084112,0.5990654205607476
supertrend_14_2.5,H1,short,120,1069,4.807391015817762,8.251292606204263,12.721682023758303,15.988570367188762,5.213053622981735,9.9710477859534,14.534299159259994,50.0,97.0,-1.1069996790472456,-0.8833962352921674,0.775491113189897,0.676333021515435,0.4883068288119738,0.2637979420018709,0.11412535079513564,0.8989710009354537,0.8550046772684752,0.7998129092609916,0.7483629560336763,0.6913002806361085
supertrend_14_2.5,H1,short,240,1069,6.574375877613331,11.544626577335753,17.82499767631021,21.729860065229204,8.408229744429482,14.273787624410783,22.12536441681898,95.0,190.0,-2.106750936771103,-1.127895735294802,0.8316183348924229,0.7539756782039289,0.6145930776426567,0.4097287184284378,0.2291861552853134,0.9260991580916744,0.8952291861552854,0.8606173994387278,0.8250701590271281,0.7876520112254444
supertrend_14_2.5,H1,short,480,1065,8.969262713960157,16.024280693056266,25.37860617697665,31.28255335018859,12.158394556083548,21.861326679957156,35.502133279058306,182.0,363.0,-4.380297618774159,-1.9573982707111777,0.8751173708920188,0.819718309859155,0.723943661971831,0.5483568075117371,0.36807511737089205,0.955868544600939,0.9342723004694836,0.907981220657277,0.8816901408450705,0.8591549295774648
supertrend_14_2.5,H4,long,12,288,1.633487715256063,2.8856655238080435,4.061904838789108,4.836958594400492,1.339797917989194,2.385679563299951,3.8057719704030255,7.0,11.0,0.21810905247884543,0.29642309192952426,0.4097222222222222,0.2361111111111111,0.04513888888888889,0.006944444444444444,0.0,0.6354166666666666,0.4513888888888889,0.3402777777777778,0.2326388888888889,0.14930555555555555
supertrend_14_2.5,H4,long,24,288,2.5719007375700054,3.9277989536000666,5.598520501400554,7.10900597914433,1.9478415600732426,3.1346797449280186,5.1524808110257645,13.0,21.0,0.4544906471037492,0.5442300913112597,0.5902777777777778,0.4201388888888889,0.14930555555555555,0.034722222222222224,0.013888888888888888,0.7291666666666666,0.59375,0.4895833333333333,0.34375,0.2638888888888889
supertrend_14_2.5,H4,long,48,287,3.6409941002247983,6.382542829139603,9.067198821675927,10.707233701021437,2.503001636779294,4.87555076410673,7.562457174163706,24.0,42.0,0.7717081307650282,0.6054819044814664,0.7073170731707317,0.5714285714285714,0.34146341463414637,0.14982578397212543,0.03832752613240418,0.818815331010453,0.7142857142857143,0.6202090592334495,0.5017421602787456,0.4146341463414634
supertrend_14_2.5,H4,long,72,287,4.52797477424078,7.587667890920121,11.934224924976363,15.800361030329366,3.04468656743165,6.308796663857365,9.271209028449737,40.0,63.0,1.226694715421356,0.6466554845733378,0.7386759581881533,0.6480836236933798,0.43902439024390244,0.24390243902439024,0.0975609756097561,0.8397212543554007,0.7735191637630662,0.7003484320557491,0.5888501742160279,0.5052264808362369
supertrend_14_2.5,H4,long,120,286,5.6262703303973005,9.655461149335311,17.01675441926403,24.27121466472187,3.9991928526119778,7.508993297614235,11.611913493774605,64.0,101.75,2.0424344324162482,0.8023281105508744,0.7937062937062938,0.7097902097902098,0.5314685314685315,0.34265734265734266,0.1993006993006993,0.8531468531468531,0.8006993006993007,0.7377622377622378,0.6608391608391608,0.583916083916084
supertrend_14_2.5,H4,long,240,284,8.79223305929024,17.612388066993944,26.65632720105738,34.73280720164302,5.79121653415505,10.260460550913916,15.204822998513965,133.5,214.25,4.552284284265336,2.0559264145055254,0.8697183098591549,0.795774647887324,0.6830985915492958,0.5246478873239436,0.352112676056338,0.8873239436619719,0.8485915492957746,0.795774647887324,0.7359154929577465,0.6795774647887324
supertrend_14_2.5,H4,short,12,289,1.3480031861823567,2.5851826952962846,3.7381097139191652,4.521701284561601,1.5313586763225089,2.617766035518259,3.857229412448207,5.0,10.0,-0.19577206286577395,-0.23142438378124772,0.36678200692041524,0.1903114186851211,0.031141868512110725,0.006920415224913495,0.0034602076124567475,0.657439446366782,0.5051903114186851,0.3737024221453287,0.2664359861591695,0.1903114186851211
supertrend_14_2.5,H4,short,24,288,2.037323370842128,3.7235201669025093,5.352472996352375,6.358902811133831,2.304561990610585,3.8016054695550237,6.1946209678503426,10.0,19.0,-0.3655988985422349,-0.30012238568524535,0.5104166666666666,0.34375,0.13194444444444445,0.027777777777777776,0.010416666666666666,0.7534722222222222,0.6493055555555556,0.5659722222222222,0.4583333333333333,0.3854166666666667
supertrend_14_2.5,H4,short,48,288,2.759272226552902,5.3818094240448655,7.942963246746866,10.462419196361802,3.0012406121992443,6.0104976811970126,8.782494417121594,19.0,40.0,-0.33873475673316417,-0.26105982365628844,0.6180555555555556,0.4791666666666667,0.2777777777777778,0.09722222222222222,0.03125,0.7986111111111112,0.7013888888888888,0.6354166666666666,0.5625,0.5
supertrend_14_2.5,H4,short,72,288,3.4888419550163876,6.135383058459297,8.82315141642559,11.478125572640332,3.8059874337588893,7.29028757600176,10.836239469505545,30.0,56.0,-0.9750973553108552,-0.5591348914250945,0.6736111111111112,0.5625,0.3472222222222222,0.13541666666666666,0.04513888888888889,0.8368055555555556,0.7638888888888888,0.7118055555555556,0.6493055555555556,0.5972222222222222
supertrend_14_2.5,H4,short,120,287,4.169987314430076,7.523485125696045,12.315718983806645,16.287822555185713,5.595898502830589,9.29314539652044,15.848620387568726,48.0,96.0,-1.6659793923579607,-0.5973114178576868,0.7526132404181185,0.6445993031358885,0.4564459930313589,0.21951219512195122,0.11846689895470383,0.89198606271777,0.8257839721254355,0.7804878048780488,0.7177700348432056,0.6724738675958188
supertrend_14_2.5,H4,short,240,285,5.655904060512636,10.079073252745738,16.15647766938135,18.682803662189798,8.716819401857787,15.719917171631398,25.522121138423394,82.0,160.0,-3.9118906921995276,-2.048263090713321,0.8070175438596491,0.7192982456140351,0.5508771929824562,0.3368421052631579,0.20350877192982456,0.9403508771929825,0.8842105263157894,0.8596491228070176,0.8210526315789474,0.775438596491228
