datetime,open,high,low,close,volume,spread,real_volume
2015-01-02 00:00:00+00:00,1185.87,1194.86,1167.45,1187.3,26800,50,0
2015-01-03 00:00:00+00:00,1187.34,1189.1,1186.94,1188.4,580,50,0
2015-01-05 00:00:00+00:00,1187.74,1207.38,1177.94,1205.68,41192,50,0
2015-01-06 00:00:00+00:00,1205.54,1223.05,1201.59,1218.8,42430,50,0
2015-01-07 00:00:00+00:00,1218.85,1219.64,1208.83,1212.11,35594,50,0
2015-01-08 00:00:00+00:00,1212.1,1216.44,1204.33,1207.21,29328,50,0
2015-01-09 00:00:00+00:00,1207.17,1221.26,1206.74,1220.67,36898,50,0
2015-01-10 00:00:00+00:00,1220.66,1223.79,1220.27,1223.0,816,50,0
2015-01-12 00:00:00+00:00,1223.97,1235.71,1217.42,1233.72,42890,50,0
2015-01-13 00:00:00+00:00,1233.7,1244.05,1227.04,1230.21,63477,50,0
2015-01-14 00:00:00+00:00,1230.13,1244.27,1224.85,1227.93,78852,50,0
2015-01-15 00:00:00+00:00,1227.95,1266.65,1225.92,1258.6,103690,50,0
2015-01-16 00:00:00+00:00,1258.56,1281.95,1254.85,1275.56,79789,50,0
2015-01-17 00:00:00+00:00,1275.41,1280.45,1275.09,1280.3,962,50,0
2015-01-19 00:00:00+00:00,1281.18,1281.36,1268.65,1271.65,31318,50,0
2015-01-20 00:00:00+00:00,1270.7,1296.96,1270.15,1292.78,68894,50,0
2015-01-21 00:00:00+00:00,1292.76,1304.97,1284.43,1293.4,70115,50,0
2015-01-22 00:00:00+00:00,1293.35,1307.42,1279.43,1303.49,68243,50,0
2015-01-23 00:00:00+00:00,1303.57,1303.57,1284.22,1293.52,54293,50,0
2015-01-24 00:00:00+00:00,1293.47,1295.07,1293.32,1294.05,450,50,0
2015-01-26 00:00:00+00:00,1294.6,1299.09,1275.74,1280.21,53404,50,0
2015-01-27 00:00:00+00:00,1280.2,1297.35,1272.16,1294.74,50418,50,0
2015-01-28 00:00:00+00:00,1294.83,1295.09,1279.57,1284.88,46528,50,0
2015-01-29 00:00:00+00:00,1284.85,1285.84,1251.77,1256.7,72700,50,0
2015-01-30 00:00:00+00:00,1256.72,1284.59,1256.1,1284.29,56699,50,0
2015-01-31 00:00:00+00:00,1284.26,1284.64,1282.94,1283.4,652,50,0
2015-02-02 00:00:00+00:00,1280.32,1283.2,1266.21,1274.54,52046,50,0
2015-02-03 00:00:00+00:00,1274.57,1285.59,1255.37,1260.64,58896,50,0
2015-02-04 00:00:00+00:00,1260.69,1272.32,1256.57,1265.5,55051,50,0
2015-02-05 00:00:00+00:00,1265.57,1273.95,1256.18,1267.95,54152,50,0
2015-02-06 00:00:00+00:00,1267.91,1268.64,1228.2,1235.3,60221,50,0
2015-02-07 00:00:00+00:00,1235.28,1235.75,1231.96,1233.75,708,50,0
2015-02-09 00:00:00+00:00,1234.57,1243.51,1234.57,1240.69,33577,50,0
2015-02-10 00:00:00+00:00,1240.68,1245.73,1230.78,1233.69,38476,50,0
2015-02-11 00:00:00+00:00,1233.68,1238.59,1218.41,1219.32,38923,50,0
2015-02-12 00:00:00+00:00,1219.33,1232.89,1216.6,1221.91,42682,50,0
2015-02-13 00:00:00+00:00,1221.95,1234.85,1221.3,1228.44,36072,50,0
2015-02-14 00:00:00+00:00,1228.46,1229.61,1228.26,1229.6,509,50,0
2015-02-16 00:00:00+00:00,1228.2,1236.61,1227.5,1229.5,21565,50,0
2015-02-17 00:00:00+00:00,1229.65,1233.8,1203.65,1208.5,44816,50,0
2015-02-18 00:00:00+00:00,1208.41,1213.32,1197.43,1211.07,29342,50,0
2015-02-19 00:00:00+00:00,1211.03,1222.86,1205.31,1207.2,37009,50,0
2015-02-20 00:00:00+00:00,1207.15,1215.23,1197.96,1200.9,36511,50,0
2015-02-21 00:00:00+00:00,1200.94,1202.8,1200.3,1201.7,615,50,0
2015-02-23 00:00:00+00:00,1202.97,1210.22,1190.68,1202.11,34070,50,0
2015-02-24 00:00:00+00:00,1202.1,1204.39,1190.26,1200.15,38489,50,0
2015-02-25 00:00:00+00:00,1200.12,1211.71,1199.35,1204.49,32309,50,0
2015-02-26 00:00:00+00:00,1204.57,1219.84,1203.51,1208.81,38984,50,0
2015-02-27 00:00:00+00:00,1208.83,1219.18,1204.36,1210.68,37178,50,0
2015-02-28 00:00:00+00:00,1210.58,1213.4,1210.55,1212.95,434,50,0
2015-03-02 00:00:00+00:00,1213.92,1223.08,1204.48,1205.43,41411,50,0
2015-03-03 00:00:00+00:00,1205.48,1214.69,1195.24,1203.17,43145,50,0
2015-03-04 00:00:00+00:00,1203.12,1208.91,1198.12,1199.11,37220,50,0
2015-03-05 00:00:00+00:00,1199.08,1209.32,1196.35,1198.3,34724,50,0
2015-03-06 00:00:00+00:00,1198.26,1200.58,1163.66,1165.34,52201,50,0
2015-03-07 00:00:00+00:00,1165.27,1167.67,1165.22,1167.2,618,50,0
2015-03-09 00:00:00+00:00,1168.42,1175.16,1165.74,1166.79,25762,50,0
2015-03-10 00:00:00+00:00,1166.93,1170.35,1155.11,1161.58,42205,50,0
2015-03-11 00:00:00+00:00,1161.53,1165.06,1147.39,1154.86,36741,50,0
2015-03-12 00:00:00+00:00,1155.0,1166.48,1148.44,1153.41,40461,50,0
2015-03-13 00:00:00+00:00,1153.15,1161.65,1151.22,1158.26,30038,50,0
2015-03-16 00:00:00+00:00,1158.56,1163.94,1150.23,1154.55,26888,50,0
2015-03-17 00:00:00+00:00,1154.4,1159.67,1142.67,1149.3,36085,50,0
2015-03-18 00:00:00+00:00,1149.1,1175.53,1145.85,1167.53,47427,50,0
2015-03-19 00:00:00+00:00,1166.7,1177.68,1159.47,1170.66,50431,50,0
2015-03-20 00:00:00+00:00,1170.85,1187.84,1168.64,1182.42,43075,50,0
2015-03-23 00:00:00+00:00,1185.82,1191.53,1179.22,1189.16,38357,50,0
2015-03-24 00:00:00+00:00,1189.22,1194.89,1185.28,1193.01,36677,50,0
2015-03-25 00:00:00+00:00,1192.6,1199.57,1186.51,1195.23,33632,50,0
2015-03-26 00:00:00+00:00,1193.8,1219.61,1193.8,1204.57,47082,50,0
2015-03-27 00:00:00+00:00,1204.56,1206.1,1192.45,1198.3,38712,50,0
2015-03-30 00:00:00+00:00,1197.88,1198.26,1182.24,1185.7,30424,50,0
2015-03-31 00:00:00+00:00,1186.27,1190.61,1178.3,1183.21,36880,50,0
2015-04-01 00:00:00+00:00,1183.2,1208.51,1180.72,1203.7,37319,50,0
2015-04-02 00:00:00+00:00,1203.71,1207.2,1194.8,1202.5,34708,50,0
2015-04-03 00:00:00+00:00,1201.35,1212.3,1197.1,1212.25,113,50,0
2015-04-06 00:00:00+00:00,1216.02,1224.07,1213.85,1214.63,32231,50,0
2015-04-07 00:00:00+00:00,1214.62,1215.67,1207.37,1208.95,27942,50,0
2015-04-08 00:00:00+00:00,1209.23,1212.23,1197.37,1202.4,41366,50,0
2015-04-09 00:00:00+00:00,1201.96,1202.55,1192.5,1194.6,34483,50,0
2015-04-10 00:00:00+00:00,1194.57,1210.59,1192.8,1207.41,35167,50,0
2015-04-13 00:00:00+00:00,1207.29,1209.38,1196.28,1198.61,32260,50,0
2015-04-14 00:00:00+00:00,1199.03,1201.35,1183.86,1192.47,47812,50,0
2015-04-15 00:00:00+00:00,1192.83,1204.47,1188.8,1202.19,40180,50,0
2015-04-16 00:00:00+00:00,1202.45,1209.03,1194.59,1198.34,48750,50,0
2015-04-17 00:00:00+00:00,1199.07,1207.74,1197.33,1203.95,39025,50,0
2015-04-20 00:00:00+00:00,1205.37,1209.13,1191.23,1195.55,37098,50,0
2015-04-21 00:00:00+00:00,1196.86,1204.13,1192.95,1202.18,27640,50,0
2015-04-22 00:00:00+00:00,1202.49,1204.69,1185.62,1187.0,41343,50,0
2015-04-23 00:00:00+00:00,1187.67,1197.91,1184.21,1193.72,40325,50,0
2015-04-24 00:00:00+00:00,1194.13,1195.86,1175.06,1179.26,43276,50,0
2015-04-27 00:00:00+00:00,1179.62,1207.08,1178.51,1201.84,39048,50,0
2015-04-28 00:00:00+00:00,1201.88,1214.85,1199.1,1211.88,35796,50,0
2015-04-29 00:00:00+00:00,1211.99,1213.9,1201.2,1204.33,37155,50,0
2015-04-30 00:00:00+00:00,1205.32,1207.1,1176.93,1184.23,51364,50,0
2015-05-01 00:00:00+00:00,1184.55,1185.13,1169.71,1178.35,30214,50,0
2015-05-04 00:00:00+00:00,1179.79,1192.72,1177.66,1188.04,27031,50,0
2015-05-05 00:00:00+00:00,1188.43,1199.68,1185.6,1193.03,27747,50,0
2015-05-06 00:00:00+00:00,1193.34,1197.56,1188.13,1191.97,34715,50,0
2015-05-07 00:00:00+00:00,1191.45,1192.69,1178.67,1184.18,34820,50,0
2015-05-08 00:00:00+00:00,1184.13,1193.65,1181.57,1188.1,37257,50,0
2015-05-11 00:00:00+00:00,1188.82,1191.63,1178.74,1183.78,23773,50,0
2015-05-12 00:00:00+00:00,1183.87,1197.03,1180.58,1193.65,29983,50,0
2015-05-13 00:00:00+00:00,1193.29,1218.74,1191.13,1215.38,41298,50,0
2015-05-14 00:00:00+00:00,1215.14,1227.4,1212.2,1221.06,42125,50,0
2015-05-15 00:00:00+00:00,1221.22,1226.08,1210.83,1223.78,36835,50,0
2015-05-18 00:00:00+00:00,1223.86,1232.2,1221.47,1225.24,28568,50,0
2015-05-19 00:00:00+00:00,1225.34,1225.35,1205.63,1207.68,39663,50,0
2015-05-20 00:00:00+00:00,1208.59,1213.39,1203.15,1209.57,35358,50,0
2015-05-21 00:00:00+00:00,1209.22,1212.68,1201.41,1206.12,29452,50,0
2015-05-22 00:00:00+00:00,1206.3,1214.74,1201.28,1206.03,29702,50,0
2015-05-25 00:00:00+00:00,1204.83,1209.15,1202.74,1207.28,12769,50,0
2015-05-26 00:00:00+00:00,1206.79,1207.43,1185.35,1187.07,35714,50,0
2015-05-27 00:00:00+00:00,1187.19,1190.78,1183.5,1187.83,32309,50,0
2015-05-28 00:00:00+00:00,1187.43,1192.08,1180.12,1188.1,29055,50,0
2015-05-29 00:00:00+00:00,1187.75,1193.9,1185.58,1190.32,26110,50,0
2015-06-01 00:00:00+00:00,1190.64,1204.14,1184.38,1188.92,34347,50,0
2015-06-02 00:00:00+00:00,1189.19,1196.15,1185.74,1192.8,36841,50,0
2015-06-03 00:00:00+00:00,1193.27,1195.37,1179.37,1184.85,35284,50,0
2015-06-04 00:00:00+00:00,1185.17,1186.28,1172.78,1176.57,40221,0,0
2015-06-05 00:00:00+00:00,1177.17,1178.45,1162.58,1171.72,36328,50,0
2015-06-08 00:00:00+00:00,1170.05,1177.51,1169.03,1173.88,37239,50,0
2015-06-09 00:00:00+00:00,1174.0,1182.78,1172.4,1176.62,30316,50,0
2015-06-10 00:00:00+00:00,1176.9,1192.16,1175.09,1185.8,37285,50,0
2015-06-11 00:00:00+00:00,1186.49,1187.86,1175.52,1181.66,31394,50,0
2015-06-12 00:00:00+00:00,1181.73,1184.22,1176.44,1181.32,28315,50,0
2015-06-15 00:00:00+00:00,1182.2,1190.3,1172.68,1186.04,33414,50,0
2015-06-16 00:00:00+00:00,1185.55,1187.79,1175.94,1181.79,24949,50,0
2015-06-17 00:00:00+00:00,1181.79,1189.06,1174.5,1184.95,31977,50,0
2015-06-18 00:00:00+00:00,1184.24,1205.6,1183.48,1201.68,37728,50,0
2015-06-19 00:00:00+00:00,1202.08,1204.03,1198.24,1199.87,22092,50,0
2015-06-22 00:00:00+00:00,1200.9,1200.92,1182.01,1185.7,24721,50,0
2015-06-23 00:00:00+00:00,1185.7,1187.99,1176.1,1178.42,26995,50,0
2015-06-24 00:00:00+00:00,1178.58,1180.15,1169.38,1175.35,25437,50,0
2015-06-25 00:00:00+00:00,1174.91,1177.98,1171.5,1172.95,20679,50,0
2015-06-26 00:00:00+00:00,1173.78,1178.53,1168.19,1175.3,23027,50,0
2015-06-29 00:00:00+00:00,1186.29,1188.09,1173.68,1179.49,37324,50,0
2015-06-30 00:00:00+00:00,1179.94,1180.36,1166.66,1172.14,36304,50,0
2015-07-01 00:00:00+00:00,1176.75,1176.85,1167.44,1168.6,24529,50,0
2015-07-02 00:00:00+00:00,1168.37,1169.58,1156.92,1165.95,28196,50,0
2015-07-03 00:00:00+00:00,1165.64,1170.13,1164.58,1168.65,13437,50,0
2015-07-06 00:00:00+00:00,1172.04,1174.72,1162.8,1170.03,28832,50,0
2015-07-07 00:00:00+00:00,1170.22,1170.24,1147.75,1155.12,38991,50,0
2015-07-08 00:00:00+00:00,1153.17,1164.47,1147.04,1157.85,42709,50,0
2015-07-09 00:00:00+00:00,1158.99,1167.65,1155.9,1159.01,33355,50,0
2015-07-10 00:00:00+00:00,1159.64,1165.28,1157.26,1163.52,30055,50,0
2015-07-13 00:00:00+00:00,1162.89,1164.24,1150.95,1157.7,30512,50,0
2015-07-14 00:00:00+00:00,1158.06,1159.63,1152.78,1155.7,24477,50,0
2015-07-15 00:00:00+00:00,1155.73,1156.76,1143.05,1149.19,30563,50,0
2015-07-16 00:00:00+00:00,1149.16,1149.3,1142.1,1145.09,27521,50,0
2015-07-17 00:00:00+00:00,1144.93,1145.64,1130.95,1134.12,27824,50,0
2015-07-20 00:00:00+00:00,1132.55,1133.08,1070.85,1096.33,58007,50,0
2015-07-21 00:00:00+00:00,1098.38,1109.83,1096.86,1100.92,35784,50,0
2015-07-22 00:00:00+00:00,1102.63,1103.33,1086.95,1093.96,42530,50,0
2015-07-23 00:00:00+00:00,1094.39,1105.64,1087.13,1090.35,36434,50,0
2015-07-24 00:00:00+00:00,1091.32,1101.43,1077.15,1098.85,51211,50,0
2015-07-27 00:00:00+00:00,1096.84,1104.91,1088.38,1093.72,43058,50,0
2015-07-28 00:00:00+00:00,1094.59,1098.87,1091.41,1095.1,28599,50,0
2015-07-29 00:00:00+00:00,1095.15,1101.68,1090.24,1096.59,39380,50,0
2015-07-30 00:00:00+00:00,1096.23,1098.5,1082.4,1088.29,38248,50,0
2015-07-31 00:00:00+00:00,1088.66,1103.3,1079.87,1095.23,42972,50,0
2015-08-03 00:00:00+00:00,1095.88,1097.61,1085.73,1086.5,30433,50,0
2015-08-04 00:00:00+00:00,1085.34,1094.64,1080.88,1087.51,31367,50,0
2015-08-05 00:00:00+00:00,1087.13,1092.44,1082.85,1084.75,30834,50,0
2015-08-06 00:00:00+00:00,1084.82,1093.89,1083.37,1089.34,25399,50,0
2015-08-07 00:00:00+00:00,1089.61,1099.35,1082.33,1093.85,40604,50,0
2015-08-10 00:00:00+00:00,1093.16,1108.8,1089.51,1104.26,33180,50,0
2015-08-11 00:00:00+00:00,1104.24,1119.27,1093.67,1108.68,48769,50,0
2015-08-12 00:00:00+00:00,1108.75,1125.57,1101.68,1124.2,50945,50,0
2015-08-13 00:00:00+00:00,1125.22,1126.63,1113.49,1114.81,35169,50,0
2015-08-14 00:00:00+00:00,1114.98,1120.9,1111.69,1114.81,30788,50,0
2015-08-17 00:00:00+00:00,1114.74,1122.66,1113.6,1117.32,24346,50,0
2015-08-18 00:00:00+00:00,1117.46,1120.99,1109.48,1117.4,28633,50,0
2015-08-19 00:00:00+00:00,1117.92,1134.49,1116.16,1133.63,36099,50,0
2015-08-20 00:00:00+00:00,1133.43,1153.91,1132.48,1151.9,40595,50,0
2015-08-21 00:00:00+00:00,1153.82,1168.19,1148.82,1160.4,55169,50,0
2015-08-24 00:00:00+00:00,1164.42,1170.03,1145.38,1154.96,91300,50,0
2015-08-25 00:00:00+00:00,1153.72,1156.53,1134.47,1140.32,67548,50,0
2015-08-26 00:00:00+00:00,1140.28,1146.32,1117.63,1124.95,68765,50,0
2015-08-27 00:00:00+00:00,1125.96,1129.18,1118.05,1124.72,45672,50,0
2015-08-28 00:00:00+00:00,1125.5,1140.66,1123.65,1133.25,46433,50,0
2015-08-31 00:00:00+00:00,1133.76,1136.54,1125.54,1134.73,31439,50,0
2015-09-01 00:00:00+00:00,1134.53,1147.78,1134.22,1140.03,44824,50,0
2015-09-02 00:00:00+00:00,1139.67,1142.3,1131.89,1133.72,36175,50,0
2015-09-03 00:00:00+00:00,1133.71,1134.18,1121.72,1125.14,33289,50,0
2015-09-04 00:00:00+00:00,1125.09,1133.22,1116.64,1121.44,34808,50,0
2015-09-07 00:00:00+00:00,1123.11,1124.7,1115.79,1118.95,16229,50,0
2015-09-08 00:00:00+00:00,1120.19,1126.62,1118.5,1121.31,27223,50,0
2015-09-09 00:00:00+00:00,1121.61,1125.27,1101.15,1107.47,33346,50,0
2015-09-10 00:00:00+00:00,1106.89,1114.83,1103.69,1110.57,34133,50,0
2015-09-11 00:00:00+00:00,1111.1,1112.76,1098.59,1107.5,31243,50,0
2015-09-14 00:00:00+00:00,1107.48,1110.32,1103.38,1108.74,22861,50,0
2015-09-15 00:00:00+00:00,1108.35,1109.27,1102.38,1104.95,24277,50,0
2015-09-16 00:00:00+00:00,1105.18,1124.03,1103.82,1119.26,31558,50,0
2015-09-17 00:00:00+00:00,1119.11,1135.7,1115.24,1131.3,42678,50,0
2015-09-18 00:00:00+00:00,1130.87,1141.61,1127.43,1138.85,38974,50,0
2015-09-21 00:00:00+00:00,1139.18,1139.76,1129.35,1133.12,22644,50,0
2015-09-22 00:00:00+00:00,1132.74,1136.49,1121.19,1124.45,28518,50,0
2015-09-23 00:00:00+00:00,1124.78,1134.12,1121.74,1130.09,24109,50,0
2015-09-24 00:00:00+00:00,1130.72,1156.62,1130.25,1153.81,42367,50,0
2015-09-25 00:00:00+00:00,1149.51,1151.07,1140.59,1146.12,35765,50,0
2015-09-28 00:00:00+00:00,1145.3,1148.11,1127.9,1131.65,38761,50,0
2015-09-29 00:00:00+00:00,1132.06,1134.61,1124.05,1127.16,34742,50,0
2015-09-30 00:00:00+00:00,1127.21,1128.03,1111.56,1114.71,38722,50,0
2015-10-01 00:00:00+00:00,1115.51,1119.09,1110.89,1113.45,23614,50,0
2015-10-02 00:00:00+00:00,1113.43,1141.16,1104.44,1137.78,40884,50,0
2015-10-05 00:00:00+00:00,1136.88,1141.81,1130.01,1135.46,31268,50,0
2015-10-06 00:00:00+00:00,1135.61,1151.1,1134.86,1146.95,28000,50,0
2015-10-07 00:00:00+00:00,1146.97,1153.54,1141.67,1145.22,29086,50,0
2015-10-08 00:00:00+00:00,1145.11,1151.15,1136.42,1138.8,33628,50,0
2015-10-09 00:00:00+00:00,1139.05,1159.47,1138.89,1155.82,35572,50,0
2015-10-12 00:00:00+00:00,1155.64,1168.86,1154.67,1163.56,28500,50,0
2015-10-13 00:00:00+00:00,1163.46,1168.64,1151.66,1168.57,33902,50,0
2015-10-14 00:00:00+00:00,1167.97,1189.68,1163.06,1183.85,44285,50,0
2015-10-15 00:00:00+00:00,1184.37,1191.37,1174.03,1182.84,46585,50,0
2015-10-16 00:00:00+00:00,1182.0,1184.44,1174.19,1176.76,36673,50,0
2015-10-19 00:00:00+00:00,1176.55,1178.14,1168.44,1170.51,32460,50,0
2015-10-20 00:00:00+00:00,1169.97,1180.65,1167.25,1175.78,31527,50,0
2015-10-21 00:00:00+00:00,1176.28,1179.11,1163.44,1166.99,31912,50,0
2015-10-22 00:00:00+00:00,1167.65,1171.68,1162.47,1165.81,37254,50,0
2015-10-23 00:00:00+00:00,1166.09,1179.22,1158.82,1164.05,44943,50,0
2015-10-26 00:00:00+00:00,1163.27,1169.58,1162.09,1162.82,26967,50,0
2015-10-27 00:00:00+00:00,1163.61,1168.66,1160.61,1166.58,29253,50,0
2015-10-28 00:00:00+00:00,1166.74,1182.82,1152.17,1156.01,45543,50,0
2015-10-29 00:00:00+00:00,1155.65,1162.56,1144.57,1145.67,46575,0,0
2015-10-30 00:00:00+00:00,1146.97,1149.95,1139.08,1141.82,36894,50,0
2015-11-02 00:00:00+00:00,1141.53,1142.91,1132.8,1134.26,27467,50,0
2015-11-03 00:00:00+00:00,1133.32,1138.18,1114.26,1117.49,32343,50,0
2015-11-04 00:00:00+00:00,1115.3,1122.72,1106.26,1107.18,37147,50,0
2015-11-05 00:00:00+00:00,1107.3,1111.43,1102.89,1103.35,33510,50,0
2015-11-06 00:00:00+00:00,1103.82,1110.34,1085.33,1087.53,43066,50,0
2015-11-09 00:00:00+00:00,1089.78,1095.61,1088.24,1089.13,33462,50,0
2015-11-10 00:00:00+00:00,1091.6,1094.77,1085.19,1088.22,28302,50,0
2015-11-11 00:00:00+00:00,1089.56,1093.95,1084.06,1084.54,29475,50,0
2015-11-12 00:00:00+00:00,1085.95,1089.45,1074.02,1084.45,42627,50,0
2015-11-13 00:00:00+00:00,1081.15,1088.5,1079.55,1081.85,36467,50,0
2015-11-16 00:00:00+00:00,1089.61,1097.98,1081.25,1083.21,37255,50,0
2015-11-17 00:00:00+00:00,1083.28,1084.92,1065.37,1069.26,39613,50,0
2015-11-18 00:00:00+00:00,1070.65,1075.4,1064.42,1069.9,38825,50,0
2015-11-19 00:00:00+00:00,1068.55,1087.32,1068.55,1081.95,39345,50,0
2015-11-20 00:00:00+00:00,1079.05,1087.94,1075.72,1077.12,34300,50,0
2015-11-23 00:00:00+00:00,1077.06,1077.06,1066.44,1068.15,37200,50,0
2015-11-24 00:00:00+00:00,1069.0,1081.01,1068.75,1075.33,36358,50,0
2015-11-25 00:00:00+00:00,1073.85,1080.68,1067.63,1070.51,36112,50,0
2015-11-26 00:00:00+00:00,1071.05,1074.73,1069.2,1069.2,19922,50,0
2015-11-27 00:00:00+00:00,1069.9,1073.69,1052.61,1057.0,33785,50,0
2015-11-30 00:00:00+00:00,1057.59,1069.57,1053.09,1064.85,32023,50,0
2015-12-01 00:00:00+00:00,1064.97,1074.53,1063.09,1068.91,37157,50,0
2015-12-02 00:00:00+00:00,1068.65,1071.45,1050.44,1052.43,34489,50,0
2015-12-03 00:00:00+00:00,1053.3,1065.26,1046.18,1063.18,65032,50,0
2015-12-04 00:00:00+00:00,1061.55,1088.67,1058.06,1086.63,58319,50,0
2015-12-07 00:00:00+00:00,1083.78,1086.46,1073.72,1074.58,34175,50,0
2015-12-08 00:00:00+00:00,1070.72,1079.01,1067.53,1074.38,36038,50,0
2015-12-09 00:00:00+00:00,1074.65,1085.22,1069.23,1072.39,47236,50,0
2015-12-10 00:00:00+00:00,1072.05,1076.39,1069.24,1071.49,35509,50,0
2015-12-11 00:00:00+00:00,1070.9,1079.38,1062.29,1077.09,47674,50,0
2015-12-14 00:00:00+00:00,1073.2,1077.36,1063.02,1063.77,44392,50,0
2015-12-15 00:00:00+00:00,1058.7,1068.6,1058.67,1060.82,40925,50,0
2015-12-16 00:00:00+00:00,1060.93,1078.3,1060.81,1073.3,43297,50,0
2015-12-17 00:00:00+00:00,1070.65,1073.18,1047.52,1050.47,44924,50,0
2015-12-18 00:00:00+00:00,1050.8,1071.44,1050.74,1066.12,37583,50,0
2015-12-21 00:00:00+00:00,1065.69,1081.64,1063.78,1078.11,36543,50,0
2015-12-22 00:00:00+00:00,1076.25,1080.61,1071.76,1072.33,30870,50,0
2015-12-23 00:00:00+00:00,1072.15,1075.37,1068.14,1069.41,25229,50,0
2015-12-24 00:00:00+00:00,1070.15,1076.89,1070.0,1074.9,17803,50,0
2015-12-28 00:00:00+00:00,1075.64,1076.82,1066.37,1068.77,27427,50,0
2015-12-29 00:00:00+00:00,1068.75,1075.11,1067.4,1068.0,30363,50,0
2015-12-30 00:00:00+00:00,1068.8,1072.05,1059.26,1060.15,31370,50,0
2015-12-31 00:00:00+00:00,1060.95,1063.37,1058.06,1061.36,15640,50,0
2016-01-04 00:00:00+00:00,1062.44,1083.41,1061.69,1075.03,44190,50,0
2016-01-05 00:00:00+00:00,1073.47,1081.84,1072.44,1078.34,34717,50,0
2016-01-06 00:00:00+00:00,1077.28,1095.1,1074.86,1093.63,49550,50,0
2016-01-07 00:00:00+00:00,1093.83,1109.94,1091.22,1109.05,56414,50,0
2016-01-08 00:00:00+00:00,1108.75,1113.09,1092.14,1104.01,62089,50,0
2016-01-11 00:00:00+00:00,1103.81,1108.38,1094.15,1094.85,46743,50,0
2016-01-12 00:00:00+00:00,1094.0,1099.11,1083.26,1089.46,43106,50,0
2016-01-13 00:00:00+00:00,1086.0,1095.42,1079.66,1094.45,40767,50,0
2016-01-14 00:00:00+00:00,1093.3,1095.22,1071.26,1076.79,45247,50,0
2016-01-15 00:00:00+00:00,1077.95,1097.17,1076.13,1087.79,54746,50,0
2016-01-18 00:00:00+00:00,1089.28,1093.24,1087.4,1088.62,20427,50,0
2016-01-19 00:00:00+00:00,1088.6,1094.42,1082.38,1087.1,41630,50,0
2016-01-20 00:00:00+00:00,1086.7,1109.47,1086.4,1101.47,52409,50,0
2016-01-21 00:00:00+00:00,1098.8,1104.4,1092.34,1102.38,60061,50,0
2016-01-22 00:00:00+00:00,1100.3,1102.72,1093.94,1097.54,38395,50,0
2016-01-25 00:00:00+00:00,1097.41,1108.53,1097.11,1108.38,29459,50,0
2016-01-26 00:00:00+00:00,1107.1,1122.8,1106.93,1121.34,42326,50,0
2016-01-27 00:00:00+00:00,1117.25,1127.92,1114.78,1125.56,40140,50,0
2016-01-28 00:00:00+00:00,1123.6,1125.74,1110.96,1113.86,37428,50,0
2016-01-29 00:00:00+00:00,1112.6,1118.3,1108.31,1117.58,40906,50,0
2016-02-01 00:00:00+00:00,1117.5,1129.65,1115.34,1129.4,29689,50,0
2016-02-02 00:00:00+00:00,1127.65,1130.93,1122.18,1129.48,29591,50,0
2016-02-03 00:00:00+00:00,1128.98,1145.37,1124.28,1142.09,54787,50,0
2016-02-04 00:00:00+00:00,1140.85,1157.26,1139.26,1155.71,52024,50,0
2016-02-05 00:00:00+00:00,1154.2,1174.37,1145.11,1173.8,55517,50,0
2016-02-08 00:00:00+00:00,1172.7,1200.72,1164.07,1190.18,56002,50,0
2016-02-09 00:00:00+00:00,1188.6,1198.75,1185.61,1187.53,66494,50,0
2016-02-10 00:00:00+00:00,1188.2,1196.95,1181.4,1196.4,65086,50,0
2016-02-11 00:00:00+00:00,1196.2,1263.21,1195.82,1244.57,118471,50,0
2016-02-12 00:00:00+00:00,1245.6,1248.05,1232.24,1237.79,76068,50,0
2016-02-15 00:00:00+00:00,1235.53,1235.57,1202.05,1209.2,44968,50,0
2016-02-16 00:00:00+00:00,1206.55,1216.84,1190.78,1199.65,69951,50,0
2016-02-17 00:00:00+00:00,1199.25,1213.63,1195.6,1207.54,56674,50,0
2016-02-18 00:00:00+00:00,1208.64,1239.72,1200.56,1236.69,52850,50,0
2016-02-19 00:00:00+00:00,1229.9,1234.35,1219.83,1229.07,63440,50,0
2016-02-22 00:00:00+00:00,1225.44,1226.11,1201.79,1207.23,59427,50,0
2016-02-23 00:00:00+00:00,1207.8,1227.41,1207.04,1225.31,66979,50,0
2016-02-24 00:00:00+00:00,1224.3,1253.13,1221.69,1229.42,85033,50,0
2016-02-25 00:00:00+00:00,1227.65,1242.84,1221.02,1232.76,78394,50,0
2016-02-26 00:00:00+00:00,1230.0,1240.22,1211.3,1224.01,70396,50,0
2016-02-29 00:00:00+00:00,1222.42,1240.99,1215.65,1240.05,64816,50,0
2016-03-01 00:00:00+00:00,1237.05,1248.35,1227.06,1231.42,70493,50,0
2016-03-02 00:00:00+00:00,1231.2,1243.84,1224.63,1240.74,69284,50,0
2016-03-03 00:00:00+00:00,1239.05,1268.12,1237.32,1262.3,73203,50,0
2016-03-04 00:00:00+00:00,1262.9,1279.67,1249.96,1260.76,127036,50,0
2016-03-07 00:00:00+00:00,1259.75,1273.03,1256.64,1266.75,79237,50,0
2016-03-08 00:00:00+00:00,1266.6,1277.9,1260.13,1261.26,78306,50,0
2016-03-09 00:00:00+00:00,1260.3,1264.8,1242.85,1250.74,78362,50,0
2016-03-10 00:00:00+00:00,1251.95,1273.16,1236.84,1270.54,111700,50,0
2016-03-11 00:00:00+00:00,1269.7,1283.82,1248.35,1249.17,82167,50,0
2016-03-14 00:00:00+00:00,1249.5,1260.98,1229.11,1234.97,55828,50,0
2016-03-15 00:00:00+00:00,1233.61,1237.98,1225.51,1232.15,54644,50,0
2016-03-16 00:00:00+00:00,1233.19,1263.71,1226.6,1262.21,63420,50,0
2016-03-17 00:00:00+00:00,1260.16,1270.82,1254.3,1257.67,77724,50,0
2016-03-18 00:00:00+00:00,1256.9,1266.76,1247.64,1255.01,57837,50,0
2016-03-21 00:00:00+00:00,1254.52,1255.89,1240.5,1243.58,53383,50,0
2016-03-22 00:00:00+00:00,1243.51,1260.09,1242.24,1248.03,56551,50,0
2016-03-23 00:00:00+00:00,1248.14,1249.24,1215.21,1219.87,66711,50,0
2016-03-24 00:00:00+00:00,1221.82,1223.65,1212.0,1216.62,47220,50,0
2016-03-25 00:00:00+00:00,1215.45,1216.15,1215.45,1216.15,3,320,0
2016-03-28 00:00:00+00:00,1214.31,1222.97,1208.03,1221.4,34954,50,0
2016-03-29 00:00:00+00:00,1220.86,1242.99,1215.26,1241.33,53259,50,0
2016-03-30 00:00:00+00:00,1241.0,1244.01,1223.1,1224.78,53349,50,0
2016-03-31 00:00:00+00:00,1225.95,1240.24,1223.62,1232.28,47472,50,0
2016-04-01 00:00:00+00:00,1231.56,1235.2,1208.85,1222.45,56875,50,0
2016-04-04 00:00:00+00:00,1220.47,1222.51,1214.47,1215.31,45655,50,0
2016-04-05 00:00:00+00:00,1215.64,1236.63,1214.6,1231.05,59793,50,0
2016-04-06 00:00:00+00:00,1230.28,1232.1,1216.43,1222.13,56881,50,0
2016-04-07 00:00:00+00:00,1222.87,1243.08,1222.53,1240.22,72060,50,0
2016-04-08 00:00:00+00:00,1239.26,1242.6,1229.46,1239.59,59088,50,0
2016-04-11 00:00:00+00:00,1244.81,1258.58,1243.94,1257.6,64522,50,0
2016-04-12 00:00:00+00:00,1256.35,1262.53,1251.07,1255.29,60273,50,0
2016-04-13 00:00:00+00:00,1255.73,1256.61,1239.67,1242.24,58341,50,0
2016-04-14 00:00:00+00:00,1242.49,1244.01,1223.79,1227.68,64443,50,0
2016-04-15 00:00:00+00:00,1227.53,1235.76,1225.17,1233.73,48175,50,0
2016-04-18 00:00:00+00:00,1234.76,1241.46,1229.82,1232.33,54194,50,0
2016-04-19 00:00:00+00:00,1231.77,1256.41,1227.57,1250.02,70797,50,0
2016-04-20 00:00:00+00:00,1249.74,1257.87,1242.28,1244.04,62060,50,0
2016-04-21 00:00:00+00:00,1243.89,1270.1,1242.67,1247.88,87836,50,0
2016-04-22 00:00:00+00:00,1247.72,1252.43,1227.35,1232.4,71110,50,0
2016-04-25 00:00:00+00:00,1232.0,1242.14,1229.95,1237.65,49254,50,0
2016-04-26 00:00:00+00:00,1237.63,1244.72,1231.19,1243.16,52668,50,0
2016-04-27 00:00:00+00:00,1242.62,1252.67,1239.16,1245.63,63448,50,0
2016-04-28 00:00:00+00:00,1245.36,1269.37,1237.64,1266.03,66079,50,0
2016-04-29 00:00:00+00:00,1265.89,1296.53,1264.86,1292.74,60371,50,0
2016-05-02 00:00:00+00:00,1292.53,1303.55,1287.47,1291.27,48843,50,0
2016-05-03 00:00:00+00:00,1292.03,1301.6,1281.99,1286.42,54149,50,0
2016-05-04 00:00:00+00:00,1285.54,1289.53,1271.71,1279.47,53682,50,0
2016-05-05 00:00:00+00:00,1279.52,1286.26,1268.76,1277.52,57510,50,0
2016-05-06 00:00:00+00:00,1277.48,1295.39,1274.37,1287.59,69360,50,0
2016-05-09 00:00:00+00:00,1284.24,1287.38,1261.2,1263.64,58357,50,0
2016-05-10 00:00:00+00:00,1264.01,1269.88,1256.7,1265.63,54388,50,0
2016-05-11 00:00:00+00:00,1266.02,1278.95,1264.53,1277.2,54692,50,0
2016-05-12 00:00:00+00:00,1277.2,1280.75,1261.58,1263.54,58209,50,0
2016-05-13 00:00:00+00:00,1264.18,1276.17,1262.83,1272.98,55158,50,0
2016-05-16 00:00:00+00:00,1272.74,1288.56,1270.45,1274.01,52537,50,0
2016-05-17 00:00:00+00:00,1274.09,1282.09,1268.89,1278.73,54705,50,0
2016-05-18 00:00:00+00:00,1280.28,1281.27,1254.92,1258.31,66552,50,0
2016-05-19 00:00:00+00:00,1258.63,1261.28,1243.61,1254.41,55471,50,0
2016-05-20 00:00:00+00:00,1255.63,1260.01,1248.72,1252.05,36744,50,0
2016-05-23 00:00:00+00:00,1250.39,1255.93,1243.0,1248.77,44041,50,0
2016-05-24 00:00:00+00:00,1248.89,1252.16,1226.17,1226.98,53802,50,0
2016-05-25 00:00:00+00:00,1227.32,1230.03,1217.67,1224.02,53675,50,0
2016-05-26 00:00:00+00:00,1223.54,1234.15,1218.24,1219.59,59741,50,0
2016-05-27 00:00:00+00:00,1220.09,1223.43,1206.68,1212.72,42416,50,0
2016-05-30 00:00:00+00:00,1212.85,1213.4,1199.63,1200.73,34466,50,0
2016-05-31 00:00:00+00:00,1207.24,1218.01,1207.04,1215.03,44770,50,0
2016-06-01 00:00:00+00:00,1215.87,1220.24,1205.89,1212.79,46753,50,0
2016-06-02 00:00:00+00:00,1212.82,1217.49,1209.69,1210.88,43666,50,0
2016-06-03 00:00:00+00:00,1210.35,1244.57,1206.89,1244.11,56721,50,0
2016-06-06 00:00:00+00:00,1244.01,1248.56,1239.89,1245.08,45129,50,0
2016-06-07 00:00:00+00:00,1245.01,1246.41,1234.59,1243.53,34729,50,0
2016-06-08 00:00:00+00:00,1244.77,1264.22,1242.89,1262.47,37978,50,0
2016-06-09 00:00:00+00:00,1261.54,1271.57,1256.6,1269.5,37966,50,0
2016-06-10 00:00:00+00:00,1269.07,1277.94,1264.47,1273.65,38751,50,0
2016-06-13 00:00:00+00:00,1274.59,1287.03,1272.32,1283.61,51526,50,0
2016-06-14 00:00:00+00:00,1283.22,1289.65,1276.04,1285.4,49301,50,0
2016-06-15 00:00:00+00:00,1284.82,1296.71,1278.32,1291.59,48690,50,0
2016-06-16 00:00:00+00:00,1293.16,1315.42,1277.07,1278.28,80121,50,0
2016-06-17 00:00:00+00:00,1279.05,1299.42,1276.38,1298.67,51944,50,0
2016-06-20 00:00:00+00:00,1286.05,1292.11,1277.3,1289.2,48675,50,0
2016-06-21 00:00:00+00:00,1288.8,1293.1,1263.9,1267.45,52303,50,0
2016-06-22 00:00:00+00:00,1269.05,1270.51,1260.3,1265.35,40809,50,0
2016-06-23 00:00:00+00:00,1263.0,1270.81,1253.6,1256.3,49071,50,0
2016-06-24 00:00:00+00:00,1252.25,1357.58,1249.45,1314.9,181625,50,0
2016-06-27 00:00:00+00:00,1328.45,1333.85,1317.35,1323.45,78732,50,0
2016-06-28 00:00:00+00:00,1323.55,1325.64,1305.34,1311.05,56182,50,0
2016-06-29 00:00:00+00:00,1311.5,1327.76,1311.2,1318.5,48757,50,0
2016-06-30 00:00:00+00:00,1317.35,1323.35,1312.44,1321.2,42216,50,0
2016-07-01 00:00:00+00:00,1322.15,1343.65,1319.8,1340.55,50611,50,0
2016-07-04 00:00:00+00:00,1340.25,1357.36,1339.9,1350.86,55531,50,0
2016-07-05 00:00:00+00:00,1349.27,1357.44,1338.1,1356.23,69335,50,0
2016-07-06 00:00:00+00:00,1356.94,1374.99,1356.0,1363.55,69151,50,0
2016-07-07 00:00:00+00:00,1362.67,1370.53,1350.69,1359.96,37593,50,0
2016-07-08 00:00:00+00:00,1359.02,1370.27,1335.31,1365.9,43646,50,0
2016-07-11 00:00:00+00:00,1368.51,1374.66,1350.83,1355.08,40825,50,0
2016-07-12 00:00:00+00:00,1355.39,1357.61,1330.18,1332.86,34069,50,0
2016-07-13 00:00:00+00:00,1333.93,1345.14,1327.4,1342.33,33024,50,0
2016-07-14 00:00:00+00:00,1343.05,1347.06,1320.1,1334.64,46195,50,0
2016-07-15 00:00:00+00:00,1335.3,1338.52,1322.39,1337.02,42995,50,0
2016-07-18 00:00:00+00:00,1333.99,1335.31,1323.35,1328.53,43961,50,0
2016-07-19 00:00:00+00:00,1328.27,1334.77,1325.45,1331.69,36720,50,0
2016-07-20 00:00:00+00:00,1332.16,1337.91,1312.47,1315.66,38282,50,0
2016-07-21 00:00:00+00:00,1313.9,1333.71,1310.6,1330.8,42038,50,0
2016-07-22 00:00:00+00:00,1330.81,1333.65,1319.51,1321.79,44360,50,0
2016-07-25 00:00:00+00:00,1321.83,1323.59,1312.05,1315.17,39675,50,0
2016-07-26 00:00:00+00:00,1315.43,1324.36,1313.59,1319.99,38356,50,0
2016-07-27 00:00:00+00:00,1319.21,1342.2,1315.7,1339.56,44697,50,0
2016-07-28 00:00:00+00:00,1338.45,1345.47,1332.37,1335.5,35825,50,0
2016-07-29 00:00:00+00:00,1335.31,1354.84,1328.38,1350.78,43597,50,0
2016-08-01 00:00:00+00:00,1350.68,1354.74,1346.11,1352.79,34220,50,0
2016-08-02 00:00:00+00:00,1352.96,1367.1,1348.78,1363.35,25007,50,0
2016-08-03 00:00:00+00:00,1363.24,1366.37,1354.06,1357.95,21266,50,0
2016-08-04 00:00:00+00:00,1357.62,1364.89,1348.98,1360.92,24522,50,0
2016-08-05 00:00:00+00:00,1360.92,1364.57,1334.63,1335.87,19795,50,0
2016-08-08 00:00:00+00:00,1332.88,1338.09,1329.74,1334.92,26360,50,0
2016-08-09 00:00:00+00:00,1335.05,1342.45,1330.48,1340.29,16821,50,0
2016-08-10 00:00:00+00:00,1340.04,1357.14,1339.96,1346.21,21344,50,0
2016-08-11 00:00:00+00:00,1346.96,1353.11,1335.6,1338.4,25979,50,0
2016-08-12 00:00:00+00:00,1338.3,1355.73,1333.11,1336.19,32700,50,0
2016-08-15 00:00:00+00:00,1337.19,1343.66,1335.67,1339.05,22515,50,0
2016-08-16 00:00:00+00:00,1339.65,1357.84,1339.35,1345.68,25839,50,0
2016-08-17 00:00:00+00:00,1345.48,1351.46,1336.32,1348.37,23212,50,0
2016-08-18 00:00:00+00:00,1349.54,1355.89,1345.92,1351.96,23855,50,0
2016-08-19 00:00:00+00:00,1352.12,1352.78,1337.62,1340.95,26636,50,0
2016-08-22 00:00:00+00:00,1338.33,1339.83,1331.55,1338.72,35217,50,0
2016-08-23 00:00:00+00:00,1338.81,1344.55,1335.24,1337.16,22697,50,0
2016-08-24 00:00:00+00:00,1337.84,1339.94,1323.6,1323.74,22171,50,0
2016-08-25 00:00:00+00:00,1325.32,1326.89,1317.89,1321.62,20255,50,0
2016-08-26 00:00:00+00:00,1321.78,1341.84,1318.24,1320.89,24253,50,0
2016-08-29 00:00:00+00:00,1319.68,1324.98,1314.77,1323.07,28621,50,0
2016-08-30 00:00:00+00:00,1323.39,1325.32,1309.12,1310.76,27671,50,0
2016-08-31 00:00:00+00:00,1311.35,1316.01,1304.26,1308.59,23244,50,0
2016-09-01 00:00:00+00:00,1309.85,1314.89,1302.36,1313.51,20070,50,0
2016-09-02 00:00:00+00:00,1313.87,1329.5,1308.84,1324.62,24682,50,0
2016-09-05 00:00:00+00:00,1324.82,1328.35,1320.77,1320.77,19325,50,0
2016-09-06 00:00:00+00:00,1326.2,1352.4,1324.79,1349.59,36702,50,0
2016-09-07 00:00:00+00:00,1348.27,1352.42,1342.63,1344.91,26965,50,0
2016-09-08 00:00:00+00:00,1345.09,1349.22,1335.41,1338.04,31728,50,0
2016-09-09 00:00:00+00:00,1338.28,1339.4,1327.45,1327.83,24941,50,0
2016-09-12 00:00:00+00:00,1328.36,1330.06,1320.69,1327.21,27493,50,0
2016-09-13 00:00:00+00:00,1327.63,1331.86,1315.59,1318.68,26448,50,0
2016-09-14 00:00:00+00:00,1318.93,1325.76,1313.3,1322.65,26767,50,0
2016-09-15 00:00:00+00:00,1322.86,1327.66,1309.19,1314.39,23628,50,0
2016-09-16 00:00:00+00:00,1315.18,1317.93,1306.19,1309.85,19003,50,0
2016-09-19 00:00:00+00:00,1309.98,1318.2,1309.34,1312.95,25324,50,0
2016-09-20 00:00:00+00:00,1313.22,1317.76,1311.86,1314.59,16877,50,0
2016-09-21 00:00:00+00:00,1314.65,1337.1,1307.88,1334.68,33344,50,0
2016-09-22 00:00:00+00:00,1333.86,1343.46,1331.07,1336.49,30994,50,0
2016-09-23 00:00:00+00:00,1337.43,1340.4,1333.66,1337.36,21940,50,0
2016-09-26 00:00:00+00:00,1336.68,1341.88,1332.57,1337.74,22879,50,0
2016-09-27 00:00:00+00:00,1338.3,1339.42,1324.9,1327.0,23673,50,0
2016-09-28 00:00:00+00:00,1326.81,1327.43,1317.81,1321.2,25103,50,0
2016-09-29 00:00:00+00:00,1321.7,1325.64,1315.94,1320.13,24653,50,0
2016-09-30 00:00:00+00:00,1321.28,1327.9,1313.07,1315.78,37090,50,0
2016-10-03 00:00:00+00:00,1317.24,1319.48,1309.17,1311.21,37711,50,0
2016-10-04 00:00:00+00:00,1311.51,1312.86,1266.83,1268.1,53151,50,0
2016-10-05 00:00:00+00:00,1268.37,1276.9,1261.97,1266.45,41145,50,0
2016-10-06 00:00:00+00:00,1267.81,1269.29,1249.7,1254.32,37961,50,0
2016-10-07 00:00:00+00:00,1254.86,1265.25,1241.24,1256.85,45595,50,0
2016-10-10 00:00:00+00:00,1257.39,1264.75,1256.44,1259.35,43290,50,0
2016-10-11 00:00:00+00:00,1259.37,1262.01,1252.44,1252.5,35376,50,0
2016-10-12 00:00:00+00:00,1253.17,1258.75,1249.59,1255.0,38800,50,0
2016-10-13 00:00:00+00:00,1255.5,1262.08,1252.95,1257.95,40987,50,0
2016-10-14 00:00:00+00:00,1258.08,1259.33,1245.88,1250.55,44572,50,0
2016-10-17 00:00:00+00:00,1251.31,1257.11,1250.19,1255.5,35852,50,0
2016-10-18 00:00:00+00:00,1255.23,1264.54,1255.0,1262.15,33881,50,0
2016-10-19 00:00:00+00:00,1262.73,1273.13,1260.12,1269.0,33083,50,0
2016-10-20 00:00:00+00:00,1269.24,1274.3,1264.65,1265.4,30552,50,0
2016-10-21 00:00:00+00:00,1265.73,1267.85,1260.99,1266.15,29585,50,0
2016-10-24 00:00:00+00:00,1265.94,1271.76,1260.36,1264.15,32028,50,0
2016-10-25 00:00:00+00:00,1264.67,1276.56,1261.93,1272.86,32187,50,0
2016-10-26 00:00:00+00:00,1273.84,1276.34,1264.51,1266.02,31328,50,0
2016-10-27 00:00:00+00:00,1266.53,1272.56,1264.89,1267.56,27393,50,0
2016-10-28 00:00:00+00:00,1268.05,1284.13,1261.91,1275.8,38940,50,0
2016-10-31 00:00:00+00:00,1278.02,1279.38,1271.07,1276.77,32454,50,0
2016-11-01 00:00:00+00:00,1276.63,1291.74,1275.4,1287.95,42414,50,0
2016-11-02 00:00:00+00:00,1288.36,1307.82,1287.21,1295.93,43032,50,0
2016-11-03 00:00:00+00:00,1297.54,1306.55,1285.5,1301.77,53063,50,0
2016-11-04 00:00:00+00:00,1302.07,1307.06,1294.59,1304.34,46937,50,0
2016-11-07 00:00:00+00:00,1292.2,1295.76,1278.04,1280.68,43866,50,0
2016-11-08 00:00:00+00:00,1280.68,1290.46,1272.7,1275.42,27548,50,0
2016-11-09 00:00:00+00:00,1275.33,1337.19,1268.12,1274.64,58707,50,0
2016-11-10 00:00:00+00:00,1274.5,1291.88,1252.13,1256.26,42540,50,0
2016-11-11 00:00:00+00:00,1256.16,1265.29,1218.96,1227.15,45601,50,0
2016-11-14 00:00:00+00:00,1217.96,1228.38,1211.41,1217.94,66563,50,0
2016-11-15 00:00:00+00:00,1217.93,1231.34,1217.7,1227.99,55652,50,0
2016-11-16 00:00:00+00:00,1227.97,1232.9,1221.28,1224.81,50850,50,0
2016-11-17 00:00:00+00:00,1224.79,1231.22,1210.91,1218.2,52264,50,0
2016-11-18 00:00:00+00:00,1218.26,1218.42,1202.85,1208.17,48525,50,0
2016-11-21 00:00:00+00:00,1207.44,1217.39,1205.44,1212.15,46365,50,0
2016-11-22 00:00:00+00:00,1212.22,1220.87,1205.96,1211.9,49749,50,0
2016-11-23 00:00:00+00:00,1212.01,1214.87,1181.61,1187.75,48000,50,0
2016-11-24 00:00:00+00:00,1187.69,1190.74,1180.24,1184.05,36626,50,0
2016-11-25 00:00:00+00:00,1182.35,1193.12,1170.83,1184.0,62027,50,0
2016-11-28 00:00:00+00:00,1184.62,1197.5,1182.63,1193.29,43178,50,0
2016-11-29 00:00:00+00:00,1193.29,1194.98,1180.88,1188.3,23145,50,0
2016-11-30 00:00:00+00:00,1188.3,1194.72,1170.61,1172.73,24541,50,0
2016-12-01 00:00:00+00:00,1172.8,1176.54,1160.6,1170.16,30434,50,0
2016-12-02 00:00:00+00:00,1170.25,1177.94,1166.63,1175.75,27779,50,0
2016-12-05 00:00:00+00:00,1181.16,1187.93,1157.04,1169.8,43746,50,0
2016-12-06 00:00:00+00:00,1169.86,1175.14,1166.78,1169.03,26621,50,0
2016-12-07 00:00:00+00:00,1169.04,1180.03,1165.51,1172.84,24026,50,0
2016-12-08 00:00:00+00:00,1172.88,1178.46,1169.03,1170.66,25461,50,0
2016-12-09 00:00:00+00:00,1170.77,1171.86,1156.18,1158.3,26382,50,0
2016-12-12 00:00:00+00:00,1158.82,1165.61,1151.3,1162.23,31326,50,0
2016-12-13 00:00:00+00:00,1162.12,1164.81,1154.45,1158.49,33153,50,0
2016-12-14 00:00:00+00:00,1158.51,1165.05,1139.3,1142.4,41379,50,0
2016-12-15 00:00:00+00:00,1142.29,1144.58,1122.69,1126.64,55906,50,0
2016-12-16 00:00:00+00:00,1126.71,1141.12,1126.49,1133.63,44933,50,0
2016-12-19 00:00:00+00:00,1133.69,1142.18,1133.55,1138.98,39706,50,0
2016-12-20 00:00:00+00:00,1139.0,1139.59,1125.58,1131.26,44477,50,0
2016-12-21 00:00:00+00:00,1131.37,1136.96,1129.25,1131.39,34968,50,0
2016-12-22 00:00:00+00:00,1131.41,1133.95,1127.66,1128.65,32498,50,0
2016-12-23 00:00:00+00:00,1128.68,1135.77,1127.99,1132.19,17508,50,0
2016-12-27 00:00:00+00:00,1131.2,1150.45,1131.2,1138.93,27014,50,0
2016-12-28 00:00:00+00:00,1138.88,1144.33,1136.31,1141.67,24780,50,0
2016-12-29 00:00:00+00:00,1141.72,1159.44,1141.2,1156.77,37033,50,0
2016-12-30 00:00:00+00:00,1156.72,1163.04,1149.44,1151.26,41258,50,0
2017-01-03 00:00:00+00:00,1150.32,1163.79,1145.83,1159.15,48365,50,0
2017-01-04 00:00:00+00:00,1159.21,1167.86,1156.02,1163.44,39574,50,0
2017-01-05 00:00:00+00:00,1163.39,1184.84,1162.43,1180.98,51265,0,0
2017-01-06 00:00:00+00:00,1180.93,1182.03,1170.77,1172.46,38087,50,0
2017-01-09 00:00:00+00:00,1172.63,1185.97,1171.8,1182.45,31525,50,0
2017-01-10 00:00:00+00:00,1182.43,1190.34,1179.87,1187.0,33594,50,0
2017-01-11 00:00:00+00:00,1186.99,1198.07,1176.96,1190.8,44864,50,0
2017-01-12 00:00:00+00:00,1190.75,1206.85,1190.6,1195.22,46861,50,0
2017-01-13 00:00:00+00:00,1195.17,1200.61,1187.6,1198.02,34999,50,0
2017-01-16 00:00:00+00:00,1200.05,1208.45,1198.09,1202.36,22318,50,0
2017-01-17 00:00:00+00:00,1202.92,1218.66,1202.54,1215.41,40107,50,0
2017-01-18 00:00:00+00:00,1215.46,1217.6,1202.2,1205.37,34967,50,0
2017-01-19 00:00:00+00:00,1205.52,1206.27,1195.67,1204.52,40625,50,0
2017-01-20 00:00:00+00:00,1204.57,1214.79,1198.44,1207.58,41368,50,0
2017-01-23 00:00:00+00:00,1209.55,1219.32,1209.11,1215.28,45397,50,0
2017-01-24 00:00:00+00:00,1215.23,1220.0,1206.42,1209.63,36495,50,0
2017-01-25 00:00:00+00:00,1209.69,1209.76,1193.05,1199.75,38033,50,0
2017-01-26 00:00:00+00:00,1199.8,1202.42,1184.26,1188.84,43809,50,0
2017-01-27 00:00:00+00:00,1188.79,1191.44,1180.4,1190.57,46852,50,0
2017-01-30 00:00:00+00:00,1192.76,1199.27,1188.09,1195.65,35759,50,0
2017-01-31 00:00:00+00:00,1195.55,1215.14,1193.63,1211.91,41454,50,0
2017-02-01 00:00:00+00:00,1212.01,1213.09,1198.04,1208.73,42177,50,0
2017-02-02 00:00:00+00:00,1208.78,1225.16,1208.23,1215.52,44311,50,0
2017-02-03 00:00:00+00:00,1215.48,1221.23,1206.71,1218.55,35939,50,0
2017-02-06 00:00:00+00:00,1219.91,1235.46,1219.01,1234.83,33356,50,0
2017-02-07 00:00:00+00:00,1234.81,1235.58,1227.55,1232.84,39521,50,0
2017-02-08 00:00:00+00:00,1232.85,1244.57,1229.86,1240.29,33560,50,0
2017-02-09 00:00:00+00:00,1240.23,1244.34,1230.16,1231.36,31062,50,0
2017-02-10 00:00:00+00:00,1231.27,1237.0,1221.51,1233.73,36412,50,0
2017-02-13 00:00:00+00:00,1232.44,1232.76,1219.14,1225.74,28793,50,0
2017-02-14 00:00:00+00:00,1225.71,1234.43,1221.69,1227.26,31744,50,0
2017-02-15 00:00:00+00:00,1227.3,1233.1,1216.54,1232.57,27170,50,0
2017-02-16 00:00:00+00:00,1232.58,1242.2,1231.95,1239.3,30212,50,0
2017-02-17 00:00:00+00:00,1239.25,1243.65,1236.33,1237.4,21688,50,0
2017-02-20 00:00:00+00:00,1234.99,1238.87,1232.61,1237.34,14353,50,0
2017-02-21 00:00:00+00:00,1237.65,1238.7,1226.02,1236.09,22020,50,0
2017-02-22 00:00:00+00:00,1236.05,1240.4,1230.99,1237.88,40483,50,0
2017-02-23 00:00:00+00:00,1237.93,1250.97,1235.55,1248.61,43775,50,0
2017-02-24 00:00:00+00:00,1248.55,1259.97,1247.65,1256.92,31322,50,0
2017-02-27 00:00:00+00:00,1257.6,1263.77,1250.7,1250.85,28942,50,0
2017-02-28 00:00:00+00:00,1250.9,1258.23,1247.48,1251.44,29446,50,0
2017-03-01 00:00:00+00:00,1251.49,1251.49,1236.72,1249.5,46502,50,0
2017-03-02 00:00:00+00:00,1249.53,1249.8,1230.8,1234.88,36032,50,0
2017-03-03 00:00:00+00:00,1234.84,1236.13,1222.75,1234.63,35325,50,0
2017-03-06 00:00:00+00:00,1233.36,1236.75,1224.72,1225.78,27357,50,0
2017-03-07 00:00:00+00:00,1225.83,1227.0,1213.96,1215.65,28253,50,0
2017-03-08 00:00:00+00:00,1215.55,1218.44,1206.46,1208.4,27586,50,0
2017-03-09 00:00:00+00:00,1208.45,1209.0,1201.28,1201.78,25896,50,0
2017-03-10 00:00:00+00:00,1201.83,1206.18,1194.84,1204.17,42669,50,0
2017-03-13 00:00:00+00:00,1205.5,1211.05,1202.27,1203.82,21693,50,0
2017-03-14 00:00:00+00:00,1203.77,1207.42,1197.14,1198.59,21874,50,0
2017-03-15 00:00:00+00:00,1198.8,1221.82,1197.39,1219.22,26353,50,0
2017-03-16 00:00:00+00:00,1217.94,1233.46,1217.94,1226.0,28778,50,0
2017-03-17 00:00:00+00:00,1226.7,1231.48,1224.35,1228.58,18767,50,0
2017-03-20 00:00:00+00:00,1229.88,1235.26,1229.12,1233.97,13718,50,0
2017-03-21 00:00:00+00:00,1234.27,1247.42,1226.72,1244.4,23148,50,0
2017-03-22 00:00:00+00:00,1244.29,1251.21,1243.87,1248.73,23452,50,0
2017-03-23 00:00:00+00:00,1248.03,1253.11,1242.57,1244.96,24222,50,0
2017-03-24 00:00:00+00:00,1244.21,1251.72,1240.78,1244.17,19816,50,0
2017-03-27 00:00:00+00:00,1247.98,1260.89,1247.91,1254.2,26385,50,0
2017-03-28 00:00:00+00:00,1253.56,1258.17,1247.52,1251.6,32959,50,0
2017-03-29 00:00:00+00:00,1251.25,1254.5,1247.13,1252.98,34222,50,0
2017-03-30 00:00:00+00:00,1252.85,1253.67,1242.2,1242.92,22560,50,0
2017-03-31 00:00:00+00:00,1244.0,1250.37,1239.48,1247.34,22813,50,0
2017-04-03 00:00:00+00:00,1248.2,1253.58,1244.34,1253.2,20466,50,0
2017-04-04 00:00:00+00:00,1253.89,1261.01,1253.89,1255.93,24122,50,0
2017-04-05 00:00:00+00:00,1255.83,1257.19,1243.69,1255.45,29898,50,0
2017-04-06 00:00:00+00:00,1255.72,1258.78,1249.64,1251.38,28630,50,0
2017-04-07 00:00:00+00:00,1251.7,1270.31,1250.46,1253.83,44653,50,0
2017-04-10 00:00:00+00:00,1254.58,1256.95,1246.92,1254.47,22715,50,0
2017-04-11 00:00:00+00:00,1254.95,1274.92,1252.94,1274.36,30511,50,0
2017-04-12 00:00:00+00:00,1273.9,1286.56,1271.9,1286.35,33597,50,0
2017-04-13 00:00:00+00:00,1284.85,1288.5,1281.62,1286.71,30490,50,0
2017-04-17 00:00:00+00:00,1291.4,1292.74,1281.21,1284.2,28956,50,0
2017-04-18 00:00:00+00:00,1284.5,1292.18,1278.8,1289.18,34983,50,0
2017-04-19 00:00:00+00:00,1289.36,1290.6,1273.9,1279.39,36396,50,0
2017-04-20 00:00:00+00:00,1279.29,1283.24,1276.54,1281.43,36193,50,0
2017-04-21 00:00:00+00:00,1281.43,1288.11,1278.34,1284.35,30283,50,0
2017-04-24 00:00:00+00:00,1270.38,1277.33,1264.9,1275.11,47791,50,0
2017-04-25 00:00:00+00:00,1276.1,1278.03,1261.42,1263.65,37081,50,0
2017-04-26 00:00:00+00:00,1263.7,1270.44,1259.83,1268.82,40451,50,0
2017-04-27 00:00:00+00:00,1268.77,1269.4,1261.05,1264.08,28026,50,0
2017-04-28 00:00:00+00:00,1264.01,1268.33,1262.87,1267.54,22780,50,0
2017-05-01 00:00:00+00:00,1268.38,1271.11,1254.06,1256.09,32244,50,0
2017-05-02 00:00:00+00:00,1255.93,1257.62,1251.77,1256.6,31817,50,0
2017-05-03 00:00:00+00:00,1256.3,1256.78,1235.65,1238.44,38694,50,0
2017-05-04 00:00:00+00:00,1237.77,1241.14,1225.53,1227.56,42413,50,0
2017-05-05 00:00:00+00:00,1228.44,1235.46,1225.9,1227.25,48864,50,0
2017-05-08 00:00:00+00:00,1225.04,1236.38,1224.89,1225.85,43716,50,0
2017-05-09 00:00:00+00:00,1226.57,1228.46,1214.01,1221.06,41984,50,0
2017-05-10 00:00:00+00:00,1221.28,1225.48,1217.41,1218.46,32151,50,0
2017-05-11 00:00:00+00:00,1219.05,1227.48,1216.76,1224.73,31751,50,0
2017-05-12 00:00:00+00:00,1225.4,1231.56,1224.3,1228.08,29207,50,0
2017-05-15 00:00:00+00:00,1229.81,1237.17,1226.8,1229.92,27581,50,0
2017-05-16 00:00:00+00:00,1231.03,1238.94,1230.16,1236.63,26427,50,0
2017-05-17 00:00:00+00:00,1236.51,1261.22,1236.21,1261.12,45564,50,0
2017-05-18 00:00:00+00:00,1260.15,1264.91,1245.94,1246.8,50301,50,0
2017-05-19 00:00:00+00:00,1246.47,1256.29,1246.47,1255.02,33825,50,0
2017-05-22 00:00:00+00:00,1255.09,1262.47,1251.59,1260.2,29316,50,0
2017-05-23 00:00:00+00:00,1260.3,1263.61,1250.53,1250.92,41018,50,0
2017-05-24 00:00:00+00:00,1251.49,1258.83,1247.69,1258.22,30870,50,0
2017-05-25 00:00:00+00:00,1257.86,1259.49,1253.68,1255.53,38534,50,0
2017-05-26 00:00:00+00:00,1255.3,1269.35,1252.93,1266.88,45216,50,0
2017-05-29 00:00:00+00:00,1267.49,1268.99,1264.7,1266.45,11038,50,0
2017-05-30 00:00:00+00:00,1266.72,1270.35,1259.21,1262.88,26957,50,0
2017-05-31 00:00:00+00:00,1262.38,1273.95,1259.42,1268.62,27858,50,0
2017-06-01 00:00:00+00:00,1268.79,1270.16,1261.36,1265.65,25922,50,0
2017-06-02 00:00:00+00:00,1265.74,1279.37,1258.93,1278.49,29728,50,0
2017-06-05 00:00:00+00:00,1278.65,1283.27,1277.61,1279.18,24963,50,0
2017-06-06 00:00:00+00:00,1279.87,1295.89,1279.47,1293.79,34187,50,0
2017-06-07 00:00:00+00:00,1294.15,1294.84,1282.51,1286.58,32823,50,0
2017-06-08 00:00:00+00:00,1286.84,1288.8,1271.1,1277.46,36012,50,0
2017-06-09 00:00:00+00:00,1280.3,1280.75,1264.48,1266.54,41860,50,0
2017-06-12 00:00:00+00:00,1266.89,1270.23,1263.42,1265.75,29305,50,0
2017-06-13 00:00:00+00:00,1265.35,1268.81,1258.93,1266.34,26302,50,0
2017-06-14 00:00:00+00:00,1266.13,1279.96,1256.99,1261.27,44743,50,0
2017-06-15 00:00:00+00:00,1260.39,1266.58,1251.23,1253.68,43082,50,0
2017-06-16 00:00:00+00:00,1253.97,1257.0,1251.65,1253.32,28621,50,0
2017-06-19 00:00:00+00:00,1253.88,1255.54,1242.86,1243.45,24591,50,0
2017-06-20 00:00:00+00:00,1243.85,1247.91,1241.15,1242.86,24278,50,0
2017-06-21 00:00:00+00:00,1242.75,1247.67,1240.85,1246.17,24944,50,0
2017-06-22 00:00:00+00:00,1245.8,1254.54,1245.66,1250.27,27072,50,0
2017-06-23 00:00:00+00:00,1250.26,1258.69,1249.62,1256.56,20489,50,0
2017-06-26 00:00:00+00:00,1257.17,1257.97,1235.89,1244.19,27175,50,0
2017-06-27 00:00:00+00:00,1244.25,1252.97,1241.21,1246.7,26053,50,0
2017-06-28 00:00:00+00:00,1246.78,1254.46,1246.19,1248.91,27876,50,0
2017-06-29 00:00:00+00:00,1248.86,1253.03,1239.66,1244.97,37225,50,0
2017-06-30 00:00:00+00:00,1245.25,1248.1,1239.04,1241.39,28504,50,0
2017-07-03 00:00:00+00:00,1241.39,1242.57,1218.29,1219.36,29856,50,0
2017-07-04 00:00:00+00:00,1220.74,1226.31,1220.42,1222.4,18139,50,0
2017-07-05 00:00:00+00:00,1223.49,1228.67,1217.28,1226.53,29854,50,0
2017-07-06 00:00:00+00:00,1226.76,1229.08,1222.35,1224.76,27871,50,0
2017-07-07 00:00:00+00:00,1224.96,1228.3,1207.1,1212.19,33003,50,0
2017-07-10 00:00:00+00:00,1213.54,1215.1,1204.59,1214.09,26774,50,0
2017-07-11 00:00:00+00:00,1214.09,1217.32,1208.01,1217.2,24651,50,0
2017-07-12 00:00:00+00:00,1216.79,1225.52,1213.39,1220.06,28096,50,0
2017-07-13 00:00:00+00:00,1219.65,1224.29,1216.4,1217.21,49034,50,0
2017-07-14 00:00:00+00:00,1216.76,1232.68,1214.64,1228.78,50529,50,0
2017-07-17 00:00:00+00:00,1229.03,1235.85,1228.13,1233.91,39327,50,0
2017-07-18 00:00:00+00:00,1233.96,1244.37,1232.64,1242.26,48686,50,0
2017-07-19 00:00:00+00:00,1240.68,1243.82,1235.85,1241.07,46378,50,0
2017-07-20 00:00:00+00:00,1237.71,1247.34,1235.13,1244.38,52579,50,0
2017-07-21 00:00:00+00:00,1242.97,1255.52,1242.97,1254.48,58810,50,0
2017-07-24 00:00:00+00:00,1255.29,1258.62,1251.74,1255.01,58378,50,0
2017-07-25 00:00:00+00:00,1254.9,1257.58,1248.95,1249.63,62980,50,0
2017-07-26 00:00:00+00:00,1250.18,1263.25,1243.62,1260.71,78511,50,0
2017-07-27 00:00:00+00:00,1260.29,1265.2,1254.29,1258.83,76351,50,0
2017-07-28 00:00:00+00:00,1258.73,1270.72,1257.2,1268.82,68373,50,0
2017-07-31 00:00:00+00:00,1269.7,1270.89,1265.62,1269.31,17740,50,0
2017-08-01 00:00:00+00:00,1269.0,1273.88,1262.41,1268.59,49002,50,0
2017-08-02 00:00:00+00:00,1268.64,1272.68,1262.74,1266.39,43848,50,0
2017-08-03 00:00:00+00:00,1265.85,1270.68,1256.99,1268.31,49086,50,0
2017-08-04 00:00:00+00:00,1269.28,1269.95,1253.99,1258.7,46049,50,0
2017-08-07 00:00:00+00:00,1258.69,1259.78,1255.59,1257.58,38163,50,0
2017-08-08 00:00:00+00:00,1256.95,1265.05,1251.21,1260.44,50275,50,0
2017-08-09 00:00:00+00:00,1261.03,1278.56,1260.65,1277.26,76407,50,0
2017-08-10 00:00:00+00:00,1276.93,1287.63,1274.5,1285.95,74407,50,0
2017-08-11 00:00:00+00:00,1286.6,1291.75,1281.1,1290.36,74735,50,0
2017-08-14 00:00:00+00:00,1289.99,1289.99,1278.44,1281.62,60089,50,0
2017-08-15 00:00:00+00:00,1281.74,1282.14,1267.13,1271.18,60883,50,0
2017-08-16 00:00:00+00:00,1271.38,1283.66,1267.62,1282.87,59045,50,0
2017-08-17 00:00:00+00:00,1283.89,1289.95,1281.76,1287.61,66156,50,0
2017-08-18 00:00:00+00:00,1288.09,1300.6,1283.37,1284.62,78389,50,0
2017-08-21 00:00:00+00:00,1283.33,1293.74,1280.43,1291.66,57216,50,0
2017-08-22 00:00:00+00:00,1291.57,1292.41,1281.88,1284.6,50181,50,0
2017-08-23 00:00:00+00:00,1285.04,1291.12,1282.62,1290.54,46343,50,0
2017-08-24 00:00:00+00:00,1290.25,1290.99,1284.42,1286.07,48923,50,0
2017-08-25 00:00:00+00:00,1286.32,1294.3,1276.48,1291.27,55842,50,0
2017-08-28 00:00:00+00:00,1292.17,1311.9,1291.66,1308.99,80237,50,0
2017-08-29 00:00:00+00:00,1318.27,1325.84,1304.86,1309.15,97571,50,0
2017-08-30 00:00:00+00:00,1308.91,1313.32,1305.05,1308.55,61562,50,0
2017-08-31 00:00:00+00:00,1308.55,1323.43,1300.39,1321.12,77544,50,0
2017-09-01 00:00:00+00:00,1321.59,1328.58,1316.32,1324.43,63285,50,0
2017-09-04 00:00:00+00:00,1337.79,1339.58,1331.65,1333.85,68133,50,0
2017-09-05 00:00:00+00:00,1336.46,1344.19,1326.17,1339.35,84808,50,0
2017-09-06 00:00:00+00:00,1339.59,1342.31,1331.55,1334.01,96504,50,0
2017-09-07 00:00:00+00:00,1334.12,1349.69,1332.38,1348.69,81647,50,0
2017-09-08 00:00:00+00:00,1348.68,1357.36,1342.62,1346.37,92576,50,0
2017-09-11 00:00:00+00:00,1335.69,1339.97,1326.19,1327.4,104024,50,0
2017-09-12 00:00:00+00:00,1327.68,1331.94,1322.5,1331.67,98282,50,0
2017-09-13 00:00:00+00:00,1332.77,1334.56,1320.7,1323.01,80601,50,0
2017-09-14 00:00:00+00:00,1323.37,1330.65,1315.56,1329.53,93859,50,0
2017-09-15 00:00:00+00:00,1318.35,1334.17,1318.35,1320.1,86459,50,0
2017-09-18 00:00:00+00:00,1318.99,1319.88,1304.46,1307.21,54734,50,0
2017-09-19 00:00:00+00:00,1307.67,1311.5,1304.95,1310.53,64869,50,0
2017-09-20 00:00:00+00:00,1311.06,1315.85,1295.86,1300.81,78742,50,0
2017-09-21 00:00:00+00:00,1300.94,1301.82,1288.02,1290.93,87849,50,0
2017-09-22 00:00:00+00:00,1291.15,1298.55,1291.12,1296.83,62545,50,0
2017-09-25 00:00:00+00:00,1297.76,1311.97,1288.77,1310.4,70157,50,0
2017-09-26 00:00:00+00:00,1310.18,1313.51,1292.06,1293.57,74767,50,0
2017-09-27 00:00:00+00:00,1294.11,1296.07,1281.32,1282.27,74026,50,0
2017-09-28 00:00:00+00:00,1282.9,1288.63,1277.55,1286.92,66745,50,0
2017-09-29 00:00:00+00:00,1286.91,1290.19,1275.78,1279.39,64568,50,0
2017-10-02 00:00:00+00:00,1278.57,1280.07,1269.45,1270.56,53783,50,0
2017-10-03 00:00:00+00:00,1270.52,1274.51,1268.17,1271.34,43835,50,0
2017-10-04 00:00:00+00:00,1271.48,1282.05,1270.47,1274.33,53877,50,0
2017-10-05 00:00:00+00:00,1274.73,1278.82,1266.48,1267.79,45169,50,0
2017-10-06 00:00:00+00:00,1268.51,1276.28,1260.35,1276.2,52373,50,0
2017-10-09 00:00:00+00:00,1275.3,1285.3,1275.13,1283.8,53746,50,0
2017-10-10 00:00:00+00:00,1283.94,1294.01,1281.93,1287.51,72522,50,0
2017-10-11 00:00:00+00:00,1287.66,1293.38,1284.4,1291.5,67029,50,0
2017-10-12 00:00:00+00:00,1291.63,1297.31,1289.48,1293.26,60183,50,0
2017-10-13 00:00:00+00:00,1293.23,1303.63,1290.55,1303.26,61996,50,0
2017-10-16 00:00:00+00:00,1302.33,1305.86,1290.41,1294.85,57701,50,0
2017-10-17 00:00:00+00:00,1294.69,1296.14,1281.4,1284.57,59747,50,0
2017-10-18 00:00:00+00:00,1284.57,1288.72,1276.84,1280.71,52465,50,0
2017-10-19 00:00:00+00:00,1277.34,1290.28,1276.52,1289.37,67191,50,0
2017-10-20 00:00:00+00:00,1289.25,1290.9,1277.77,1280.01,65197,50,0
2017-10-23 00:00:00+00:00,1278.34,1283.12,1272.4,1281.74,65664,50,0
2017-10-24 00:00:00+00:00,1280.76,1283.47,1273.57,1276.46,61110,50,0
2017-10-25 00:00:00+00:00,1273.27,1279.82,1270.8,1277.31,74849,50,0
2017-10-26 00:00:00+00:00,1276.05,1282.38,1265.53,1266.8,64792,50,0
2017-10-27 00:00:00+00:00,1265.37,1272.77,1263.45,1271.47,56802,50,0
2017-10-30 00:00:00+00:00,1273.1,1278.61,1268.79,1276.13,57502,50,0
2017-10-31 00:00:00+00:00,1275.91,1277.98,1267.54,1270.71,48976,50,0
2017-11-01 00:00:00+00:00,1270.44,1280.68,1267.82,1274.28,72207,50,0
2017-11-02 00:00:00+00:00,1274.45,1283.96,1273.13,1275.69,69917,50,0
2017-11-03 00:00:00+00:00,1276.71,1279.82,1265.35,1270.39,38570,50,0
2017-11-06 00:00:00+00:00,1269.93,1282.75,1265.89,1280.91,56734,50,0
2017-11-07 00:00:00+00:00,1281.58,1281.72,1271.73,1276.18,59149,50,0
2017-11-08 00:00:00+00:00,1275.27,1287.01,1275.27,1280.35,66305,50,0
2017-11-09 00:00:00+00:00,1280.54,1288.31,1279.78,1285.98,81124,50,0
2017-11-10 00:00:00+00:00,1284.65,1286.88,1273.23,1275.79,74823,50,0
2017-11-13 00:00:00+00:00,1274.77,1279.62,1274.14,1277.43,57795,50,0
2017-11-14 00:00:00+00:00,1277.81,1283.41,1269.84,1280.04,68499,50,0
2017-11-15 00:00:00+00:00,1280.09,1289.27,1276.53,1278.44,73665,50,0
2017-11-16 00:00:00+00:00,1276.98,1281.62,1274.95,1278.61,54036,50,0
2017-11-17 00:00:00+00:00,1277.59,1296.74,1277.59,1293.26,65028,50,0
2017-11-20 00:00:00+00:00,1292.61,1294.55,1274.35,1277.03,49560,50,0
2017-11-21 00:00:00+00:00,1276.79,1284.56,1276.08,1279.75,25610,50,0
2017-11-22 00:00:00+00:00,1281.42,1294.48,1278.89,1291.41,25991,50,0
2017-11-23 00:00:00+00:00,1291.68,1293.38,1286.94,1290.92,19047,50,0
2017-11-24 00:00:00+00:00,1291.15,1293.08,1285.8,1288.31,49185,50,0
2017-11-27 00:00:00+00:00,1288.62,1299.05,1286.54,1293.75,76083,50,0
2017-11-28 00:00:00+00:00,1293.78,1297.24,1290.63,1293.19,76289,50,0
2017-11-29 00:00:00+00:00,1293.19,1296.51,1281.84,1284.79,72426,50,0
2017-11-30 00:00:00+00:00,1284.68,1285.11,1270.15,1274.78,77275,50,0
2017-12-01 00:00:00+00:00,1275.28,1289.04,1271.49,1281.83,76345,50,0
2017-12-04 00:00:00+00:00,1273.4,1276.97,1271.01,1276.17,71334,50,0
2017-12-05 00:00:00+00:00,1276.33,1276.95,1260.8,1267.16,64232,50,0
2017-12-06 00:00:00+00:00,1266.37,1269.1,1261.43,1264.54,68710,50,0
2017-12-07 00:00:00+00:00,1264.15,1264.35,1243.73,1247.96,101596,50,0
2017-12-08 00:00:00+00:00,1247.97,1252.17,1243.93,1247.8,74349,50,0
2017-12-11 00:00:00+00:00,1247.7,1251.37,1240.58,1242.65,85087,50,0
2017-12-12 00:00:00+00:00,1242.68,1246.05,1236.33,1244.12,61924,50,0
2017-12-13 00:00:00+00:00,1244.55,1256.77,1240.11,1255.0,83632,50,0
2017-12-14 00:00:00+00:00,1255.01,1258.9,1250.32,1252.68,89152,50,0
2017-12-15 00:00:00+00:00,1252.58,1261.66,1247.08,1255.83,72464,50,0
2017-12-18 00:00:00+00:00,1255.07,1263.78,1252.63,1261.23,54722,50,0
2017-12-19 00:00:00+00:00,1261.31,1265.03,1259.08,1261.92,59316,50,0
2017-12-20 00:00:00+00:00,1262.01,1267.72,1260.35,1265.29,58625,50,0
2017-12-21 00:00:00+00:00,1265.22,1268.8,1262.59,1267.69,49445,50,0
2017-12-22 00:00:00+00:00,1267.7,1275.95,1264.86,1274.23,50197,50,0
2017-12-26 00:00:00+00:00,1273.85,1283.62,1273.26,1282.66,39560,50,0
2017-12-27 00:00:00+00:00,1282.5,1288.82,1281.12,1287.84,56127,50,0
2017-12-28 00:00:00+00:00,1287.54,1294.99,1286.67,1294.25,54868,50,0
2017-12-29 00:00:00+00:00,1294.55,1307.38,1293.62,1303.03,65659,50,0
2018-01-02 00:00:00+00:00,1307.88,1318.3,1307.88,1318.08,21216,50,0
2018-01-03 00:00:00+00:00,1317.76,1321.32,1307.25,1314.27,27988,50,0
2018-01-04 00:00:00+00:00,1315.15,1325.81,1305.71,1322.09,27603,50,0
2018-01-05 00:00:00+00:00,1322.1,1323.86,1313.51,1320.09,24531,50,0
2018-01-08 00:00:00+00:00,1320.27,1321.97,1314.6,1319.83,68120,50,0
2018-01-09 00:00:00+00:00,1320.05,1320.53,1308.65,1313.62,79716,50,0
2018-01-10 00:00:00+00:00,1313.72,1327.61,1308.01,1317.48,90459,50,0
2018-01-11 00:00:00+00:00,1317.4,1323.78,1315.55,1321.51,81367,50,0
2018-01-12 00:00:00+00:00,1322.07,1339.17,1321.3,1338.73,63575,50,0
2018-01-15 00:00:00+00:00,1336.76,1344.52,1335.78,1339.85,49922,50,0
2018-01-16 00:00:00+00:00,1340.24,1342.18,1331.7,1339.22,66826,50,0
2018-01-17 00:00:00+00:00,1338.72,1343.81,1326.68,1328.82,73103,50,0
2018-01-18 00:00:00+00:00,1328.7,1332.97,1324.07,1326.38,68301,50,0
2018-01-19 00:00:00+00:00,1326.29,1337.8,1325.84,1332.72,62245,50,0
2018-01-22 00:00:00+00:00,1334.57,1335.5,1328.28,1334.64,61202,50,0
2018-01-23 00:00:00+00:00,1334.62,1341.59,1331.21,1340.8,56440,50,0
2018-01-24 00:00:00+00:00,1340.91,1361.87,1339.34,1357.58,67014,50,0
2018-01-25 00:00:00+00:00,1358.0,1365.92,1342.47,1347.77,80275,50,0
2018-01-26 00:00:00+00:00,1348.4,1356.89,1344.4,1349.36,96296,50,0
2018-01-29 00:00:00+00:00,1349.2,1352.23,1337.44,1341.98,86653,50,0
2018-01-30 00:00:00+00:00,1341.38,1348.7,1334.26,1336.52,76437,50,0
2018-01-31 00:00:00+00:00,1337.92,1347.34,1332.28,1345.62,69374,50,0
2018-02-01 00:00:00+00:00,1345.06,1350.43,1337.1,1350.07,81964,50,0
2018-02-02 00:00:00+00:00,1350.41,1350.81,1327.23,1329.64,92080,50,0
2018-02-05 00:00:00+00:00,1331.69,1341.38,1328.86,1337.0,96193,50,0
2018-02-06 00:00:00+00:00,1337.59,1345.95,1320.02,1321.25,155457,50,0
2018-02-07 00:00:00+00:00,1322.48,1332.09,1311.28,1315.09,112872,50,0
2018-02-08 00:00:00+00:00,1314.86,1321.92,1306.92,1317.39,79825,50,0
2018-02-09 00:00:00+00:00,1317.0,1322.54,1311.05,1312.87,81291,50,0
2018-02-12 00:00:00+00:00,1315.18,1326.43,1314.04,1321.17,61237,50,0
2018-02-13 00:00:00+00:00,1321.17,1330.84,1321.13,1329.06,58662,50,0
2018-02-14 00:00:00+00:00,1329.12,1355.29,1318.45,1351.79,67616,50,0
2018-02-15 00:00:00+00:00,1351.47,1356.94,1348.4,1353.09,59405,50,0
2018-02-16 00:00:00+00:00,1352.34,1361.56,1344.64,1348.46,60557,50,0
2018-02-19 00:00:00+00:00,1347.43,1351.25,1345.61,1346.45,31571,50,0
2018-02-20 00:00:00+00:00,1346.36,1348.12,1328.27,1330.1,52266,50,0
2018-02-21 00:00:00+00:00,1330.43,1336.08,1322.28,1323.94,64532,50,0
2018-02-22 00:00:00+00:00,1324.49,1331.92,1320.78,1330.97,64503,50,0
2018-02-23 00:00:00+00:00,1330.73,1331.98,1325.65,1329.22,49453,50,0
2018-02-26 00:00:00+00:00,1327.82,1340.79,1326.36,1333.12,55883,50,0
2018-02-27 00:00:00+00:00,1333.2,1336.56,1313.3,1318.48,51458,50,0
2018-02-28 00:00:00+00:00,1318.51,1322.27,1315.37,1317.37,50502,50,0
2018-03-01 00:00:00+00:00,1317.4,1320.9,1302.66,1315.3,76882,50,0
2018-03-02 00:00:00+00:00,1316.17,1325.21,1315.05,1322.62,55791,50,0
2018-03-05 00:00:00+00:00,1323.54,1327.56,1317.41,1319.18,42455,50,0
2018-03-06 00:00:00+00:00,1319.74,1338.33,1319.57,1333.38,43478,50,0
2018-03-07 00:00:00+00:00,1333.48,1340.4,1322.02,1324.75,57316,50,0
2018-03-08 00:00:00+00:00,1325.64,1328.83,1318.91,1321.89,53948,50,0
2018-03-09 00:00:00+00:00,1321.69,1325.0,1312.8,1322.73,47842,50,0
2018-03-12 00:00:00+00:00,1323.51,1324.24,1314.93,1322.75,33983,50,0
2018-03-13 00:00:00+00:00,1322.86,1328.1,1314.15,1326.14,44478,50,0
2018-03-14 00:00:00+00:00,1326.45,1329.89,1321.3,1324.67,42007,50,0
2018-03-15 00:00:00+00:00,1324.1,1327.73,1314.76,1315.96,43121,50,0
2018-03-16 00:00:00+00:00,1316.31,1321.52,1309.48,1313.4,38688,50,0
2018-03-19 00:00:00+00:00,1313.57,1319.44,1307.54,1316.65,38334,50,0
2018-03-20 00:00:00+00:00,1316.64,1318.1,1307.01,1310.93,40156,50,0
2018-03-21 00:00:00+00:00,1310.54,1336.42,1309.69,1331.73,52291,50,0
2018-03-22 00:00:00+00:00,1332.09,1334.77,1324.61,1328.72,53133,50,0
2018-03-23 00:00:00+00:00,1329.39,1350.02,1329.24,1347.52,66775,50,0
2018-03-26 00:00:00+00:00,1347.75,1355.75,1343.31,1353.2,60753,50,0
2018-03-27 00:00:00+00:00,1353.3,1356.68,1339.69,1344.43,63153,50,0
2018-03-28 00:00:00+00:00,1345.28,1346.82,1323.34,1324.76,34389,50,0
2018-03-29 00:00:00+00:00,1324.49,1328.15,1320.99,1325.34,30073,50,0
2018-04-02 00:00:00+00:00,1325.44,1344.66,1324.52,1341.13,47412,50,0
2018-04-03 00:00:00+00:00,1340.52,1342.27,1328.77,1332.63,47002,50,0
2018-04-04 00:00:00+00:00,1332.39,1348.02,1331.36,1333.11,51378,50,0
2018-04-05 00:00:00+00:00,1332.8,1334.73,1322.56,1326.41,46904,50,0
2018-04-06 00:00:00+00:00,1327.08,1335.22,1320.16,1333.23,53434,50,0
2018-04-09 00:00:00+00:00,1334.01,1337.75,1326.69,1335.97,53332,50,0
2018-04-10 00:00:00+00:00,1336.62,1342.38,1330.98,1339.27,54510,50,0
2018-04-11 00:00:00+00:00,1338.96,1365.07,1338.95,1353.02,74449,50,0
2018-04-12 00:00:00+00:00,1352.5,1353.02,1333.56,1334.95,63505,50,0
2018-04-13 00:00:00+00:00,1335.45,1346.96,1333.29,1345.02,63777,50,0
2018-04-16 00:00:00+00:00,1344.36,1350.31,1339.89,1345.52,63738,50,0
2018-04-17 00:00:00+00:00,1345.8,1349.22,1337.49,1347.03,60315,50,0
2018-04-18 00:00:00+00:00,1346.95,1355.51,1342.1,1349.14,61645,50,0
2018-04-19 00:00:00+00:00,1349.07,1354.5,1340.82,1345.35,71067,50,0
2018-04-20 00:00:00+00:00,1345.17,1346.05,1334.79,1335.32,54905,50,0
2018-04-23 00:00:00+00:00,1334.32,1335.29,1321.93,1324.61,56209,50,0
2018-04-24 00:00:00+00:00,1324.93,1332.47,1321.9,1330.1,56942,50,0
2018-04-25 00:00:00+00:00,1329.95,1331.87,1318.58,1323.11,50674,50,0
2018-04-26 00:00:00+00:00,1322.01,1326.35,1315.07,1316.72,50156,50,0
2018-04-27 00:00:00+00:00,1317.23,1325.04,1315.29,1322.85,48159,50,0
2018-04-30 00:00:00+00:00,1323.4,1324.73,1310.05,1315.04,57307,50,0
2018-05-01 00:00:00+00:00,1315.79,1316.18,1301.61,1303.7,53010,50,0
2018-05-02 00:00:00+00:00,1304.55,1313.33,1303.7,1304.72,64989,50,0
2018-05-03 00:00:00+00:00,1305.52,1317.95,1305.28,1312.0,23441,50,0
2018-05-04 00:00:00+00:00,1312.31,1315.1,1307.81,1314.51,21074,50,0
2018-05-07 00:00:00+00:00,1318.26,1318.67,1310.01,1314.07,15408,50,0
2018-05-08 00:00:00+00:00,1314.01,1316.84,1308.48,1314.26,11505,50,0
2018-05-09 00:00:00+00:00,1314.88,1317.27,1304.1,1312.5,26072,50,0
2018-05-10 00:00:00+00:00,1311.85,1322.67,1310.58,1321.0,25450,50,0
2018-05-11 00:00:00+00:00,1321.27,1325.79,1317.02,1317.88,19779,50,0
2018-05-14 00:00:00+00:00,1318.62,1322.18,1312.82,1313.16,17293,50,0
2018-05-15 00:00:00+00:00,1314.06,1314.72,1288.54,1290.26,24082,50,0
2018-05-16 00:00:00+00:00,1290.49,1296.76,1286.24,1290.54,23441,50,0
2018-05-17 00:00:00+00:00,1290.73,1294.22,1285.04,1290.65,20525,50,0
2018-05-18 00:00:00+00:00,1290.38,1294.01,1285.84,1292.45,18865,50,0
2018-05-21 00:00:00+00:00,1290.37,1292.94,1281.88,1292.44,18125,50,0
2018-05-22 00:00:00+00:00,1292.56,1295.91,1287.75,1291.13,20239,50,0
2018-05-23 00:00:00+00:00,1291.14,1297.7,1287.76,1293.22,27378,50,0
2018-05-24 00:00:00+00:00,1293.9,1306.43,1292.58,1304.58,23493,50,0
2018-05-25 00:00:00+00:00,1304.38,1307.54,1299.71,1300.56,21078,50,0
2018-05-28 00:00:00+00:00,1298.39,1300.21,1295.37,1298.03,11418,50,0
2018-05-29 00:00:00+00:00,1297.58,1306.34,1292.7,1298.84,44997,50,0
2018-05-30 00:00:00+00:00,1299.55,1304.21,1295.7,1301.11,36405,50,0
2018-05-31 00:00:00+00:00,1301.33,1306.32,1297.46,1298.03,30719,50,0
2018-06-01 00:00:00+00:00,1298.78,1300.44,1289.06,1293.2,26065,50,0
2018-06-04 00:00:00+00:00,1293.2,1297.86,1290.02,1291.77,18223,50,0
2018-06-05 00:00:00+00:00,1292.14,1300.36,1289.59,1296.19,20830,50,0
2018-06-06 00:00:00+00:00,1296.57,1301.58,1293.6,1296.34,19973,50,0
2018-06-07 00:00:00+00:00,1296.47,1302.99,1294.71,1296.83,22414,50,0
2018-06-08 00:00:00+00:00,1297.07,1300.38,1292.29,1298.52,21196,50,0
2018-06-11 00:00:00+00:00,1299.49,1302.09,1298.73,1300.09,4153,50,0
2018-06-12 00:00:00+00:00,1299.87,1299.99,1293.03,1295.74,21393,50,0
2018-06-13 00:00:00+00:00,1295.69,1301.0,1291.16,1299.34,18443,50,0
2018-06-14 00:00:00+00:00,1299.63,1309.1,1297.36,1302.01,21175,50,0
2018-06-15 00:00:00+00:00,1301.92,1303.0,1275.25,1280.13,24764,50,0
2018-06-18 00:00:00+00:00,1279.71,1282.23,1277.6,1278.21,12698,50,0
2018-06-19 00:00:00+00:00,1283.34,1283.9,1270.26,1274.34,17617,50,0
2018-06-20 00:00:00+00:00,1274.88,1276.25,1267.49,1267.51,18690,50,0
2018-06-21 00:00:00+00:00,1268.06,1269.96,1261.21,1266.98,21823,50,0
2018-06-22 00:00:00+00:00,1267.26,1271.24,1266.46,1269.16,18013,50,0
2018-06-25 00:00:00+00:00,1266.88,1270.37,1264.34,1265.27,13717,50,0
2018-06-26 00:00:00+00:00,1266.19,1267.5,1254.55,1258.74,20437,50,0
2018-06-27 00:00:00+00:00,1258.48,1259.92,1250.5,1251.94,25095,50,0
2018-06-28 00:00:00+00:00,1251.98,1254.06,1245.78,1247.99,20673,50,0
2018-06-29 00:00:00+00:00,1247.76,1255.46,1245.95,1252.96,21119,50,0
2018-07-02 00:00:00+00:00,1252.93,1254.08,1239.51,1241.78,16158,50,0
2018-07-03 00:00:00+00:00,1239.25,1256.62,1239.19,1252.63,25313,50,0
2018-07-04 00:00:00+00:00,1252.21,1260.98,1252.21,1256.51,17171,50,0
2018-07-05 00:00:00+00:00,1256.28,1259.55,1251.11,1257.57,19213,50,0
2018-07-06 00:00:00+00:00,1257.51,1258.59,1252.59,1254.49,18508,50,0
2018-07-09 00:00:00+00:00,1256.38,1265.67,1255.35,1257.44,15636,50,0
2018-07-10 00:00:00+00:00,1257.52,1260.17,1247.09,1255.38,18378,50,0
2018-07-11 00:00:00+00:00,1255.19,1256.74,1241.32,1241.91,24619,50,0
2018-07-12 00:00:00+00:00,1242.21,1248.38,1241.15,1246.73,16988,50,0
2018-07-13 00:00:00+00:00,1246.63,1248.01,1236.41,1241.0,19141,50,0
2018-07-16 00:00:00+00:00,1241.35,1245.37,1238.13,1240.78,14606,50,0
2018-07-17 00:00:00+00:00,1240.5,1244.85,1225.87,1227.42,19881,50,0
2018-07-18 00:00:00+00:00,1227.28,1228.96,1220.92,1227.0,40161,30,0
2018-07-19 00:00:00+00:00,1226.96,1228.92,1211.3,1222.52,73531,30,0
2018-07-20 00:00:00+00:00,1223.9,1232.15,1215.52,1231.53,75311,30,0
2018-07-23 00:00:00+00:00,1231.47,1235.06,1222.2,1224.27,129889,30,0
2018-07-24 00:00:00+00:00,1224.86,1229.43,1218.05,1224.18,113593,30,0
2018-07-25 00:00:00+00:00,1224.8,1234.04,1223.18,1231.53,118650,30,0
2018-07-26 00:00:00+00:00,1230.94,1235.13,1222.28,1222.45,143010,30,0
2018-07-27 00:00:00+00:00,1223.19,1227.25,1217.49,1222.86,126466,30,0
2018-07-30 00:00:00+00:00,1223.09,1224.98,1218.95,1221.36,84125,30,0
2018-07-31 00:00:00+00:00,1221.53,1228.51,1213.91,1223.49,126772,30,0
2018-08-01 00:00:00+00:00,1223.92,1224.73,1215.69,1215.81,118439,30,0
2018-08-02 00:00:00+00:00,1216.39,1221.04,1207.02,1207.55,125640,30,0
2018-08-03 00:00:00+00:00,1208.67,1219.97,1204.48,1213.48,94431,30,0
2018-08-06 00:00:00+00:00,1213.36,1217.83,1206.28,1207.32,46958,30,0
2018-08-07 00:00:00+00:00,1207.85,1216.07,1207.67,1210.6,86620,30,0
2018-08-08 00:00:00+00:00,1211.21,1215.75,1206.57,1213.55,87080,30,0
2018-08-09 00:00:00+00:00,1213.26,1217.21,1210.7,1212.14,78437,30,0
2018-08-10 00:00:00+00:00,1212.34,1216.97,1205.64,1211.46,52761,30,0
2018-08-13 00:00:00+00:00,1212.81,1213.77,1191.59,1193.42,86046,30,0
2018-08-14 00:00:00+00:00,1193.7,1198.64,1192.02,1193.83,100936,30,0
2018-08-15 00:00:00+00:00,1193.94,1194.58,1173.0,1174.51,133772,30,0
2018-08-16 00:00:00+00:00,1175.2,1181.94,1160.13,1173.96,154064,30,0
2018-08-17 00:00:00+00:00,1173.84,1184.99,1171.79,1184.37,104474,30,0
2018-08-20 00:00:00+00:00,1183.59,1190.74,1182.75,1190.28,94188,30,0
2018-08-21 00:00:00+00:00,1190.41,1197.0,1187.59,1195.87,101859,30,0
2018-08-22 00:00:00+00:00,1195.81,1201.52,1192.5,1195.44,109731,30,0
2018-08-23 00:00:00+00:00,1195.9,1196.55,1183.82,1184.96,110592,30,0
2018-08-24 00:00:00+00:00,1185.28,1208.41,1183.06,1205.97,109532,30,0
2018-08-27 00:00:00+00:00,1206.85,1212.26,1202.98,1211.17,85572,30,0
2018-08-28 00:00:00+00:00,1211.25,1214.19,1199.57,1200.94,117890,30,0
2018-08-29 00:00:00+00:00,1201.18,1207.22,1201.03,1206.52,109969,30,0
2018-08-30 00:00:00+00:00,1206.79,1207.79,1196.19,1199.55,110723,30,0
2018-08-31 00:00:00+00:00,1200.31,1208.82,1198.22,1200.71,108658,30,0
2018-09-03 00:00:00+00:00,1200.39,1203.79,1195.64,1200.95,68526,30,0
2018-09-04 00:00:00+00:00,1200.77,1201.94,1189.54,1191.25,109859,30,0
2018-09-05 00:00:00+00:00,1191.34,1198.27,1190.75,1196.54,80216,30,0
2018-09-06 00:00:00+00:00,1196.87,1206.89,1195.71,1199.95,97179,30,0
2018-09-07 00:00:00+00:00,1200.0,1203.43,1193.38,1195.9,123247,30,0
2018-09-10 00:00:00+00:00,1195.68,1198.45,1191.3,1195.66,100345,30,0
2018-09-11 00:00:00+00:00,1195.1,1199.33,1187.64,1197.86,91187,30,0
2018-09-12 00:00:00+00:00,1198.03,1208.39,1192.6,1205.74,118737,30,0
2018-09-13 00:00:00+00:00,1206.12,1212.58,1200.11,1201.27,127136,30,0
2018-09-14 00:00:00+00:00,1201.2,1208.46,1192.85,1193.54,115225,30,0
2018-09-17 00:00:00+00:00,1193.23,1204.74,1192.73,1201.1,99823,30,0
2018-09-18 00:00:00+00:00,1201.32,1203.43,1195.82,1198.1,121146,30,0
2018-09-19 00:00:00+00:00,1197.63,1206.13,1197.61,1203.7,94707,30,0
2018-09-20 00:00:00+00:00,1203.85,1208.35,1201.22,1206.93,93371,30,0
2018-09-21 00:00:00+00:00,1207.08,1210.95,1191.75,1199.24,114846,30,0
2018-09-24 00:00:00+00:00,1195.22,1204.09,1194.37,1198.61,92940,30,0
2018-09-25 00:00:00+00:00,1198.84,1203.24,1197.04,1200.93,107900,30,0
2018-09-26 00:00:00+00:00,1201.17,1202.37,1190.42,1194.34,104605,30,0
2018-09-27 00:00:00+00:00,1194.7,1198.49,1181.75,1182.48,126980,30,0
2018-09-28 00:00:00+00:00,1182.66,1193.69,1180.64,1191.45,123499,30,0
2018-10-01 00:00:00+00:00,1192.35,1192.4,1184.51,1188.54,106997,30,0
2018-10-02 00:00:00+00:00,1188.7,1208.14,1188.39,1202.83,128855,30,0
2018-10-03 00:00:00+00:00,1203.27,1208.22,1196.55,1197.12,114858,30,0
2018-10-04 00:00:00+00:00,1197.79,1206.66,1195.9,1199.62,131154,30,0
2018-10-05 00:00:00+00:00,1199.76,1205.7,1197.18,1202.84,109377,30,0
2018-10-08 00:00:00+00:00,1203.07,1204.0,1183.47,1187.65,111161,30,0
2018-10-09 00:00:00+00:00,1188.41,1191.83,1183.22,1189.37,107583,30,0
2018-10-10 00:00:00+00:00,1189.39,1194.78,1185.28,1194.6,106318,30,0
2018-10-11 00:00:00+00:00,1194.76,1226.27,1191.2,1224.12,176242,30,0
2018-10-12 00:00:00+00:00,1224.04,1224.04,1215.76,1217.75,140913,30,0
2018-10-15 00:00:00+00:00,1217.31,1233.16,1216.77,1226.71,128161,30,0
2018-10-16 00:00:00+00:00,1227.01,1232.3,1223.29,1224.75,125044,30,0
2018-10-17 00:00:00+00:00,1224.92,1229.38,1220.53,1222.2,132328,30,0
2018-10-18 00:00:00+00:00,1221.94,1230.01,1218.59,1225.68,135154,30,0
2018-10-19 00:00:00+00:00,1225.6,1230.74,1223.04,1226.47,118412,30,0
2018-10-22 00:00:00+00:00,1226.66,1229.45,1220.03,1221.84,115409,30,0
2018-10-23 00:00:00+00:00,1222.17,1239.67,1221.66,1230.02,108609,30,0
2018-10-24 00:00:00+00:00,1230.69,1234.29,1225.59,1231.48,121294,30,0
2018-10-25 00:00:00+00:00,1233.61,1239.08,1228.04,1231.89,132080,30,0
2018-10-26 00:00:00+00:00,1232.2,1243.33,1229.98,1233.65,149910,30,0
2018-10-29 00:00:00+00:00,1234.1,1235.3,1224.25,1229.13,134212,30,0
2018-10-30 00:00:00+00:00,1229.96,1230.5,1219.83,1222.8,150654,30,0
2018-10-31 00:00:00+00:00,1222.87,1223.21,1211.88,1214.4,131193,30,0
2018-11-01 00:00:00+00:00,1215.13,1237.28,1214.57,1233.03,147103,30,0
2018-11-02 00:00:00+00:00,1233.83,1236.36,1229.68,1232.83,151640,30,0
2018-11-05 00:00:00+00:00,1233.08,1235.07,1226.75,1230.48,95909,30,0
2018-11-06 00:00:00+00:00,1231.25,1235.85,1223.43,1226.27,103476,30,0
2018-11-07 00:00:00+00:00,1226.6,1236.3,1222.96,1225.89,136062,30,0
2018-11-08 00:00:00+00:00,1225.93,1227.03,1220.02,1223.71,119282,30,0
2018-11-09 00:00:00+00:00,1223.33,1223.76,1206.67,1209.25,116881,30,0
2018-11-12 00:00:00+00:00,1209.0,1211.4,1200.58,1201.15,93075,30,0
2018-11-13 00:00:00+00:00,1201.02,1205.1,1196.21,1201.81,121695,30,0
2018-11-14 00:00:00+00:00,1202.02,1216.47,1197.57,1211.86,130220,30,0
2018-11-15 00:00:00+00:00,1211.08,1216.4,1207.85,1213.13,126693,30,0
2018-11-16 00:00:00+00:00,1212.78,1225.21,1212.62,1221.87,112218,30,0
2018-11-19 00:00:00+00:00,1221.89,1225.1,1217.94,1223.27,80946,30,0
2018-11-20 00:00:00+00:00,1223.89,1228.64,1219.84,1221.93,113865,30,0
2018-11-21 00:00:00+00:00,1221.97,1229.97,1219.68,1225.11,90885,30,0
2018-11-22 00:00:00+00:00,1225.1,1229.02,1224.8,1227.26,48206,30,0
2018-11-23 00:00:00+00:00,1226.87,1228.5,1220.25,1222.92,77403,30,0
2018-11-26 00:00:00+00:00,1223.44,1227.94,1221.66,1222.57,85830,30,0
2018-11-27 00:00:00+00:00,1222.55,1225.18,1211.83,1214.9,102006,30,0
2018-11-28 00:00:00+00:00,1214.65,1226.49,1211.09,1220.31,92581,30,0
2018-11-29 00:00:00+00:00,1220.75,1228.83,1220.46,1223.91,101221,30,0
2018-11-30 00:00:00+00:00,1223.04,1225.49,1216.61,1222.09,83005,30,0
2018-12-03 00:00:00+00:00,1222.86,1234.9,1221.21,1230.47,131761,30,0
2018-12-04 00:00:00+00:00,1230.84,1241.85,1230.36,1237.97,128252,30,0
2018-12-05 00:00:00+00:00,1238.1,1239.18,1233.26,1237.01,73207,30,0
2018-12-06 00:00:00+00:00,1237.44,1244.22,1234.78,1237.91,139321,30,0
2018-12-07 00:00:00+00:00,1237.82,1249.95,1237.21,1248.63,119251,30,0
2018-12-10 00:00:00+00:00,1249.76,1250.91,1241.49,1244.09,82889,30,0
2018-12-11 00:00:00+00:00,1243.93,1249.44,1240.94,1242.82,78488,30,0
2018-12-12 00:00:00+00:00,1242.73,1247.18,1241.9,1245.53,66303,30,0
2018-12-13 00:00:00+00:00,1245.06,1246.66,1240.08,1243.01,63655,30,0
2018-12-14 00:00:00+00:00,1242.84,1243.08,1232.86,1238.34,62823,30,0
2018-12-17 00:00:00+00:00,1239.08,1248.03,1233.63,1245.82,58480,30,0
2018-12-18 00:00:00+00:00,1245.58,1250.3,1245.0,1249.07,56376,30,0
2018-12-19 00:00:00+00:00,1248.99,1257.97,1241.63,1242.31,83078,30,0
2018-12-20 00:00:00+00:00,1241.92,1266.4,1241.84,1260.33,96845,30,0
2018-12-21 00:00:00+00:00,1259.83,1262.66,1253.89,1255.2,70761,30,0
2018-12-24 00:00:00+00:00,1258.59,1269.47,1257.9,1268.98,37899,30,0
2018-12-26 00:00:00+00:00,1267.23,1279.01,1264.2,1266.21,93522,30,0
2018-12-27 00:00:00+00:00,1265.88,1278.84,1265.88,1275.03,93860,30,0
2018-12-28 00:00:00+00:00,1275.04,1282.06,1274.15,1280.33,97607,30,0
2018-12-31 00:00:00+00:00,1280.25,1284.0,1277.39,1280.04,17398,30,0
2019-01-02 00:00:00+00:00,1285.78,1288.67,1278.63,1283.11,65350,30,0
2019-01-03 00:00:00+00:00,1283.45,1294.83,1283.01,1294.83,102775,30,0
2019-01-04 00:00:00+00:00,1293.93,1298.48,1276.58,1284.4,104384,30,0
2019-01-07 00:00:00+00:00,1285.91,1294.94,1282.55,1288.55,85200,30,0
2019-01-08 00:00:00+00:00,1288.66,1290.18,1279.31,1285.21,78443,30,0
2019-01-09 00:00:00+00:00,1285.17,1293.76,1280.0,1292.86,72878,30,0
2019-01-10 00:00:00+00:00,1293.56,1296.98,1286.1,1286.24,82000,30,0
2019-01-11 00:00:00+00:00,1286.44,1295.05,1286.08,1287.88,74148,30,0
2019-01-14 00:00:00+00:00,1287.66,1295.82,1287.38,1291.61,66507,30,0
2019-01-15 00:00:00+00:00,1291.68,1294.66,1286.6,1288.99,76763,30,0
2019-01-16 00:00:00+00:00,1289.02,1294.99,1287.8,1292.95,63679,30,0
2019-01-17 00:00:00+00:00,1293.36,1295.3,1288.66,1291.78,66775,30,0
2019-01-18 00:00:00+00:00,1291.95,1292.41,1280.57,1280.6,67658,30,0
2019-01-21 00:00:00+00:00,1281.49,1283.47,1276.65,1280.14,30982,30,0
2019-01-22 00:00:00+00:00,1279.65,1285.36,1277.35,1284.34,54952,30,0
2019-01-23 00:00:00+00:00,1284.81,1286.44,1278.61,1282.99,57142,30,0
2019-01-24 00:00:00+00:00,1283.07,1284.72,1276.72,1280.62,59688,30,0
2019-01-25 00:00:00+00:00,1280.73,1300.22,1279.86,1299.12,60233,30,0
2019-01-28 00:00:00+00:00,1301.26,1304.34,1297.58,1303.66,58344,30,0
2019-01-29 00:00:00+00:00,1303.91,1311.89,1302.64,1311.35,58314,30,0
2019-01-30 00:00:00+00:00,1311.4,1323.3,1308.99,1318.58,60412,30,0
2019-01-31 00:00:00+00:00,1318.59,1326.18,1317.4,1319.82,61458,30,0
2019-02-01 00:00:00+00:00,1320.36,1323.47,1316.12,1318.49,56095,30,0
2019-02-04 00:00:00+00:00,1317.98,1318.98,1308.59,1311.91,46274,30,0
2019-02-05 00:00:00+00:00,1311.93,1316.85,1310.63,1315.16,42881,30,0
2019-02-06 00:00:00+00:00,1315.17,1315.75,1305.89,1306.42,43765,30,0
2019-02-07 00:00:00+00:00,1306.16,1311.83,1302.7,1309.57,48919,30,0
2019-02-08 00:00:00+00:00,1309.74,1315.53,1307.68,1314.35,41559,30,0
2019-02-11 00:00:00+00:00,1313.87,1314.83,1303.64,1308.61,42982,30,0
2019-02-12 00:00:00+00:00,1308.03,1314.69,1306.41,1311.1,42314,30,0
2019-02-13 00:00:00+00:00,1311.04,1318.08,1304.98,1305.91,49081,30,0
2019-02-14 00:00:00+00:00,1305.55,1314.31,1302.31,1312.38,54603,30,0
2019-02-15 00:00:00+00:00,1312.2,1321.98,1311.31,1321.35,48561,30,0
2019-02-18 00:00:00+00:00,1321.15,1327.54,1319.39,1326.37,31557,30,0
2019-02-19 00:00:00+00:00,1326.22,1341.76,1322.77,1340.03,49418,30,0
2019-02-20 00:00:00+00:00,1340.87,1346.65,1336.82,1339.31,52291,30,0
2019-02-21 00:00:00+00:00,1338.92,1341.43,1323.52,1323.77,59529,30,0
2019-02-22 00:00:00+00:00,1322.9,1333.01,1321.16,1328.31,49964,30,0
2019-02-25 00:00:00+00:00,1329.07,1332.47,1325.11,1327.12,48062,30,0
2019-02-26 00:00:00+00:00,1326.64,1330.1,1323.44,1328.55,44688,30,0
2019-02-27 00:00:00+00:00,1328.79,1329.79,1316.86,1320.53,43157,30,0
2019-02-28 00:00:00+00:00,1319.71,1327.21,1312.74,1313.53,48041,30,0
2019-03-01 00:00:00+00:00,1313.05,1315.13,1290.36,1290.37,60821,30,0
2019-03-04 00:00:00+00:00,1293.14,1297.0,1282.74,1286.91,50843,30,0
2019-03-05 00:00:00+00:00,1286.34,1289.56,1281.14,1287.97,50774,30,0
2019-03-06 00:00:00+00:00,1287.64,1290.89,1283.57,1287.41,46168,30,0
2019-03-07 00:00:00+00:00,1286.71,1288.93,1280.83,1285.71,42900,30,0
2019-03-08 00:00:00+00:00,1285.6,1300.64,1285.11,1300.32,53440,30,0
2019-03-11 00:00:00+00:00,1297.86,1299.06,1290.43,1293.28,41496,30,0
2019-03-12 00:00:00+00:00,1293.71,1302.13,1291.93,1301.15,43794,30,0
2019-03-13 00:00:00+00:00,1301.42,1311.14,1300.53,1308.85,43697,30,0
2019-03-14 00:00:00+00:00,1308.68,1310.31,1292.76,1295.89,46747,30,0
2019-03-15 00:00:00+00:00,1296.04,1306.3,1293.91,1302.1,45301,30,0
2019-03-18 00:00:00+00:00,1302.16,1306.65,1298.16,1303.2,36841,30,0
2019-03-19 00:00:00+00:00,1303.37,1310.81,1302.25,1306.26,35189,30,0
2019-03-20 00:00:00+00:00,1305.26,1316.87,1298.64,1312.16,47877,30,0
2019-03-21 00:00:00+00:00,1312.83,1320.32,1303.2,1309.26,47387,30,0
2019-03-22 00:00:00+00:00,1309.36,1314.87,1306.74,1313.14,38881,30,0
2019-03-25 00:00:00+00:00,1313.46,1324.44,1310.9,1321.66,46825,30,0
2019-03-26 00:00:00+00:00,1321.71,1323.2,1312.61,1315.41,58185,30,0
2019-03-27 00:00:00+00:00,1315.82,1319.21,1308.08,1309.44,56957,30,0
2019-03-28 00:00:00+00:00,1309.81,1312.25,1288.48,1289.87,54047,30,0
2019-03-29 00:00:00+00:00,1290.45,1299.72,1286.64,1292.17,52861,30,0
2019-04-01 00:00:00+00:00,1292.12,1296.95,1286.44,1287.5,48086,30,0
2019-04-02 00:00:00+00:00,1287.53,1292.55,1285.2,1292.42,37675,30,0
2019-04-03 00:00:00+00:00,1292.26,1294.48,1288.33,1289.62,38014,30,0
2019-04-04 00:00:00+00:00,1289.98,1294.33,1280.85,1292.07,36605,30,0
2019-04-05 00:00:00+00:00,1292.17,1293.57,1284.29,1291.52,42416,30,0
2019-04-08 00:00:00+00:00,1291.71,1303.63,1291.34,1297.27,36746,30,0
2019-04-09 00:00:00+00:00,1297.54,1306.09,1296.52,1303.82,40654,30,0
2019-04-10 00:00:00+00:00,1303.87,1310.52,1300.9,1307.81,40132,30,0
2019-04-11 00:00:00+00:00,1308.11,1309.12,1289.59,1292.4,47300,30,0
2019-04-12 00:00:00+00:00,1292.62,1295.65,1289.95,1290.55,39277,30,0
2019-04-15 00:00:00+00:00,1290.27,1291.88,1282.47,1287.67,42159,30,0
2019-04-16 00:00:00+00:00,1287.88,1288.67,1272.9,1276.67,48656,30,0
2019-04-17 00:00:00+00:00,1276.62,1279.71,1272.91,1273.45,44674,30,0
2019-04-18 00:00:00+00:00,1273.93,1277.55,1271.11,1275.59,41212,30,0
2019-04-22 00:00:00+00:00,1275.74,1279.77,1273.75,1274.73,34215,30,0
2019-04-23 00:00:00+00:00,1275.14,1276.42,1266.23,1272.18,37336,30,0
2019-04-24 00:00:00+00:00,1272.14,1278.45,1268.69,1275.45,42647,30,0
2019-04-25 00:00:00+00:00,1275.73,1282.53,1273.28,1277.11,49257,30,0
2019-04-26 00:00:00+00:00,1277.03,1288.61,1274.11,1285.97,54804,30,0
2019-04-29 00:00:00+00:00,1286.97,1287.24,1277.98,1279.58,52145,30,0
2019-04-30 00:00:00+00:00,1279.85,1286.11,1279.68,1283.21,55352,30,0
2019-05-01 00:00:00+00:00,1283.21,1287.15,1272.88,1276.58,61092,30,0
2019-05-02 00:00:00+00:00,1277.43,1277.96,1266.21,1270.27,51371,30,0
2019-05-03 00:00:00+00:00,1270.54,1282.44,1268.29,1279.0,47294,30,0
2019-05-06 00:00:00+00:00,1279.41,1285.7,1276.97,1280.27,70415,30,0
2019-05-07 00:00:00+00:00,1281.14,1286.03,1278.15,1284.15,64178,30,0
2019-05-08 00:00:00+00:00,1284.26,1291.4,1279.31,1280.71,54917,30,0
2019-05-09 00:00:00+00:00,1280.76,1288.11,1279.54,1283.63,65999,30,0
2019-05-10 00:00:00+00:00,1284.22,1289.31,1283.11,1285.68,63654,30,0
2019-05-13 00:00:00+00:00,1286.77,1301.2,1281.94,1299.46,69338,30,0
2019-05-14 00:00:00+00:00,1299.77,1303.26,1293.67,1296.76,62087,30,0
2019-05-15 00:00:00+00:00,1297.03,1300.78,1292.94,1296.27,58276,30,0
2019-05-16 00:00:00+00:00,1296.32,1298.61,1284.04,1286.38,52160,30,0
2019-05-17 00:00:00+00:00,1286.7,1288.85,1274.78,1277.55,54300,30,0
2019-05-20 00:00:00+00:00,1277.59,1278.9,1273.58,1277.53,50541,30,0
2019-05-21 00:00:00+00:00,1277.61,1277.83,1269.46,1274.62,42010,30,0
2019-05-22 00:00:00+00:00,1274.61,1277.19,1272.4,1273.24,45013,30,0
2019-05-23 00:00:00+00:00,1273.25,1287.16,1272.74,1283.29,57731,30,0
2019-05-24 00:00:00+00:00,1283.63,1285.15,1280.71,1284.59,29505,30,0
2019-05-27 00:00:00+00:00,1283.93,1287.33,1283.52,1285.08,41569,30,0
2019-05-28 00:00:00+00:00,1285.43,1286.56,1276.06,1279.39,75589,30,0
2019-05-29 00:00:00+00:00,1279.37,1285.43,1279.03,1280.23,82832,30,0
2019-05-30 00:00:00+00:00,1280.11,1289.09,1274.93,1288.42,89700,30,0
2019-05-31 00:00:00+00:00,1288.3,1306.84,1287.87,1305.18,74304,30,0
2019-06-03 00:00:00+00:00,1307.73,1327.86,1305.88,1324.48,72071,30,0
2019-06-04 00:00:00+00:00,1324.86,1328.96,1319.91,1325.35,63073,30,0
2019-06-05 00:00:00+00:00,1325.3,1343.96,1324.45,1330.19,73162,30,0
2019-06-06 00:00:00+00:00,1330.97,1339.7,1327.16,1335.15,68701,30,0
2019-06-07 00:00:00+00:00,1330.56,1348.13,1330.21,1340.3,60470,30,0
2019-06-10 00:00:00+00:00,1339.78,1339.78,1325.02,1327.75,67441,30,0
2019-06-11 00:00:00+00:00,1327.78,1329.8,1319.82,1326.71,57469,30,0
2019-06-12 00:00:00+00:00,1324.49,1338.26,1324.49,1333.28,69153,30,0
2019-06-13 00:00:00+00:00,1333.81,1343.02,1332.32,1341.83,66955,30,0
2019-06-14 00:00:00+00:00,1342.01,1358.0,1337.69,1341.02,87216,30,0
2019-06-17 00:00:00+00:00,1341.05,1343.33,1332.91,1339.46,77805,30,0
2019-06-18 00:00:00+00:00,1340.23,1354.53,1338.55,1346.56,79953,30,0
2019-06-19 00:00:00+00:00,1346.38,1362.53,1341.29,1360.33,90115,30,0
2019-06-20 00:00:00+00:00,1360.35,1393.77,1357.57,1388.35,130220,30,0
2019-06-21 00:00:00+00:00,1387.15,1411.86,1382.46,1398.79,135491,30,0
2019-06-24 00:00:00+00:00,1399.88,1421.38,1399.69,1419.54,121038,30,0
2019-06-25 00:00:00+00:00,1419.96,1439.0,1411.83,1423.39,147784,30,0
2019-06-26 00:00:00+00:00,1423.53,1424.32,1401.99,1408.82,130911,30,0
2019-06-27 00:00:00+00:00,1409.11,1412.06,1398.62,1409.68,109946,30,0
2019-06-28 00:00:00+00:00,1409.96,1424.57,1405.61,1409.86,103747,30,0
2019-07-01 00:00:00+00:00,1400.57,1400.57,1381.76,1383.85,130488,30,0
2019-07-02 00:00:00+00:00,1383.89,1420.9,1383.34,1418.38,126346,30,0
2019-07-03 00:00:00+00:00,1421.77,1437.63,1412.13,1418.55,167588,30,0
2019-07-04 00:00:00+00:00,1418.44,1421.59,1410.16,1414.94,87072,30,0
2019-07-05 00:00:00+00:00,1416.05,1424.16,1386.74,1398.22,129400,30,0
2019-07-08 00:00:00+00:00,1397.29,1407.48,1391.73,1395.25,101763,30,0
2019-07-09 00:00:00+00:00,1395.28,1399.96,1385.72,1397.57,91774,30,0
2019-07-10 00:00:00+00:00,1397.84,1418.8,1389.84,1418.66,107673,30,0
2019-07-11 00:00:00+00:00,1418.57,1427.07,1401.14,1403.68,113629,30,0
2019-07-12 00:00:00+00:00,1404.12,1416.78,1403.04,1415.0,97770,30,0
2019-07-15 00:00:00+00:00,1415.87,1419.61,1407.66,1413.78,100314,30,0
2019-07-16 00:00:00+00:00,1414.67,1418.24,1401.09,1405.67,106537,30,0
2019-07-17 00:00:00+00:00,1406.03,1426.7,1400.05,1426.12,111135,30,0
2019-07-18 00:00:00+00:00,1426.36,1448.0,1414.53,1446.01,148005,30,0
2019-07-19 00:00:00+00:00,1446.38,1452.92,1420.13,1424.99,162989,30,0
2019-07-22 00:00:00+00:00,1426.31,1429.97,1422.15,1424.74,111390,30,0
2019-07-23 00:00:00+00:00,1424.81,1430.13,1414.12,1417.29,127777,30,0
2019-07-24 00:00:00+00:00,1417.76,1429.38,1416.24,1425.07,96961,30,0
2019-07-25 00:00:00+00:00,1425.38,1433.69,1411.0,1414.1,110894,30,0
2019-07-26 00:00:00+00:00,1414.77,1424.75,1413.48,1418.53,101879,30,0
2019-07-29 00:00:00+00:00,1418.65,1428.03,1414.79,1426.84,90181,30,0
2019-07-30 00:00:00+00:00,1427.42,1433.23,1422.23,1430.55,102777,30,0
2019-07-31 00:00:00+00:00,1431.19,1434.1,1410.57,1411.48,114800,30,0
2019-08-01 00:00:00+00:00,1412.21,1445.9,1400.45,1444.46,147357,30,0
2019-08-02 00:00:00+00:00,1445.16,1448.79,1430.23,1440.51,150918,30,0
2019-08-05 00:00:00+00:00,1440.21,1469.68,1436.55,1463.46,157405,30,0
2019-08-06 00:00:00+00:00,1469.46,1474.87,1456.36,1474.03,137145,30,0
2019-08-07 00:00:00+00:00,1474.46,1510.33,1472.16,1500.92,164283,30,0
2019-08-08 00:00:00+00:00,1501.05,1509.44,1489.99,1500.68,142322,30,0
2019-08-09 00:00:00+00:00,1503.96,1508.96,1494.73,1497.05,137788,30,0
2019-08-12 00:00:00+00:00,1497.11,1519.63,1487.76,1511.06,120648,30,0
2019-08-13 00:00:00+00:00,1510.79,1534.97,1479.83,1501.42,155158,30,0
2019-08-14 00:00:00+00:00,1501.96,1523.98,1494.16,1516.22,156014,30,0
2019-08-15 00:00:00+00:00,1515.83,1526.96,1507.95,1523.47,139123,30,0
2019-08-16 00:00:00+00:00,1523.75,1527.96,1503.67,1512.52,113385,30,0
2019-08-19 00:00:00+00:00,1512.33,1512.91,1493.19,1495.67,115434,30,0
2019-08-20 00:00:00+00:00,1495.62,1508.48,1492.87,1506.24,94183,30,0
2019-08-21 00:00:00+00:00,1508.78,1508.78,1496.46,1502.36,92604,30,0
2019-08-22 00:00:00+00:00,1498.12,1504.5,1492.37,1498.06,70535,30,0
2019-08-23 00:00:00+00:00,1498.49,1530.08,1493.48,1526.34,90735,30,0
2019-08-26 00:00:00+00:00,1538.95,1554.8,1525.02,1527.06,140400,30,0
2019-08-27 00:00:00+00:00,1527.77,1544.54,1525.63,1542.65,116358,30,0
2019-08-28 00:00:00+00:00,1541.96,1546.8,1531.9,1540.95,125246,30,0
2019-08-29 00:00:00+00:00,1539.95,1550.3,1519.6,1527.32,165986,30,0
2019-08-30 00:00:00+00:00,1528.68,1533.07,1516.96,1520.7,138252,30,0
2019-09-02 00:00:00+00:00,1522.43,1533.74,1519.21,1528.67,99679,30,0
2019-09-03 00:00:00+00:00,1529.29,1549.6,1521.55,1547.45,199189,30,0
2019-09-04 00:00:00+00:00,1546.56,1556.9,1533.82,1552.56,209634,30,0
2019-09-05 00:00:00+00:00,1551.84,1552.93,1506.16,1518.81,231041,30,0
2019-09-06 00:00:00+00:00,1518.74,1527.8,1502.49,1506.6,263879,30,0
2019-09-09 00:00:00+00:00,1508.13,1515.42,1497.58,1498.76,146965,30,0
2019-09-10 00:00:00+00:00,1498.6,1500.85,1484.41,1485.61,156678,30,0
2019-09-11 00:00:00+00:00,1485.91,1498.14,1485.17,1495.63,125147,30,0
2019-09-12 00:00:00+00:00,1496.83,1524.11,1489.19,1498.82,128738,30,0
2019-09-13 00:00:00+00:00,1498.7,1508.93,1485.75,1488.6,132635,30,0
2019-09-16 00:00:00+00:00,1503.55,1511.98,1495.85,1498.44,149976,30,0
2019-09-17 00:00:00+00:00,1498.74,1507.0,1493.37,1501.22,109508,30,0
2019-09-18 00:00:00+00:00,1501.9,1511.4,1483.55,1493.27,94672,30,0
2019-09-19 00:00:00+00:00,1494.22,1504.37,1488.89,1498.46,109920,30,0
2019-09-20 00:00:00+00:00,1499.47,1516.99,1497.91,1516.45,95219,30,0
2019-09-23 00:00:00+00:00,1514.18,1526.7,1510.59,1522.28,119511,30,0
2019-09-24 00:00:00+00:00,1522.59,1535.55,1515.6,1531.11,128010,30,0
2019-09-25 00:00:00+00:00,1532.18,1534.99,1500.46,1503.39,136780,30,0
2019-09-26 00:00:00+00:00,1503.88,1512.23,1500.8,1504.45,121389,30,0
2019-09-27 00:00:00+00:00,1504.79,1507.32,1486.79,1496.87,141475,30,0
2019-09-30 00:00:00+00:00,1495.13,1500.43,1464.44,1471.98,141851,30,0
2019-10-01 00:00:00+00:00,1471.92,1487.13,1458.99,1479.1,126465,30,0
2019-10-02 00:00:00+00:00,1479.21,1504.97,1474.44,1499.94,142284,30,0
2019-10-03 00:00:00+00:00,1499.43,1519.47,1495.79,1504.72,125270,30,0
2019-10-04 00:00:00+00:00,1505.64,1514.38,1495.74,1504.68,111250,30,0
2019-10-07 00:00:00+00:00,1512.92,1512.92,1488.01,1493.19,105464,30,0
2019-10-08 00:00:00+00:00,1493.47,1509.52,1487.01,1505.29,150691,30,0
2019-10-09 00:00:00+00:00,1505.69,1511.83,1499.82,1505.44,126691,30,0
2019-10-10 00:00:00+00:00,1505.27,1516.97,1491.08,1493.21,143644,30,0
2019-10-11 00:00:00+00:00,1493.54,1503.11,1473.93,1488.08,137301,30,0
2019-10-14 00:00:00+00:00,1487.45,1497.02,1482.78,1492.96,105933,30,0
2019-10-15 00:00:00+00:00,1493.5,1498.45,1477.16,1480.84,105154,30,0
2019-10-16 00:00:00+00:00,1481.1,1491.43,1476.97,1489.81,128671,30,0
2019-10-17 00:00:00+00:00,1490.18,1497.23,1483.39,1491.66,118407,30,0
2019-10-18 00:00:00+00:00,1491.88,1494.02,1484.83,1490.04,102180,30,0
2019-10-21 00:00:00+00:00,1491.7,1495.13,1481.53,1483.87,101708,30,0
2019-10-22 00:00:00+00:00,1484.34,1488.87,1480.78,1487.69,95240,30,0
2019-10-23 00:00:00+00:00,1488.73,1496.06,1487.62,1491.76,100175,30,0
2019-10-24 00:00:00+00:00,1492.1,1503.91,1487.91,1502.92,91306,30,0
2019-10-25 00:00:00+00:00,1503.62,1517.86,1500.56,1504.27,124822,30,0
2019-10-28 00:00:00+00:00,1504.61,1508.09,1489.93,1492.44,122898,30,0
2019-10-29 00:00:00+00:00,1491.91,1494.71,1483.57,1487.97,113815,30,0
2019-10-30 00:00:00+00:00,1488.2,1496.52,1481.19,1495.61,101239,30,0
2019-10-31 00:00:00+00:00,1496.51,1514.07,1493.65,1512.12,114736,30,0
2019-11-01 00:00:00+00:00,1512.56,1515.83,1503.33,1513.91,102183,30,0
2019-11-04 00:00:00+00:00,1513.48,1514.71,1504.33,1508.14,97396,30,0
2019-11-05 00:00:00+00:00,1510.05,1510.35,1479.33,1484.1,125563,30,0
2019-11-06 00:00:00+00:00,1484.62,1494.07,1482.37,1491.14,111355,30,0
2019-11-07 00:00:00+00:00,1490.95,1492.12,1460.54,1468.49,137901,30,0
2019-11-08 00:00:00+00:00,1468.52,1472.84,1456.17,1458.89,132423,30,0
2019-11-11 00:00:00+00:00,1453.54,1466.34,1448.11,1455.36,97119,30,0
2019-11-12 00:00:00+00:00,1455.13,1460.28,1445.52,1458.21,131938,30,0
2019-11-13 00:00:00+00:00,1458.03,1466.98,1455.73,1463.52,112186,30,0
2019-11-14 00:00:00+00:00,1463.25,1474.5,1461.02,1470.23,115798,30,0
2019-11-15 00:00:00+00:00,1470.7,1471.36,1462.36,1466.63,99033,30,0
2019-11-18 00:00:00+00:00,1467.25,1473.86,1456.32,1471.61,104059,30,0
2019-11-19 00:00:00+00:00,1471.09,1475.32,1464.7,1472.13,110899,30,0
2019-11-20 00:00:00+00:00,1472.36,1478.76,1465.87,1472.31,116964,30,0
2019-11-21 00:00:00+00:00,1471.69,1475.55,1462.3,1464.64,120457,30,0
2019-11-22 00:00:00+00:00,1464.81,1473.12,1461.29,1462.73,94633,30,0
2019-11-25 00:00:00+00:00,1460.67,1462.03,1453.99,1454.46,77894,30,0
2019-11-26 00:00:00+00:00,1454.9,1462.48,1450.01,1462.28,82820,30,0
2019-11-27 00:00:00+00:00,1462.61,1462.63,1452.49,1454.69,71722,30,0
2019-11-28 00:00:00+00:00,1454.51,1458.21,1439.74,1452.04,48946,30,0
2019-11-29 00:00:00+00:00,1455.52,1466.43,1452.96,1463.38,72180,30,0
2019-12-02 00:00:00+00:00,1459.99,1464.98,1453.9,1463.24,96578,30,0
2019-12-03 00:00:00+00:00,1462.71,1481.68,1459.77,1477.06,109212,30,0
2019-12-04 00:00:00+00:00,1477.16,1483.95,1471.36,1474.66,103749,30,0
2019-12-05 00:00:00+00:00,1474.56,1480.24,1472.84,1475.94,92425,30,0
2019-12-06 00:00:00+00:00,1475.72,1479.49,1458.62,1460.39,80253,30,0
2019-12-09 00:00:00+00:00,1458.7,1465.29,1458.62,1460.65,65367,30,0
2019-12-10 00:00:00+00:00,1461.66,1469.05,1459.97,1464.49,80766,30,0
2019-12-11 00:00:00+00:00,1464.41,1478.84,1462.64,1474.44,81989,30,0
2019-12-12 00:00:00+00:00,1474.95,1486.65,1463.92,1469.39,90798,30,0
2019-12-13 00:00:00+00:00,1469.78,1477.96,1461.79,1475.65,99103,30,0
2019-12-16 00:00:00+00:00,1473.99,1479.82,1473.08,1476.3,67029,30,0
2019-12-17 00:00:00+00:00,1476.59,1480.44,1474.14,1475.82,58219,30,0
2019-12-18 00:00:00+00:00,1476.3,1479.18,1459.74,1475.55,61669,30,0
2019-12-19 00:00:00+00:00,1474.72,1481.59,1473.17,1479.33,61279,30,0
2019-12-20 00:00:00+00:00,1478.65,1480.91,1467.95,1477.39,55442,30,0
2019-12-23 00:00:00+00:00,1483.37,1486.05,1480.46,1485.26,29990,30,0
2019-12-24 00:00:00+00:00,1485.06,1500.42,1484.94,1499.2,41798,30,0
2019-12-26 00:00:00+00:00,1510.17,1512.48,1506.55,1511.44,32645,30,0
2019-12-27 00:00:00+00:00,1511.04,1514.01,1507.27,1511.38,46176,30,0
2019-12-30 00:00:00+00:00,1514.25,1516.05,1510.71,1514.92,45465,30,0
2019-12-31 00:00:00+00:00,1514.82,1525.26,1514.56,1521.91,64282,30,0
2020-01-08 00:00:00+00:00,1576.62,1611.16,1552.17,1560.32,223068,30,0
2020-01-09 00:00:00+00:00,1556.06,1561.27,1539.98,1550.44,136164,30,0
2020-01-10 00:00:00+00:00,1551.05,1560.92,1545.64,1560.0,98360,30,0
2020-01-13 00:00:00+00:00,1531.25,1561.43,1531.25,1548.71,92958,30,0
2020-01-14 00:00:00+00:00,1548.57,1548.82,1535.86,1547.02,122436,30,0
2020-01-15 00:00:00+00:00,1546.27,1558.07,1531.23,1555.34,109993,30,0
2020-01-16 00:00:00+00:00,1555.19,1558.02,1531.23,1553.39,87721,30,0
2020-01-17 00:00:00+00:00,1553.74,1561.16,1531.23,1557.18,88583,30,0
2020-01-20 00:00:00+00:00,1552.99,1562.64,1552.99,1560.68,48741,30,0
2020-01-21 00:00:00+00:00,1531.19,1568.53,1531.19,1558.68,120604,30,0
2020-01-22 00:00:00+00:00,1558.94,1559.15,1550.08,1558.53,92378,30,0
2020-01-23 00:00:00+00:00,1558.65,1567.85,1515.39,1562.37,112636,30,0
2020-01-24 00:00:00+00:00,1562.79,1575.75,1531.23,1571.09,115868,30,0
2020-01-27 00:00:00+00:00,1459.69,1588.42,1459.69,1582.68,157645,30,0
2020-01-28 00:00:00+00:00,1582.82,1583.24,1567.01,1569.1,121343,30,0
2020-01-29 00:00:00+00:00,1567.87,1577.86,1563.33,1576.4,113352,30,0
2020-01-30 00:00:00+00:00,1576.8,1585.86,1572.3,1577.67,138828,30,0
2020-01-31 00:00:00+00:00,1574.22,1589.41,1570.85,1586.02,138559,30,0
2020-02-03 00:00:00+00:00,1593.17,1593.49,1570.09,1576.83,140876,30,0
2020-02-04 00:00:00+00:00,1576.41,1579.48,1548.97,1554.68,123009,30,0
2020-02-05 00:00:00+00:00,1553.89,1562.28,1542.77,1557.06,113082,30,0
2020-02-06 00:00:00+00:00,1557.09,1568.18,1552.44,1565.95,108308,30,0
2020-02-07 00:00:00+00:00,1566.83,1573.91,1560.23,1570.96,110833,30,0
2020-02-10 00:00:00+00:00,1571.93,1576.92,1567.89,1572.96,102290,30,0
2020-02-11 00:00:00+00:00,1573.0,1573.94,1551.82,1567.96,96917,30,0
2020-02-12 00:00:00+00:00,1568.13,1570.37,1561.91,1566.54,89844,30,0
2020-02-13 00:00:00+00:00,1566.23,1578.17,1565.44,1575.82,112013,30,0
2020-02-14 00:00:00+00:00,1575.98,1584.22,1573.0,1582.59,88270,30,0
2020-02-17 00:00:00+00:00,1582.15,1583.73,1578.77,1579.87,48748,30,0
2020-02-18 00:00:00+00:00,1558.8,1605.03,1558.8,1602.58,113167,30,0
2020-02-19 00:00:00+00:00,1602.24,1611.87,1594.11,1611.82,114269,30,0
2020-02-20 00:00:00+00:00,1611.22,1623.58,1603.8,1619.35,138952,30,0
2020-02-21 00:00:00+00:00,1619.77,1636.45,1618.84,1633.92,77652,30,0
2020-02-24 00:00:00+00:00,1660.92,1689.25,1650.82,1659.25,206517,30,0
2020-02-25 00:00:00+00:00,1659.14,1663.56,1632.82,1639.79,207631,30,0
2020-02-26 00:00:00+00:00,1634.11,1654.85,1624.88,1639.73,190616,30,0
2020-02-27 00:00:00+00:00,1639.84,1660.23,1636.59,1638.45,184465,30,0
2020-02-28 00:00:00+00:00,1639.49,1649.37,1562.85,1577.54,187799,30,0
2020-03-02 00:00:00+00:00,1591.63,1610.86,1575.07,1585.17,189035,30,0
2020-03-03 00:00:00+00:00,1588.38,1649.22,1584.88,1635.64,142840,30,0
2020-03-04 00:00:00+00:00,1637.54,1652.7,1631.76,1638.36,151731,30,0
2020-03-05 00:00:00+00:00,1637.16,1674.5,1633.9,1673.74,139005,30,0
2020-03-06 00:00:00+00:00,1669.6,1691.88,1642.76,1671.05,161847,30,0
2020-03-09 00:00:00+00:00,1693.25,1703.09,1657.03,1678.03,166826,30,0
2020-03-10 00:00:00+00:00,1675.63,1679.62,1641.59,1649.41,120797,30,0
2020-03-11 00:00:00+00:00,1651.19,1671.11,1632.98,1636.82,116367,30,0
2020-03-12 00:00:00+00:00,1637.14,1650.0,1560.86,1578.52,119084,30,0
2020-03-13 00:00:00+00:00,1575.7,1597.8,1504.73,1529.53,130012,30,0
2020-03-16 00:00:00+00:00,1562.65,1574.47,1450.99,1500.34,140008,30,0
2020-03-17 00:00:00+00:00,1500.31,1553.72,1465.43,1528.01,116019,30,0
2020-03-18 00:00:00+00:00,1532.66,1546.3,1472.73,1484.58,114295,30,0
2020-03-19 00:00:00+00:00,1481.26,1500.67,1464.02,1474.24,90294,30,0
2020-03-20 00:00:00+00:00,1470.91,1515.55,1454.18,1498.19,85471,30,0
2020-03-23 00:00:00+00:00,1507.25,1561.04,1482.21,1552.21,102901,30,0
2020-03-24 00:00:00+00:00,1558.52,1630.85,1557.01,1626.26,62108,30,0
2020-03-25 00:00:00+00:00,1623.79,1637.99,1594.75,1615.87,55470,30,0
2020-03-26 00:00:00+00:00,1609.43,1643.42,1595.53,1628.88,53625,30,0
2020-03-27 00:00:00+00:00,1631.98,1631.98,1612.66,1620.23,58867,30,0
2020-03-30 00:00:00+00:00,1618.89,1631.56,1610.9,1619.92,63364,30,0
2020-03-31 00:00:00+00:00,1620.66,1621.08,1574.02,1576.62,65983,30,0
2020-04-01 00:00:00+00:00,1571.55,1599.54,1568.92,1590.91,67917,30,0
2020-04-02 00:00:00+00:00,1593.84,1619.34,1582.37,1611.13,84566,30,0
2020-04-03 00:00:00+00:00,1613.08,1625.27,1605.39,1615.63,70382,30,0
2020-04-06 00:00:00+00:00,1610.7,1668.17,1607.37,1657.64,73580,30,0
2020-04-07 00:00:00+00:00,1664.05,1673.85,1641.7,1648.15,83554,30,0
2020-04-08 00:00:00+00:00,1646.53,1656.04,1640.8,1644.9,67837,30,0
2020-04-09 00:00:00+00:00,1644.68,1689.46,1644.4,1682.29,77769,30,0
2020-04-10 00:00:00+00:00,1602.23,1655.94,1602.23,1618.52,1239,3807,0
2020-04-13 00:00:00+00:00,1678.34,1722.32,1678.34,1711.51,102955,30,0
2020-04-14 00:00:00+00:00,1711.66,1747.22,1707.43,1726.4,110878,30,0
2020-04-15 00:00:00+00:00,1727.58,1730.63,1707.29,1716.36,84789,30,0
2020-04-16 00:00:00+00:00,1715.65,1738.71,1707.32,1717.89,89551,30,0
2020-04-17 00:00:00+00:00,1711.78,1718.39,1679.11,1681.18,111687,30,0
2020-04-20 00:00:00+00:00,1682.11,1701.95,1670.65,1694.14,102503,30,0
2020-04-21 00:00:00+00:00,1693.56,1697.51,1659.11,1683.06,86447,30,0
2020-04-22 00:00:00+00:00,1686.29,1718.2,1679.35,1714.65,117104,30,0
2020-04-23 00:00:00+00:00,1713.85,1738.53,1707.25,1729.79,119163,30,0
2020-04-24 00:00:00+00:00,1729.43,1735.98,1710.33,1726.14,124079,30,0
2020-04-27 00:00:00+00:00,1719.24,1727.24,1705.87,1714.65,141642,30,0
2020-04-28 00:00:00+00:00,1712.83,1714.64,1691.37,1707.78,151141,30,0
2020-04-29 00:00:00+00:00,1705.17,1717.0,1697.63,1712.27,109780,30,0
2020-04-30 00:00:00+00:00,1711.57,1721.34,1680.78,1686.1,107561,30,0
2020-05-01 00:00:00+00:00,1687.21,1704.87,1668.51,1698.92,162187,30,0
2020-05-04 00:00:00+00:00,1697.24,1712.45,1690.89,1700.77,85933,30,0
2020-05-05 00:00:00+00:00,1700.61,1711.31,1687.71,1704.88,83403,30,0
2020-05-06 00:00:00+00:00,1705.23,1708.05,1681.61,1685.37,89088,30,0
2020-05-07 00:00:00+00:00,1686.0,1721.88,1683.5,1715.55,93639,30,0
2020-05-08 00:00:00+00:00,1713.07,1723.05,1700.5,1701.01,97129,30,0
2020-05-11 00:00:00+00:00,1702.65,1711.96,1691.62,1698.04,116530,30,0
2020-05-12 00:00:00+00:00,1696.4,1710.59,1693.37,1702.02,95570,30,0
2020-05-13 00:00:00+00:00,1704.03,1718.05,1699.0,1715.05,107396,30,0
2020-05-14 00:00:00+00:00,1715.79,1736.24,1710.81,1729.82,87096,30,0
2020-05-15 00:00:00+00:00,1729.45,1751.03,1728.42,1742.32,102235,30,0
2020-05-18 00:00:00+00:00,1750.43,1764.9,1727.45,1732.41,127845,30,0
2020-05-19 00:00:00+00:00,1732.08,1747.55,1725.42,1744.39,116545,30,0
2020-05-20 00:00:00+00:00,1744.9,1753.77,1742.34,1747.35,119323,30,0
2020-05-21 00:00:00+00:00,1747.39,1748.5,1717.05,1726.8,134251,30,0
2020-05-22 00:00:00+00:00,1726.31,1739.81,1724.29,1735.42,110565,30,0
2020-05-25 00:00:00+00:00,1731.99,1732.79,1721.25,1721.84,74836,30,0
2020-05-26 00:00:00+00:00,1726.47,1735.48,1708.42,1710.5,113275,30,0
2020-05-27 00:00:00+00:00,1710.67,1715.42,1693.55,1709.48,103298,30,0
2020-05-28 00:00:00+00:00,1708.63,1727.24,1706.8,1718.78,101519,30,0
2020-05-29 00:00:00+00:00,1719.57,1737.8,1712.28,1730.15,86110,30,0
2020-06-01 00:00:00+00:00,1734.67,1744.33,1727.01,1739.4,111065,30,0
2020-06-02 00:00:00+00:00,1737.46,1745.0,1721.09,1727.51,99401,30,0
2020-06-03 00:00:00+00:00,1727.93,1731.71,1689.21,1698.18,101488,30,0
2020-06-04 00:00:00+00:00,1699.01,1721.37,1696.53,1712.93,97448,30,0
2020-06-05 00:00:00+00:00,1714.33,1715.83,1670.5,1684.28,104482,30,0
2020-06-08 00:00:00+00:00,1681.43,1700.59,1677.12,1698.33,111359,30,0
2020-06-09 00:00:00+00:00,1699.13,1720.59,1692.02,1714.06,111827,30,0
2020-06-10 00:00:00+00:00,1715.99,1739.59,1707.56,1737.76,98368,30,0
2020-06-11 00:00:00+00:00,1737.29,1744.43,1721.34,1728.77,102819,30,0
2020-06-12 00:00:00+00:00,1729.24,1742.87,1721.8,1730.56,121966,30,0
2020-06-15 00:00:00+00:00,1730.78,1733.97,1704.0,1725.02,115602,30,0
2020-06-16 00:00:00+00:00,1726.03,1732.72,1716.28,1726.62,113381,30,0
2020-06-17 00:00:00+00:00,1725.04,1730.12,1712.42,1726.2,94601,30,0
2020-06-18 00:00:00+00:00,1725.64,1737.22,1717.28,1722.47,91481,30,0
2020-06-19 00:00:00+00:00,1722.68,1745.04,1721.13,1742.2,87371,30,0
2020-06-22 00:00:00+00:00,1744.56,1763.01,1742.73,1754.48,133895,30,0
2020-06-23 00:00:00+00:00,1754.4,1770.81,1747.07,1766.78,104376,30,0
2020-06-24 00:00:00+00:00,1768.94,1779.36,1760.32,1761.4,125010,30,0
2020-06-25 00:00:00+00:00,1759.95,1768.8,1755.25,1763.7,96691,30,0
2020-06-26 00:00:00+00:00,1763.78,1771.68,1747.44,1769.4,95718,30,0
2020-06-29 00:00:00+00:00,1770.66,1774.9,1765.48,1772.59,93232,30,0
2020-06-30 00:00:00+00:00,1772.18,1785.69,1764.29,1780.47,80727,30,0
2020-07-01 00:00:00+00:00,1783.11,1788.93,1758.73,1769.75,95668,30,0
2020-07-02 00:00:00+00:00,1771.14,1779.39,1757.43,1775.04,81797,30,0
2020-07-03 00:00:00+00:00,1776.39,1777.08,1772.48,1774.13,43590,30,0
2020-07-06 00:00:00+00:00,1784.68,1786.94,1784.18,1784.25,11048,30,0
2020-07-07 00:00:00+00:00,1785.32,1797.33,1773.26,1794.56,96116,30,0
2020-07-08 00:00:00+00:00,1794.58,1817.81,1791.35,1808.41,86398,30,0
2020-07-09 00:00:00+00:00,1810.24,1815.9,1795.48,1802.18,86991,30,0
2020-07-10 00:00:00+00:00,1801.73,1810.39,1794.0,1798.22,78847,30,0
2020-07-13 00:00:00+00:00,1795.88,1813.28,1795.88,1802.3,129866,1,0
2020-07-14 00:00:00+00:00,1801.38,1810.86,1790.57,1809.05,120261,1,0
2020-07-15 00:00:00+00:00,1807.62,1814.82,1802.38,1810.04,90405,1,0
2020-07-16 00:00:00+00:00,1810.05,1813.21,1794.7,1796.92,75220,1,0
2020-07-17 00:00:00+00:00,1791.71,1811.98,1791.71,1809.6,75815,1,0
2020-07-20 00:00:00+00:00,1801.03,1820.57,1801.03,1817.13,112843,1,0
2020-07-21 00:00:00+00:00,1815.05,1843.42,1815.05,1841.34,121811,1,0
2020-07-22 00:00:00+00:00,1837.03,1871.87,1837.03,1871.25,203706,1,0
2020-07-23 00:00:00+00:00,1871.22,1898.19,1863.58,1885.86,198554,1,0
2020-07-24 00:00:00+00:00,1883.15,1906.54,1880.81,1900.89,148499,1,0
2020-07-27 00:00:00+00:00,1894.92,1945.64,1894.92,1940.99,224925,1,0
2020-07-28 00:00:00+00:00,1941.11,1980.95,1906.46,1957.94,214795,1,0
2020-07-29 00:00:00+00:00,1955.21,1980.88,1941.36,1970.99,154842,1,0
2020-07-30 00:00:00+00:00,1969.96,1971.23,1939.06,1956.9,139599,1,0
2020-07-31 00:00:00+00:00,1955.76,1982.83,1952.54,1975.2,139532,1,0
2020-08-03 00:00:00+00:00,1978.68,1988.55,1960.43,1975.94,135494,1,0
2020-08-04 00:00:00+00:00,1976.27,2019.88,1965.82,2018.44,133611,1,0
2020-08-05 00:00:00+00:00,2017.9,2055.72,2009.14,2038.97,206897,1,0
2020-08-06 00:00:00+00:00,2038.15,2069.52,2034.37,2063.2,183885,1,0
2020-08-07 00:00:00+00:00,2063.58,2074.76,2015.22,2032.85,205968,1,0
2020-08-10 00:00:00+00:00,2014.75,2049.87,2014.75,2027.38,209870,1,0
2020-08-11 00:00:00+00:00,2027.17,2029.98,1901.27,1912.59,234474,1,0
2020-08-12 00:00:00+00:00,1908.81,1949.28,1858.76,1918.99,260137,1,0
2020-08-13 00:00:00+00:00,1915.13,1966.25,1911.93,1953.51,182457,1,0
2020-08-14 00:00:00+00:00,1953.04,1961.96,1931.92,1943.5,170977,1,0
2020-08-17 00:00:00+00:00,1946.58,1990.58,1929.11,1984.39,190569,1,0
2020-08-18 00:00:00+00:00,1983.23,2015.64,1975.65,2001.98,157543,1,0
2020-08-19 00:00:00+00:00,2000.57,2006.36,1924.73,1927.51,214103,1,0
2020-08-20 00:00:00+00:00,1927.79,1955.14,1924.59,1946.21,208905,1,0
2020-08-21 00:00:00+00:00,1946.08,1955.75,1911.24,1938.71,175671,1,0
2020-08-24 00:00:00+00:00,1928.4,1961.64,1923.65,1928.22,172213,1,0
2020-08-25 00:00:00+00:00,1925.81,1937.38,1914.08,1926.89,150455,1,0
2020-08-26 00:00:00+00:00,1922.97,1954.83,1902.61,1953.05,160000,1,0
2020-08-27 00:00:00+00:00,1954.91,1976.8,1909.75,1927.98,189054,1,0
2020-08-28 00:00:00+00:00,1929.19,1973.82,1923.09,1964.24,174451,1,0
2020-08-31 00:00:00+00:00,1954.7,1976.62,1954.19,1968.21,159297,1,0
2020-09-01 00:00:00+00:00,1963.89,1992.42,1962.23,1970.69,160305,1,0
2020-09-02 00:00:00+00:00,1965.15,1973.11,1932.43,1943.03,179565,1,0
2020-09-03 00:00:00+00:00,1942.18,1950.8,1921.38,1930.42,118399,1,0
2020-09-04 00:00:00+00:00,1930.76,1942.05,1916.1,1932.94,102856,1,0
2020-09-07 00:00:00+00:00,1933.52,1941.21,1919.8,1919.87,63508,1,0
2020-09-08 00:00:00+00:00,1929.32,1940.82,1906.17,1931.33,108649,6,0
2020-09-09 00:00:00+00:00,1932.02,1950.81,1919.93,1947.41,141140,1,0
2020-09-10 00:00:00+00:00,1945.77,1966.52,1939.93,1945.29,173951,1,0
2020-09-11 00:00:00+00:00,1944.8,1954.78,1937.05,1940.22,172455,1,0
2020-09-14 00:00:00+00:00,1940.57,1962.36,1936.77,1956.31,130584,1,0
2020-09-15 00:00:00+00:00,1957.07,1972.05,1948.14,1953.32,102676,1,0
2020-09-16 00:00:00+00:00,1952.73,1973.43,1949.7,1959.22,188891,1,0
2020-09-17 00:00:00+00:00,1958.61,1960.92,1932.82,1944.16,195134,1,0
2020-09-18 00:00:00+00:00,1943.52,1959.91,1943.41,1949.77,148238,1,0
2020-09-21 00:00:00+00:00,1949.45,1955.55,1881.86,1911.86,275164,1,0
2020-09-22 00:00:00+00:00,1912.14,1919.97,1894.31,1900.24,225599,1,0
2020-09-23 00:00:00+00:00,1898.47,1905.29,1855.18,1862.71,280350,1,0
2020-09-24 00:00:00+00:00,1863.17,1876.96,1848.4,1868.34,267231,1,0
2020-09-25 00:00:00+00:00,1867.97,1874.87,1852.34,1859.9,112689,1,0
2020-09-28 00:00:00+00:00,1859.84,1882.97,1848.21,1881.75,203300,1,0
2020-09-29 00:00:00+00:00,1880.85,1899.04,1875.25,1897.12,173931,1,0
2020-09-30 00:00:00+00:00,1896.98,1902.32,1881.2,1885.22,194018,1,0
2020-10-01 00:00:00+00:00,1885.52,1911.89,1884.6,1905.92,199383,1,0
2020-10-02 00:00:00+00:00,1905.61,1917.11,1889.52,1900.34,176196,1,0
2020-10-05 00:00:00+00:00,1904.98,1918.49,1886.72,1913.63,155073,1,0
2020-10-06 00:00:00+00:00,1912.05,1920.97,1876.63,1877.15,172314,1,0
2020-10-07 00:00:00+00:00,1878.27,1898.05,1872.75,1887.86,151166,1,0
2020-10-08 00:00:00+00:00,1886.91,1900.62,1881.83,1893.06,134166,1,0
2020-10-09 00:00:00+00:00,1893.43,1930.2,1893.15,1929.25,150885,1,0
2020-10-12 00:00:00+00:00,1928.9,1933.16,1918.07,1922.66,164985,1,0
2020-10-13 00:00:00+00:00,1922.62,1925.42,1886.4,1891.0,191320,1,0
2020-10-14 00:00:00+00:00,1891.62,1912.79,1882.52,1900.52,163344,21,0
2020-10-15 00:00:00+00:00,1901.75,1908.92,1889.43,1907.93,183771,1,0
2020-10-16 00:00:00+00:00,1908.1,1913.95,1897.66,1898.61,131744,1,0
2020-10-19 00:00:00+00:00,1899.68,1918.43,1896.99,1903.38,151776,1,0
2020-10-20 00:00:00+00:00,1903.16,1914.08,1894.45,1907.28,127861,1,0
2020-10-21 00:00:00+00:00,1907.92,1931.18,1907.9,1924.72,145067,1,0
2020-10-22 00:00:00+00:00,1924.04,1926.08,1894.29,1903.63,138878,1,0
2020-10-23 00:00:00+00:00,1903.7,1914.16,1894.16,1901.2,122733,1,0
2020-10-26 00:00:00+00:00,1902.77,1908.58,1891.15,1901.65,160902,1,0
2020-10-27 00:00:00+00:00,1901.97,1911.21,1897.85,1907.26,126155,1,0
2020-10-28 00:00:00+00:00,1907.47,1910.88,1869.03,1876.82,192030,1,0
2020-10-29 00:00:00+00:00,1876.41,1884.92,1859.78,1867.21,175272,1,0
2020-10-30 00:00:00+00:00,1866.27,1889.75,1864.07,1878.36,179183,1,0
2020-11-02 00:00:00+00:00,1876.08,1895.69,1873.36,1895.45,179218,1,0
2020-11-03 00:00:00+00:00,1895.3,1910.49,1886.69,1906.86,149159,1,0
2020-11-04 00:00:00+00:00,1907.93,1916.24,1881.38,1902.54,247351,1,0
2020-11-05 00:00:00+00:00,1903.27,1952.68,1901.96,1950.25,195646,1,0
2020-11-06 00:00:00+00:00,1947.51,1960.35,1935.54,1951.8,178937,1,0
2020-11-09 00:00:00+00:00,1950.0,1965.5,1850.37,1865.5,279350,1,0
2020-11-10 00:00:00+00:00,1865.12,1890.44,1860.16,1873.78,206316,1,0
2020-11-11 00:00:00+00:00,1873.88,1884.51,1856.28,1864.2,158391,1,0
2020-11-12 00:00:00+00:00,1864.7,1883.81,1862.55,1875.29,152733,1,0
2020-11-13 00:00:00+00:00,1876.91,1896.77,1873.87,1887.43,130468,1,0
2020-11-16 00:00:00+00:00,1888.52,1899.04,1864.54,1886.73,175728,1,0
2020-11-17 00:00:00+00:00,1888.61,1893.41,1876.61,1881.72,134971,1,0
2020-11-18 00:00:00+00:00,1881.39,1884.83,1863.32,1869.82,114951,1,0
2020-11-19 00:00:00+00:00,1870.19,1874.14,1852.58,1866.62,107170,1,0
2020-11-20 00:00:00+00:00,1866.74,1879.72,1860.76,1873.45,84640,1,0
2020-11-23 00:00:00+00:00,1851.7,1876.14,1830.79,1835.47,112556,1,0
2020-11-24 00:00:00+00:00,1836.0,1839.07,1799.97,1807.55,161891,1,0
2020-11-25 00:00:00+00:00,1806.71,1817.56,1801.59,1806.55,93687,1,0
2020-11-26 00:00:00+00:00,1805.34,1818.17,1718.62,1808.07,76052,1,0
2020-11-27 00:00:00+00:00,1809.06,1813.87,1774.34,1786.15,132785,1,0
2020-11-30 00:00:00+00:00,1785.63,1790.0,1764.21,1776.16,120232,1,0
2020-12-01 00:00:00+00:00,1775.45,1817.28,1775.45,1814.61,96844,1,0
2020-12-02 00:00:00+00:00,1814.38,1832.46,1807.33,1829.12,93341,1,0
2020-12-03 00:00:00+00:00,1829.67,1843.89,1823.72,1841.15,98584,1,0
2020-12-04 00:00:00+00:00,1840.54,1848.22,1828.96,1836.19,97193,1,0
2020-12-07 00:00:00+00:00,1833.0,1868.42,1822.13,1862.96,107196,1,0
2020-12-08 00:00:00+00:00,1864.92,1875.29,1860.21,1869.75,95393,1,0
2020-12-09 00:00:00+00:00,1870.61,1871.75,1825.33,1838.38,129149,1,0
2020-12-10 00:00:00+00:00,1838.56,1850.07,1828.63,1836.38,114740,1,0
2020-12-11 00:00:00+00:00,1834.69,1847.64,1823.65,1838.95,97882,1,0
2020-12-14 00:00:00+00:00,1832.0,1841.3,1818.16,1828.19,100890,1,0
2020-12-15 00:00:00+00:00,1828.86,1855.3,1825.45,1854.12,98100,1,0
2020-12-16 00:00:00+00:00,1853.25,1865.73,1844.56,1863.36,131128,1,0
2020-12-17 00:00:00+00:00,1862.73,1896.12,1861.98,1883.49,131244,1,0
2020-12-18 00:00:00+00:00,1885.08,1889.57,1877.4,1880.3,103194,1,0
2020-12-21 00:00:00+00:00,1872.5,1906.68,1854.6,1875.69,182965,1,0
2020-12-22 00:00:00+00:00,1875.86,1884.3,1859.45,1860.48,136478,1,0
2020-12-23 00:00:00+00:00,1861.55,1878.33,1854.12,1871.07,128490,1,0
2020-12-24 00:00:00+00:00,1872.26,1882.53,1869.43,1878.63,69054,1,0
2020-12-25 00:00:00+00:00,1860.8,1860.8,1825.0,1825.0,60,3730,0
2020-12-28 00:00:00+00:00,1882.4,1900.09,1869.03,1873.39,118703,1,0
2020-12-29 00:00:00+00:00,1873.09,1886.45,1871.05,1879.7,102146,1,0
2020-12-30 00:00:00+00:00,1877.97,1892.39,1872.48,1892.23,86060,1,0
2020-12-31 00:00:00+00:00,1892.24,1900.32,1885.21,1898.69,72365,1,0
2021-01-04 00:00:00+00:00,1903.23,1944.43,1901.79,1943.77,146495,1,0
2021-01-05 00:00:00+00:00,1941.82,1953.23,1934.19,1949.46,114548,1,0
2021-01-06 00:00:00+00:00,1948.49,1959.31,1900.68,1918.22,154166,1,0
2021-01-07 00:00:00+00:00,1919.0,1927.64,1906.33,1914.41,105469,1,0
2021-01-08 00:00:00+00:00,1914.45,1917.37,1827.51,1848.48,145420,3,0
2021-01-11 00:00:00+00:00,1847.98,1856.33,1816.32,1845.87,130053,1,0
2021-01-12 00:00:00+00:00,1844.31,1863.53,1835.7,1855.46,111429,1,0
2021-01-13 00:00:00+00:00,1856.09,1862.83,1846.8,1847.9,102519,1,0
2021-01-14 00:00:00+00:00,1848.03,1857.42,1817.28,1847.37,117652,1,0
2021-01-15 00:00:00+00:00,1848.21,1856.89,1823.13,1825.86,126707,1,0
2021-01-18 00:00:00+00:00,1822.9,1840.69,1798.61,1836.63,73597,4,0
2021-01-19 00:00:00+00:00,1819.16,1845.45,1818.66,1840.39,87672,2,0
2021-01-20 00:00:00+00:00,1838.83,1870.78,1832.18,1868.96,98323,1,0
2021-01-21 00:00:00+00:00,1869.51,1875.0,1858.23,1871.0,96821,1,0
2021-01-22 00:00:00+00:00,1869.74,1870.58,1837.23,1854.46,105533,1,0
2021-01-25 00:00:00+00:00,1834.9,1867.79,1834.9,1855.1,117123,1,0
2021-01-26 00:00:00+00:00,1855.25,1861.63,1848.31,1851.86,87676,2,0
2021-01-27 00:00:00+00:00,1851.04,1853.04,1831.18,1842.34,99937,9,0
2021-01-28 00:00:00+00:00,1841.42,1864.01,1833.95,1842.6,135424,4,0
2021-01-29 00:00:00+00:00,1843.08,1875.51,1839.46,1843.71,146936,6,0
2021-02-01 00:00:00+00:00,1839.9,1871.52,1839.9,1860.04,162183,7,0
2021-02-02 00:00:00+00:00,1860.78,1863.98,1829.46,1835.74,145122,3,0
2021-02-03 00:00:00+00:00,1836.64,1844.83,1829.52,1834.0,97177,1,0
2021-02-04 00:00:00+00:00,1833.88,1834.66,1784.84,1794.74,117361,7,0
2021-02-05 00:00:00+00:00,1792.92,1815.09,1791.92,1810.26,99420,1,0
2021-02-08 00:00:00+00:00,1816.48,1839.01,1807.68,1831.22,94508,6,0
2021-02-09 00:00:00+00:00,1829.89,1848.43,1824.09,1835.53,99613,1,0
2021-02-10 00:00:00+00:00,1836.31,1855.25,1833.96,1841.1,95081,9,0
2021-02-11 00:00:00+00:00,1842.4,1847.49,1821.01,1826.13,84726,7,0
2021-02-12 00:00:00+00:00,1825.88,1830.54,1810.0,1819.51,89840,2,0
2021-02-15 00:00:00+00:00,1824.5,1826.96,1807.47,1807.47,50255,10,0
2021-02-16 00:00:00+00:00,1807.47,1826.39,1789.34,1796.05,113155,6,0
2021-02-17 00:00:00+00:00,1794.36,1795.08,1769.35,1774.61,122226,2,0
2021-02-18 00:00:00+00:00,1775.1,1789.54,1768.21,1774.3,104196,1,0
2021-02-19 00:00:00+00:00,1775.34,1791.4,1760.59,1781.51,106063,10,0
2021-02-22 00:00:00+00:00,1724.9,1812.5,1724.9,1809.44,98101,6,0
2021-02-23 00:00:00+00:00,1808.07,1815.83,1795.5,1804.76,100428,4,0
2021-02-24 00:00:00+00:00,1804.85,1813.67,1783.34,1800.89,109102,17,0
2021-02-25 00:00:00+00:00,1803.3,1805.5,1765.21,1772.6,150027,16,0
2021-02-26 00:00:00+00:00,1774.37,1775.67,1717.1,1730.32,161371,4,0
2021-03-01 00:00:00+00:00,1735.75,1759.69,1719.5,1724.0,111171,15,0
2021-03-02 00:00:00+00:00,1724.79,1738.36,1707.11,1733.8,116010,16,0
2021-03-03 00:00:00+00:00,1734.12,1740.31,1701.79,1714.91,113474,4,0
2021-03-04 00:00:00+00:00,1714.63,1723.15,1690.42,1698.36,352212,1,0
2021-03-05 00:00:00+00:00,1698.81,1707.55,1686.6,1699.8,198738,1,0
2021-03-08 00:00:00+00:00,1706.48,1714.01,1676.69,1682.11,113170,8,0
2021-03-09 00:00:00+00:00,1681.24,1720.52,1675.63,1715.17,248726,1,0
2021-03-10 00:00:00+00:00,1717.08,1726.23,1708.07,1725.08,238270,1,0
2021-03-11 00:00:00+00:00,1724.94,1739.8,1719.12,1723.83,223592,1,0
2021-03-12 00:00:00+00:00,1724.04,1727.91,1699.16,1724.1,257647,1,0
2021-03-15 00:00:00+00:00,1725.62,1734.53,1721.62,1731.99,237057,1,0
2021-03-16 00:00:00+00:00,1731.2,1741.27,1726.22,1731.83,209114,1,0
2021-03-17 00:00:00+00:00,1729.93,1751.61,1723.99,1744.53,235461,1,0
2021-03-18 00:00:00+00:00,1744.54,1755.5,1719.19,1736.36,311584,1,0
2021-03-19 00:00:00+00:00,1735.95,1746.59,1728.45,1744.72,243732,1,0
2021-03-22 00:00:00+00:00,1743.59,1743.6,1727.31,1738.45,249598,1,0
2021-03-23 00:00:00+00:00,1738.4,1742.54,1724.63,1726.82,248855,1,0
2021-03-24 00:00:00+00:00,1726.5,1738.6,1723.82,1733.89,209464,1,0
2021-03-25 00:00:00+00:00,1731.1,1745.52,1721.74,1726.96,271047,1,0
2021-03-26 00:00:00+00:00,1724.07,1736.72,1721.47,1732.66,197413,1,0
2021-03-29 00:00:00+00:00,1730.97,1732.85,1705.66,1711.79,227970,1,0
2021-03-30 00:00:00+00:00,1711.0,1714.37,1678.69,1684.92,271768,1,0
2021-03-31 00:00:00+00:00,1684.22,1715.35,1677.86,1707.75,261620,1,0
2021-04-01 00:00:00+00:00,1705.5,1730.37,1704.93,1729.52,231571,1,0
2021-04-02 00:00:00+00:00,1728.5,1736.06,1700.0,1705.0,1563,178,0
2021-04-05 00:00:00+00:00,1728.16,1733.54,1721.23,1728.14,143444,1,0
2021-04-06 00:00:00+00:00,1727.12,1745.41,1727.12,1743.15,162344,1,0
2021-04-07 00:00:00+00:00,1741.44,1744.26,1730.66,1737.48,144988,1,0
2021-04-08 00:00:00+00:00,1736.67,1758.64,1733.07,1756.14,150508,1,0
2021-04-09 00:00:00+00:00,1754.72,1757.3,1731.06,1743.38,166517,1,0
2021-04-12 00:00:00+00:00,1742.52,1745.08,1727.39,1732.34,185474,1,0
2021-04-13 00:00:00+00:00,1730.82,1749.07,1723.67,1745.31,183185,1,0
2021-04-14 00:00:00+00:00,1744.13,1749.29,1732.56,1736.12,163061,1,0
2021-04-15 00:00:00+00:00,1735.32,1769.56,1734.31,1763.44,184640,1,0
2021-04-16 00:00:00+00:00,1761.03,1783.79,1759.79,1776.57,164457,1,0
2021-04-19 00:00:00+00:00,1776.07,1789.98,1766.65,1770.74,238754,1,0
2021-04-20 00:00:00+00:00,1769.68,1780.38,1763.58,1778.64,181412,1,0
2021-04-21 00:00:00+00:00,1775.92,1797.61,1775.72,1793.9,173742,1,0
2021-04-22 00:00:00+00:00,1791.97,1797.83,1777.33,1784.3,185412,1,0
2021-04-23 00:00:00+00:00,1783.5,1796.01,1769.97,1776.39,174018,1,0
2021-04-26 00:00:00+00:00,1775.58,1783.42,1768.71,1781.27,184573,1,0
2021-04-27 00:00:00+00:00,1781.03,1785.57,1773.66,1776.61,148137,1,0
2021-04-28 00:00:00+00:00,1774.32,1782.52,1762.57,1781.33,234069,1,0
2021-04-29 00:00:00+00:00,1781.05,1790.0,1756.15,1772.2,258275,1,0
2021-04-30 00:00:00+00:00,1771.19,1773.7,1764.2,1769.08,250993,1,0
2021-05-03 00:00:00+00:00,1766.86,1797.91,1766.47,1792.96,238845,1,0
2021-05-04 00:00:00+00:00,1776.18,1799.09,1770.54,1779.23,290143,1,0
2021-05-05 00:00:00+00:00,1777.71,1787.92,1770.39,1787.61,231016,1,0
2021-05-06 00:00:00+00:00,1785.65,1818.12,1781.93,1815.14,258933,1,0
2021-05-07 00:00:00+00:00,1809.96,1843.25,1809.94,1830.85,332896,1,0
2021-05-10 00:00:00+00:00,1832.77,1845.51,1829.97,1835.49,325559,1,0
2021-05-11 00:00:00+00:00,1834.73,1841.83,1817.99,1836.8,301411,1,0
2021-05-12 00:00:00+00:00,1809.83,1843.73,1809.83,1816.07,353421,1,0
2021-05-13 00:00:00+00:00,1814.87,1828.75,1808.78,1826.88,269013,1,0
2021-05-14 00:00:00+00:00,1824.03,1846.3,1819.72,1842.47,252957,1,0
2021-05-17 00:00:00+00:00,1845.6,1868.45,1843.5,1866.56,260661,1,0
2021-05-18 00:00:00+00:00,1861.99,1875.02,1861.94,1869.46,230728,1,0
2021-05-19 00:00:00+00:00,1868.67,1890.07,1852.13,1870.1,347233,1,0
2021-05-20 00:00:00+00:00,1863.43,1883.97,1863.43,1877.21,276346,1,0
2021-05-21 00:00:00+00:00,1875.68,1889.39,1870.08,1881.62,234715,1,0
2021-05-24 00:00:00+00:00,1883.53,1886.94,1875.16,1881.26,218750,1,0
2021-05-25 00:00:00+00:00,1879.77,1900.22,1872.77,1899.23,264784,1,0
2021-05-26 00:00:00+00:00,1894.91,1912.75,1890.68,1896.41,274688,1,0
2021-05-27 00:00:00+00:00,1895.9,1903.7,1888.25,1896.34,247582,1,0
2021-05-28 00:00:00+00:00,1896.27,1905.89,1882.25,1903.01,253638,1,0
2021-05-31 00:00:00+00:00,1903.45,1910.53,1867.66,1900.34,116368,1,0
2021-06-01 00:00:00+00:00,1907.48,1916.54,1892.34,1899.74,203749,1,0
2021-06-02 00:00:00+00:00,1895.8,1909.08,1894.34,1908.63,181896,1,0
2021-06-03 00:00:00+00:00,1902.12,1909.6,1865.28,1870.6,255932,1,0
2021-06-04 00:00:00+00:00,1866.67,1896.19,1855.13,1891.54,206351,1,0
2021-06-07 00:00:00+00:00,1890.13,1900.12,1881.51,1898.67,215408,1,0
2021-06-08 00:00:00+00:00,1897.2,1903.83,1883.73,1892.99,227434,1,0
2021-06-09 00:00:00+00:00,1890.65,1899.0,1887.3,1888.72,179154,1,0
2021-06-10 00:00:00+00:00,1886.97,1899.88,1869.76,1899.56,272720,1,0
2021-06-11 00:00:00+00:00,1898.15,1903.07,1874.46,1875.81,237712,1,0
2021-06-14 00:00:00+00:00,1875.13,1875.67,1844.58,1866.33,266313,1,0
2021-06-15 00:00:00+00:00,1865.65,1869.15,1851.56,1858.83,229611,1,0
2021-06-16 00:00:00+00:00,1857.86,1863.12,1803.1,1809.84,262002,1,0
2021-06-17 00:00:00+00:00,1807.84,1825.22,1767.24,1772.53,425128,1,0
2021-06-18 00:00:00+00:00,1770.85,1797.27,1760.81,1764.46,371102,1,0
2021-06-21 00:00:00+00:00,1768.12,1786.51,1766.47,1783.23,356444,1,0
2021-06-22 00:00:00+00:00,1780.5,1790.09,1772.25,1778.51,240089,1,0
2021-06-23 00:00:00+00:00,1778.24,1794.94,1773.31,1778.26,215388,1,0
2021-06-24 00:00:00+00:00,1776.19,1787.99,1772.81,1774.9,158640,1,0
2021-06-25 00:00:00+00:00,1773.91,1790.41,1771.54,1781.18,219836,1,0
2021-06-28 00:00:00+00:00,1782.6,1785.81,1770.59,1779.02,230503,1,0
2021-06-29 00:00:00+00:00,1775.71,1778.9,1750.54,1760.94,243378,1,0
2021-06-30 00:00:00+00:00,1758.62,1774.4,1753.29,1769.6,227143,1,0
2021-07-01 00:00:00+00:00,1768.03,1782.77,1765.63,1776.48,227232,1,0
2021-07-02 00:00:00+00:00,1775.02,1795.09,1773.72,1787.32,243084,1,0
2021-07-05 00:00:00+00:00,1786.75,1795.37,1784.39,1790.91,91842,1,0
2021-07-06 00:00:00+00:00,1790.47,1815.03,1790.02,1796.47,245515,1,0
2021-07-07 00:00:00+00:00,1795.18,1809.73,1793.83,1803.52,169397,1,0
2021-07-08 00:00:00+00:00,1802.3,1818.48,1793.62,1802.25,237351,1,0
2021-07-09 00:00:00+00:00,1802.34,1812.41,1796.58,1807.76,181683,1,0
2021-07-12 00:00:00+00:00,1807.81,1810.75,1791.54,1806.01,216764,1,0
2021-07-13 00:00:00+00:00,1805.81,1817.16,1798.58,1807.06,218385,1,0
2021-07-14 00:00:00+00:00,1807.53,1829.83,1804.51,1827.96,237370,1,0
2021-07-15 00:00:00+00:00,1827.02,1834.15,1820.25,1829.26,154105,1,0
2021-07-16 00:00:00+00:00,1828.48,1831.97,1808.83,1811.29,165342,1,0
2021-07-19 00:00:00+00:00,1812.51,1817.28,1794.93,1812.42,241698,1,0
2021-07-20 00:00:00+00:00,1811.62,1824.97,1805.03,1810.19,187527,1,0
2021-07-21 00:00:00+00:00,1809.56,1813.72,1794.59,1803.43,160005,1,0
2021-07-22 00:00:00+00:00,1802.61,1808.05,1792.63,1806.36,150003,1,0
2021-07-23 00:00:00+00:00,1806.99,1810.37,1789.51,1801.98,168309,1,0
2021-07-26 00:00:00+00:00,1800.46,1811.51,1796.35,1797.62,175827,1,0
2021-07-27 00:00:00+00:00,1796.89,1805.29,1793.59,1798.48,179577,1,0
2021-07-28 00:00:00+00:00,1798.44,1809.81,1791.59,1806.88,222366,1,0
2021-07-29 00:00:00+00:00,1805.47,1832.68,1805.47,1827.74,179242,1,0
2021-07-30 00:00:00+00:00,1827.36,1831.38,1810.21,1814.31,197217,1,0
2021-08-02 00:00:00+00:00,1813.01,1819.52,1805.76,1813.09,242243,1,0
2021-08-03 00:00:00+00:00,1812.32,1815.02,1807.1,1810.13,187468,1,0
2021-08-04 00:00:00+00:00,1809.42,1831.71,1806.38,1811.61,272079,1,0
2021-08-05 00:00:00+00:00,1810.63,1814.85,1797.69,1803.87,211131,1,0
2021-08-06 00:00:00+00:00,1803.3,1804.87,1758.65,1763.16,263691,1,0
2021-08-09 00:00:00+00:00,1700.54,1752.66,1681.73,1729.61,345166,1,0
2021-08-10 00:00:00+00:00,1729.44,1738.25,1717.73,1728.64,155673,1,0
2021-08-11 00:00:00+00:00,1729.07,1754.41,1724.03,1751.48,162714,1,0
2021-08-12 00:00:00+00:00,1750.39,1758.12,1741.57,1752.94,191117,1,0
2021-08-13 00:00:00+00:00,1751.6,1779.98,1751.6,1779.78,211794,1,0
2021-08-16 00:00:00+00:00,1779.55,1789.28,1770.84,1787.24,228948,1,0
2021-08-17 00:00:00+00:00,1786.53,1795.59,1780.53,1785.87,230901,1,0
2021-08-18 00:00:00+00:00,1785.52,1793.79,1777.31,1787.69,229586,1,0
2021-08-19 00:00:00+00:00,1786.39,1792.46,1772.99,1780.06,249005,1,0
2021-08-20 00:00:00+00:00,1779.59,1788.4,1778.28,1780.91,180645,1,0
2021-08-23 00:00:00+00:00,1777.98,1806.42,1776.47,1805.22,192481,1,0
2021-08-24 00:00:00+00:00,1804.71,1809.6,1800.71,1802.92,172354,1,0
2021-08-25 00:00:00+00:00,1801.95,1803.05,1782.44,1790.29,199326,1,0
2021-08-26 00:00:00+00:00,1789.74,1798.17,1780.01,1791.59,168828,1,0
2021-08-27 00:00:00+00:00,1791.63,1819.29,1783.97,1817.84,200657,1,0
2021-08-30 00:00:00+00:00,1817.81,1823.17,1807.7,1810.03,146517,1,0
2021-08-31 00:00:00+00:00,1809.31,1819.13,1801.65,1814.15,185335,1,0
2021-09-01 00:00:00+00:00,1812.64,1820.01,1808.6,1813.7,165427,1,0
2021-09-02 00:00:00+00:00,1813.18,1817.1,1804.92,1809.61,124127,1,0
2021-09-03 00:00:00+00:00,1808.97,1833.96,1808.4,1827.42,175309,1,0
2021-09-06 00:00:00+00:00,1828.1,1828.75,1820.76,1822.71,84296,1,0
2021-09-07 00:00:00+00:00,1822.31,1827.27,1792.29,1793.88,190035,1,0
2021-09-08 00:00:00+00:00,1793.01,1802.17,1782.32,1789.37,175079,1,0
2021-09-09 00:00:00+00:00,1788.17,1800.97,1783.74,1794.26,180222,1,0
2021-09-10 00:00:00+00:00,1793.51,1803.87,1787.09,1787.52,169927,1,0
2021-09-13 00:00:00+00:00,1787.99,1798.43,1783.62,1793.29,168240,1,0
2021-09-14 00:00:00+00:00,1792.84,1808.65,1773.28,1804.69,185484,1,0
2021-09-15 00:00:00+00:00,1803.67,1806.92,1790.69,1793.59,181351,1,0
2021-09-16 00:00:00+00:00,1793.19,1796.17,1745.24,1752.56,241440,1,0
2021-09-17 00:00:00+00:00,1752.9,1767.46,1747.37,1753.9,200055,1,0
2021-09-20 00:00:00+00:00,1753.33,1767.06,1742.11,1764.77,211285,1,0
2021-09-21 00:00:00+00:00,1763.54,1781.73,1757.88,1773.82,182559,1,0
2021-09-22 00:00:00+00:00,1773.73,1787.2,1764.54,1768.04,238659,1,0
2021-09-23 00:00:00+00:00,1767.33,1776.57,1737.8,1742.38,215163,1,0
2021-09-24 00:00:00+00:00,1741.54,1757.68,1740.43,1749.56,164778,1,0
2021-09-27 00:00:00+00:00,1748.37,1760.84,1744.83,1750.11,189565,0,0
2021-09-28 00:00:00+00:00,1748.69,1754.43,1728.08,1733.55,231635,0,0
2021-09-29 00:00:00+00:00,1732.24,1745.47,1721.62,1726.43,192350,0,0
2021-09-30 00:00:00+00:00,1725.35,1764.23,1722.17,1757.29,196618,0,0
2021-10-01 00:00:00+00:00,1755.51,1764.27,1749.68,1760.14,183526,0,0
2021-10-04 00:00:00+00:00,1763.41,1770.53,1747.7,1769.16,203558,0,0
2021-10-05 00:00:00+00:00,1768.45,1770.04,1748.53,1759.82,164648,0,0
2021-10-06 00:00:00+00:00,1708.72,1765.1,1708.72,1762.84,192242,0,0
2021-10-07 00:00:00+00:00,1761.95,1766.93,1751.92,1754.95,156533,0,0
2021-10-08 00:00:00+00:00,1749.74,1781.33,1749.74,1757.06,212631,0,0
2021-10-11 00:00:00+00:00,1754.55,1760.98,1750.13,1754.09,151288,0,0
2021-10-12 00:00:00+00:00,1753.05,1769.31,1750.74,1760.1,184075,0,0
2021-10-13 00:00:00+00:00,1759.06,1796.16,1757.83,1792.86,238225,0,0
2021-10-14 00:00:00+00:00,1792.29,1800.56,1786.65,1795.91,178456,0,0
2021-10-15 00:00:00+00:00,1795.06,1796.42,1764.81,1767.41,182275,0,0
2021-10-18 00:00:00+00:00,1768.47,1772.07,1760.28,1764.62,244541,0,0
2021-10-19 00:00:00+00:00,1763.86,1785.15,1762.87,1768.88,208597,0,0
2021-10-20 00:00:00+00:00,1768.14,1788.38,1766.82,1782.0,205115,0,0
2021-10-21 00:00:00+00:00,1781.25,1789.45,1776.46,1783.22,227994,0,0
2021-10-22 00:00:00+00:00,1782.06,1813.84,1781.81,1792.36,225199,0,0
2021-10-25 00:00:00+00:00,1793.29,1810.02,1792.26,1807.4,199783,0,0
2021-10-26 00:00:00+00:00,1806.88,1808.32,1782.37,1793.05,193484,0,0
2021-10-27 00:00:00+00:00,1792.05,1799.03,1783.5,1796.78,216666,0,0
2021-10-28 00:00:00+00:00,1796.04,1810.42,1792.28,1798.84,252707,0,0
2021-10-29 00:00:00+00:00,1797.62,1801.15,1771.9,1782.8,245264,0,0
2021-11-01 00:00:00+00:00,1782.96,1795.84,1779.09,1793.16,167922,0,0
2021-11-02 00:00:00+00:00,1770.77,1796.35,1770.77,1787.75,146530,0,0
2021-11-03 00:00:00+00:00,1787.07,1788.15,1758.75,1769.88,248115,0,0
2021-11-04 00:00:00+00:00,1768.56,1798.9,1767.24,1791.72,206792,0,0
2021-11-05 00:00:00+00:00,1790.57,1818.28,1784.99,1817.86,245817,0,0
2021-11-08 00:00:00+00:00,1815.59,1826.54,1812.42,1823.84,206940,0,0
2021-11-09 00:00:00+00:00,1823.84,1832.77,1819.11,1832.24,194850,0,0
2021-11-10 00:00:00+00:00,1832.25,1868.52,1822.26,1852.58,241480,0,0
2021-11-11 00:00:00+00:00,1852.58,1865.95,1842.89,1862.6,180237,0,0
2021-11-12 00:00:00+00:00,1862.5,1868.66,1845.19,1865.26,208482,0,0
2021-11-15 00:00:00+00:00,1866.83,1870.45,1856.31,1863.52,170467,0,0
2021-11-16 00:00:00+00:00,1863.01,1877.22,1849.65,1850.04,218869,0,0
2021-11-17 00:00:00+00:00,1850.24,1868.08,1848.26,1866.88,175034,0,0
2021-11-18 00:00:00+00:00,1866.88,1870.88,1855.06,1860.79,182416,0,0
2021-11-19 00:00:00+00:00,1860.73,1865.79,1842.97,1847.04,249339,0,0
2021-11-22 00:00:00+00:00,1840.05,1849.08,1802.21,1805.13,273854,0,0
2021-11-23 00:00:00+00:00,1805.17,1812.41,1781.96,1790.48,248175,0,0
2021-11-24 00:00:00+00:00,1790.51,1796.37,1776.32,1788.09,220587,0,0
2021-11-25 00:00:00+00:00,1788.09,1795.12,1785.97,1788.55,80709,0,0
2021-11-26 00:00:00+00:00,1788.55,1815.54,1690.63,1710.1,236430,0,0
2021-11-29 00:00:00+00:00,1785.76,1799.41,1781.15,1783.66,225202,0,0
2021-11-30 00:00:00+00:00,1783.64,1808.74,1769.85,1771.08,362479,0,0
2021-12-01 00:00:00+00:00,1771.06,1794.51,1761.4,1778.55,273606,0,0
2021-12-02 00:00:00+00:00,1778.55,1783.35,1761.89,1767.56,212517,0,0
2021-12-03 00:00:00+00:00,1767.56,1786.07,1760.72,1782.73,226646,0,0
2021-12-06 00:00:00+00:00,1781.84,1787.77,1775.67,1779.06,173930,0,0
2021-12-07 00:00:00+00:00,1779.08,1787.8,1772.24,1785.36,141430,0,0
2021-12-08 00:00:00+00:00,1785.35,1793.03,1779.56,1785.47,142161,0,0
2021-12-09 00:00:00+00:00,1785.45,1787.59,1773.25,1775.38,142084,0,0
2021-12-10 00:00:00+00:00,1775.4,1789.56,1770.07,1782.5,149052,0,0
2021-12-13 00:00:00+00:00,1783.04,1791.59,1781.78,1787.12,136977,0,0
2021-12-14 00:00:00+00:00,1787.09,1789.51,1766.41,1771.11,149863,0,0
2021-12-15 00:00:00+00:00,1771.11,1780.84,1752.8,1777.97,177248,0,0
2021-12-16 00:00:00+00:00,1777.98,1799.36,1774.81,1799.34,188203,0,0
2021-12-17 00:00:00+00:00,1799.34,1814.23,1796.64,1797.37,190962,0,0
2021-12-20 00:00:00+00:00,1800.7,1804.16,1788.27,1788.49,193686,0,0
2021-12-21 00:00:00+00:00,1788.51,1800.46,1784.83,1788.09,142779,0,0
2021-12-22 00:00:00+00:00,1788.08,1805.04,1785.89,1804.94,129245,0,0
2021-12-23 00:00:00+00:00,1804.94,1810.72,1798.79,1808.8,122539,0,0
2021-12-24 00:00:00+00:00,1808.8,1812.9,1729.9,1729.9,2736,0,0
2021-12-27 00:00:00+00:00,1808.23,1813.45,1802.94,1812.64,115270,0,0
2021-12-28 00:00:00+00:00,1812.68,1820.22,1804.98,1805.52,118249,0,0
2021-12-29 00:00:00+00:00,1805.5,1807.67,1789.36,1804.4,142504,0,0
2021-12-30 00:00:00+00:00,1804.39,1817.19,1796.15,1817.03,128928,0,0
2021-12-31 00:00:00+00:00,1817.03,1827.51,1813.92,1823.86,51747,0,0
2022-01-03 00:00:00+00:00,1827.35,1831.53,1798.28,1801.75,163498,0,0
2022-01-04 00:00:00+00:00,1801.75,1816.81,1798.43,1815.22,175490,0,0
2022-01-05 00:00:00+00:00,1815.22,1829.7,1808.25,1809.91,189899,0,0
2022-01-06 00:00:00+00:00,1809.9,1811.53,1786.4,1788.1,227340,0,0
2022-01-07 00:00:00+00:00,1788.06,1798.64,1776.66,1794.47,194587,0,0
2022-01-10 00:00:00+00:00,1795.11,1802.33,1789.63,1800.97,177684,0,0
2022-01-11 00:00:00+00:00,1800.97,1823.29,1800.04,1823.02,167769,0,0
2022-01-12 00:00:00+00:00,1823.02,1828.08,1814.68,1827.39,159907,0,0
2022-01-13 00:00:00+00:00,1827.36,1828.15,1812.32,1821.86,161265,0,0
2022-01-14 00:00:00+00:00,1821.88,1829.13,1814.67,1817.26,182803,0,0
2022-01-17 00:00:00+00:00,1817.74,1823.22,1813.08,1818.69,89589,0,0
2022-01-18 00:00:00+00:00,1818.69,1822.74,1805.74,1813.7,210769,0,0
2022-01-19 00:00:00+00:00,1813.7,1843.41,1810.21,1842.54,188295,0,0
2022-01-20 00:00:00+00:00,1842.54,1847.91,1835.88,1838.04,206932,0,0
2022-01-21 00:00:00+00:00,1838.06,1843.21,1828.48,1829.7,200733,0,0
2022-01-24 00:00:00+00:00,1833.59,1844.29,1829.68,1841.5,243379,0,0
2022-01-25 00:00:00+00:00,1841.49,1853.84,1834.89,1847.5,193160,0,0
2022-01-26 00:00:00+00:00,1847.5,1850.02,1814.93,1817.69,208357,0,0
2022-01-27 00:00:00+00:00,1817.66,1822.1,1791.69,1794.85,230611,0,0
2022-01-28 00:00:00+00:00,1794.85,1799.4,1780.2,1789.28,178216,0,0
2022-01-31 00:00:00+00:00,1789.55,1799.87,1785.45,1799.5,154524,0,0
2022-02-01 00:00:00+00:00,1799.52,1808.72,1793.49,1801.01,150879,0,0
2022-02-02 00:00:00+00:00,1801.01,1810.82,1794.38,1807.69,144933,0,0
2022-02-03 00:00:00+00:00,1807.69,1808.96,1788.59,1805.19,191030,0,0
2022-02-04 00:00:00+00:00,1805.21,1814.89,1792.11,1807.37,194758,0,0
2022-02-07 00:00:00+00:00,1808.47,1823.55,1807.77,1821.49,183959,0,0
2022-02-08 00:00:00+00:00,1821.48,1828.83,1815.39,1826.98,144279,0,0
2022-02-09 00:00:00+00:00,1826.96,1835.83,1824.64,1833.3,131753,0,0
2022-02-10 00:00:00+00:00,1833.3,1841.92,1821.53,1827.12,230580,0,0
2022-02-11 00:00:00+00:00,1827.15,1865.31,1820.87,1860.87,267446,0,0
2022-02-14 00:00:00+00:00,1860.97,1874.15,1850.76,1871.85,264336,0,0
2022-02-15 00:00:00+00:00,1871.85,1879.47,1844.48,1853.35,191000,0,0
2022-02-16 00:00:00+00:00,1853.34,1872.58,1850.25,1872.3,155461,0,0
2022-02-17 00:00:00+00:00,1872.32,1901.12,1867.17,1898.58,224962,0,0
2022-02-18 00:00:00+00:00,1898.62,1902.45,1886.55,1896.23,194769,0,0
2022-02-21 00:00:00+00:00,1874.4,1908.26,1874.4,1904.72,152561,0,0
2022-02-22 00:00:00+00:00,1904.44,1914.09,1888.71,1900.51,274296,0,0
2022-02-23 00:00:00+00:00,1900.51,1910.49,1889.55,1909.22,160022,0,0
2022-02-24 00:00:00+00:00,1909.22,1974.32,1877.54,1898.12,415794,0,0
2022-02-25 00:00:00+00:00,1898.14,1921.53,1877.96,1889.75,216717,0,0
2022-02-28 00:00:00+00:00,1924.03,1929.14,1890.82,1910.04,306811,0,0
2022-03-01 00:00:00+00:00,1910.11,1946.51,1901.37,1945.47,263797,0,0
2022-03-02 00:00:00+00:00,1945.47,1950.18,1913.78,1925.17,241947,0,0
2022-03-03 00:00:00+00:00,1925.1,1941.3,1921.97,1936.91,207449,0,0
2022-03-04 00:00:00+00:00,1936.87,1970.41,1929.72,1967.99,279825,0,0
2022-03-07 00:00:00+00:00,1981.67,2002.52,1961.07,1996.76,332074,0,0
2022-03-08 00:00:00+00:00,1996.76,2070.31,1981.03,2051.07,392921,0,0
2022-03-09 00:00:00+00:00,2051.12,2059.07,1975.96,1990.97,352485,0,0
2022-03-10 00:00:00+00:00,1990.99,2009.18,1969.02,1997.64,230027,0,0
2022-03-11 00:00:00+00:00,1997.59,1999.0,1958.54,1984.36,211588,0,0
2022-03-14 00:00:00+00:00,1978.98,1980.87,1949.73,1951.46,209461,0,0
2022-03-15 00:00:00+00:00,1949.18,1954.55,1906.94,1917.41,223606,0,0
2022-03-16 00:00:00+00:00,1918.23,1929.37,1895.0,1924.69,166567,0,0
2022-03-17 00:00:00+00:00,1925.0,1949.71,1923.09,1942.55,132027,0,0
2022-03-18 00:00:00+00:00,1942.3,1945.33,1917.84,1920.56,121948,0,0
2022-03-21 00:00:00+00:00,1919.95,1941.21,1917.87,1934.67,77619,0,0
2022-03-22 00:00:00+00:00,1934.29,1938.29,1910.55,1921.39,96946,0,0
2022-03-23 00:00:00+00:00,1921.05,1948.38,1915.52,1944.65,80375,0,0
2022-03-24 00:00:00+00:00,1942.49,1966.16,1937.34,1956.96,93057,0,0
2022-03-25 00:00:00+00:00,1956.37,1964.24,1943.08,1957.11,99179,0,0
2022-03-28 00:00:00+00:00,1955.26,1958.32,1916.84,1921.71,104482,0,0
2022-03-29 00:00:00+00:00,1920.78,1929.19,1890.01,1919.26,98242,0,0
2022-03-30 00:00:00+00:00,1917.98,1938.49,1915.84,1933.05,86442,0,0
2022-03-31 00:00:00+00:00,1930.55,1949.78,1918.93,1936.77,90943,0,0
2022-04-01 00:00:00+00:00,1934.79,1939.42,1917.95,1924.11,98243,0,0
2022-04-04 00:00:00+00:00,1923.88,1936.94,1915.35,1932.63,77668,0,0
2022-04-05 00:00:00+00:00,1930.32,1944.66,1917.87,1923.54,82616,0,0
2022-04-06 00:00:00+00:00,1922.28,1933.52,1915.07,1925.48,111485,0,0
2022-04-07 00:00:00+00:00,1923.96,1937.67,1920.42,1931.15,80387,0,0
2022-04-08 00:00:00+00:00,1931.3,1948.05,1927.46,1946.0,73967,0,0
2022-04-11 00:00:00+00:00,1946.22,1969.46,1939.79,1954.42,90513,0,0
2022-04-12 00:00:00+00:00,1953.0,1978.55,1949.47,1966.14,89927,0,0
2022-04-13 00:00:00+00:00,1966.3,1981.47,1962.62,1977.56,75597,0,0
2022-04-14 00:00:00+00:00,1977.2,1980.19,1960.07,1973.04,77925,0,0
2022-04-18 00:00:00+00:00,1979.26,1998.33,1976.12,1978.75,89858,0,0
2022-04-19 00:00:00+00:00,1977.3,1981.78,1942.29,1949.02,89451,0,0
2022-04-20 00:00:00+00:00,1949.76,1958.32,1939.12,1957.32,94342,0,0
2022-04-21 00:00:00+00:00,1957.1,1957.4,1936.32,1951.62,90242,0,0
2022-04-22 00:00:00+00:00,1950.4,1955.42,1926.32,1931.65,99828,2,0
2022-04-25 00:00:00+00:00,1930.0,1932.88,1891.26,1897.62,111216,0,0
2022-04-26 00:00:00+00:00,1897.6,1911.12,1895.48,1906.16,91624,0,0
2022-04-27 00:00:00+00:00,1904.6,1906.87,1881.24,1885.56,93592,0,0
2022-04-28 00:00:00+00:00,1885.5,1896.72,1870.48,1894.02,94340,3,0
2022-04-29 00:00:00+00:00,1894.4,1919.69,1892.26,1896.3,89465,1,0
2022-05-02 00:00:00+00:00,1897.67,1899.77,1854.16,1863.02,81919,0,0
2022-05-03 00:00:00+00:00,1863.3,1878.04,1850.17,1867.72,74718,0,0
2022-05-04 00:00:00+00:00,1866.8,1889.69,1861.32,1881.79,82954,3,0
2022-05-05 00:00:00+00:00,1882.85,1909.66,1872.37,1877.11,113402,0,0
2022-05-06 00:00:00+00:00,1876.4,1892.41,1865.6,1882.25,95095,0,0
2022-05-09 00:00:00+00:00,1880.37,1882.52,1851.6,1854.12,99212,0,0
2022-05-10 00:00:00+00:00,1853.6,1865.27,1835.23,1838.6,103392,0,0
2022-05-11 00:00:00+00:00,1835.0,1858.0,1832.02,1852.17,94176,0,0
2022-05-12 00:00:00+00:00,1851.66,1858.67,1821.32,1821.87,108032,2,0
2022-05-13 00:00:00+00:00,1822.1,1828.72,1798.97,1811.6,82099,1,0
2022-05-16 00:00:00+00:00,1810.07,1826.86,1786.68,1824.49,86366,0,0
2022-05-17 00:00:00+00:00,1823.86,1836.01,1812.83,1814.47,80456,0,0
2022-05-18 00:00:00+00:00,1814.22,1824.64,1807.17,1816.82,72613,1,0
2022-05-19 00:00:00+00:00,1815.7,1849.12,1810.83,1841.02,94232,0,0
2022-05-20 00:00:00+00:00,1840.3,1849.28,1832.24,1845.35,83318,3,0
2022-05-23 00:00:00+00:00,1844.4,1865.33,1842.16,1853.49,65689,6,0
2022-05-24 00:00:00+00:00,1852.1,1869.63,1849.17,1865.9,63275,4,0
2022-05-25 00:00:00+00:00,1865.4,1867.86,1840.4,1853.64,61675,0,0
2022-05-26 00:00:00+00:00,1853.5,1854.19,1840.34,1850.69,53332,3,0
2022-05-27 00:00:00+00:00,1850.4,1861.88,1847.72,1852.9,51612,1,0
2022-05-30 00:00:00+00:00,1850.68,1863.82,1847.94,1853.11,38228,7,0
2022-05-31 00:00:00+00:00,1856.02,1856.97,1834.95,1838.12,69661,0,0
2022-06-01 00:00:00+00:00,1835.0,1849.93,1828.12,1846.5,73703,0,0
2022-06-02 00:00:00+00:00,1825.0,1870.39,1825.0,1868.12,59192,1,0
2022-06-03 00:00:00+00:00,1867.4,1873.93,1847.22,1850.95,56635,0,0
2022-06-06 00:00:00+00:00,1852.2,1857.84,1840.49,1842.02,53804,1,0
2022-06-07 00:00:00+00:00,1840.2,1855.47,1836.74,1851.77,63855,1,0
2022-06-08 00:00:00+00:00,1851.9,1859.59,1844.27,1852.69,58041,6,0
2022-06-09 00:00:00+00:00,1852.3,1855.2,1839.89,1847.73,63105,3,0
2022-06-10 00:00:00+00:00,1847.3,1875.76,1824.93,1871.35,90678,0,0
2022-06-13 00:00:00+00:00,1875.42,1877.36,1818.86,1819.04,109829,0,0
2022-06-14 00:00:00+00:00,1819.72,1831.49,1804.85,1809.22,101310,0,0
2022-06-15 00:00:00+00:00,1807.2,1841.77,1807.0,1833.96,120908,0,0
2022-06-16 00:00:00+00:00,1829.0,1857.2,1815.21,1856.02,110164,1,0
2022-06-17 00:00:00+00:00,1856.4,1856.8,1833.72,1839.8,91261,1,0
2022-06-20 00:00:00+00:00,1838.87,1846.02,1834.93,1837.83,53371,6,0
2022-06-21 00:00:00+00:00,1835.9,1843.57,1828.42,1833.2,74710,1,0
2022-06-22 00:00:00+00:00,1831.7,1847.72,1823.12,1838.17,92358,0,0
2022-06-23 00:00:00+00:00,1836.4,1846.02,1822.33,1822.98,88600,1,0
2022-06-24 00:00:00+00:00,1822.4,1831.73,1816.5,1827.0,77806,0,0
2022-06-27 00:00:00+00:00,1833.96,1840.98,1820.62,1822.57,73398,0,0
2022-06-28 00:00:00+00:00,1822.1,1829.42,1818.24,1820.52,64956,1,0
2022-06-29 00:00:00+00:00,1818.5,1832.95,1810.92,1818.02,75913,0,0
2022-06-30 00:00:00+00:00,1816.7,1825.09,1802.54,1807.07,81577,2,0
2022-07-01 00:00:00+00:00,1807.2,1809.18,1784.32,1808.3,95381,0,0
2022-07-04 00:00:00+00:00,1809.29,1813.98,1803.77,1807.02,44420,7,0
2022-07-05 00:00:00+00:00,1807.42,1811.99,1764.04,1765.81,87468,1,0
2022-07-06 00:00:00+00:00,1764.7,1772.7,1732.02,1738.77,100106,1,0
2022-07-07 00:00:00+00:00,1738.4,1748.94,1736.34,1739.81,74577,0,0
2022-07-08 00:00:00+00:00,1740.0,1752.27,1732.72,1742.2,81243,0,0
2022-07-11 00:00:00+00:00,1743.12,1744.02,1731.11,1733.87,64999,0,0
2022-07-12 00:00:00+00:00,1732.1,1744.0,1723.07,1726.22,77897,0,0
2022-07-13 00:00:00+00:00,1724.5,1745.3,1706.74,1735.37,103525,0,0
2022-07-14 00:00:00+00:00,1735.17,1735.4,1697.52,1710.52,107685,0,0
2022-07-15 00:00:00+00:00,1709.3,1716.5,1698.82,1706.95,90350,0,0
2022-07-18 00:00:00+00:00,1708.16,1723.76,1706.52,1708.99,69243,2,0
2022-07-19 00:00:00+00:00,1708.2,1718.33,1704.62,1711.2,61072,3,0
2022-07-20 00:00:00+00:00,1711.3,1714.46,1692.46,1696.52,65119,0,0
2022-07-21 00:00:00+00:00,1695.3,1720.08,1680.72,1720.08,86871,7,0
2022-07-22 00:00:00+00:00,1717.5,1739.12,1712.76,1727.0,81085,1,0
2022-07-25 00:00:00+00:00,1725.7,1736.08,1714.57,1719.27,64314,0,0
2022-07-26 00:00:00+00:00,1718.5,1728.07,1713.42,1717.12,60716,8,0
2022-07-27 00:00:00+00:00,1705.85,1740.12,1705.85,1734.3,63883,1,0
2022-07-28 00:00:00+00:00,1732.26,1757.04,1732.26,1756.32,96648,1,0
2022-07-29 00:00:00+00:00,1755.2,1767.82,1751.92,1765.65,86685,0,0
2022-08-01 00:00:00+00:00,1763.2,1775.27,1758.22,1771.87,78191,1,0
2022-08-02 00:00:00+00:00,1771.1,1787.95,1760.32,1761.18,101168,0,0
2022-08-03 00:00:00+00:00,1760.58,1772.64,1754.01,1765.79,77311,5,0
2022-08-04 00:00:00+00:00,1764.8,1794.85,1763.07,1790.82,67547,1,0
2022-08-05 00:00:00+00:00,1790.1,1794.87,1764.82,1774.9,82449,0,0
2022-08-08 00:00:00+00:00,1774.09,1789.93,1771.04,1789.42,88388,0,0
2022-08-09 00:00:00+00:00,1788.0,1800.44,1783.07,1793.99,147566,0,0
2022-08-10 00:00:00+00:00,1793.56,1807.77,1787.3,1792.03,150503,0,0
2022-08-11 00:00:00+00:00,1791.1,1799.16,1783.34,1789.56,66339,0,0
2022-08-12 00:00:00+00:00,1788.93,1802.04,1784.7,1801.4,61354,1,0
2022-08-15 00:00:00+00:00,1799.97,1801.59,1772.77,1778.66,65592,1,0
2022-08-16 00:00:00+00:00,1778.96,1782.94,1771.04,1775.77,54850,7,0
2022-08-17 00:00:00+00:00,1775.2,1782.12,1759.47,1761.99,73612,3,0
2022-08-18 00:00:00+00:00,1759.1,1772.35,1755.12,1758.57,65379,0,0
2022-08-19 00:00:00+00:00,1758.6,1759.15,1745.37,1746.95,62800,5,0
2022-08-22 00:00:00+00:00,1747.0,1748.82,1727.62,1735.62,66373,0,0
2022-08-23 00:00:00+00:00,1735.8,1754.06,1730.68,1748.19,68593,5,0
2022-08-24 00:00:00+00:00,1747.8,1755.9,1742.34,1752.12,68471,0,0
2022-08-25 00:00:00+00:00,1750.7,1765.42,1749.76,1758.21,67461,6,0
2022-08-26 00:00:00+00:00,1754.0,1758.7,1733.99,1738.1,88023,6,0
2022-08-29 00:00:00+00:00,1736.3,1745.42,1720.18,1737.62,77705,8,0
2022-08-30 00:00:00+00:00,1737.0,1740.32,1721.02,1724.29,72690,2,0
2022-08-31 00:00:00+00:00,1723.1,1726.34,1709.32,1710.42,82881,0,0
2022-09-01 00:00:00+00:00,1710.8,1711.2,1688.5,1697.24,88590,6,0
2022-09-02 00:00:00+00:00,1696.1,1717.93,1694.82,1711.95,79793,0,0
2022-09-05 00:00:00+00:00,1708.88,1715.65,1707.57,1709.5,43937,12,0
2022-09-06 00:00:00+00:00,1708.4,1726.5,1699.72,1701.46,83822,0,0
2022-09-07 00:00:00+00:00,1701.3,1719.12,1691.22,1718.92,87639,0,0
2022-09-08 00:00:00+00:00,1717.7,1728.12,1703.02,1708.54,90613,1,0
2022-09-09 00:00:00+00:00,1708.3,1729.44,1708.14,1717.25,82373,4,0
2022-09-12 00:00:00+00:00,1718.96,1735.07,1711.82,1724.59,83889,1,0
2022-09-13 00:00:00+00:00,1724.32,1731.72,1696.87,1702.14,95134,0,0
2022-09-14 00:00:00+00:00,1700.8,1707.0,1693.52,1696.92,96076,5,0
2022-09-15 00:00:00+00:00,1697.1,1698.09,1660.19,1663.89,86712,0,0
2022-09-16 00:00:00+00:00,1662.4,1680.24,1654.06,1675.9,88141,0,0
2022-09-19 00:00:00+00:00,1678.12,1679.92,1659.45,1675.32,69692,5,0
2022-09-20 00:00:00+00:00,1675.3,1679.33,1659.82,1664.86,78565,2,0
2022-09-21 00:00:00+00:00,1664.2,1687.9,1653.64,1674.07,107341,8,0
2022-09-22 00:00:00+00:00,1673.1,1684.77,1655.57,1671.42,123010,0,0
2022-09-23 00:00:00+00:00,1671.0,1675.82,1639.37,1644.85,109286,1,0
2022-09-26 00:00:00+00:00,1644.04,1649.67,1620.72,1623.55,132667,0,0
2022-09-27 00:00:00+00:00,1620.84,1642.34,1620.84,1629.24,106390,2,0
2022-09-28 00:00:00+00:00,1629.5,1662.65,1614.62,1659.77,138664,1,0
2022-09-29 00:00:00+00:00,1658.48,1664.72,1641.29,1660.22,120945,1,0
2022-09-30 00:00:00+00:00,1661.9,1675.36,1658.98,1660.6,106142,0,0
2022-10-03 00:00:00+00:00,1664.16,1701.36,1659.09,1698.88,102975,6,0
2022-10-04 00:00:00+00:00,1698.5,1729.47,1695.0,1725.82,108509,3,0
2022-10-05 00:00:00+00:00,1724.9,1727.74,1700.37,1716.38,114863,0,0
2022-10-06 00:00:00+00:00,1715.8,1725.47,1706.81,1712.68,164253,0,0
2022-10-07 00:00:00+00:00,1711.8,1714.73,1690.51,1695.0,163365,0,0
2022-10-10 00:00:00+00:00,1697.54,1698.19,1665.57,1668.22,162390,0,0
2022-10-11 00:00:00+00:00,1667.2,1682.95,1660.89,1666.26,169405,0,0
2022-10-12 00:00:00+00:00,1665.26,1678.31,1661.31,1673.03,166769,0,0
2022-10-13 00:00:00+00:00,1672.7,1682.39,1642.21,1665.83,166920,0,0
2022-10-14 00:00:00+00:00,1665.2,1671.69,1640.06,1644.4,178665,0,0
2022-10-17 00:00:00+00:00,1645.39,1668.35,1645.09,1650.57,144571,0,0
2022-10-18 00:00:00+00:00,1649.5,1660.83,1645.79,1651.22,147422,2,0
2022-10-19 00:00:00+00:00,1651.36,1654.44,1627.62,1628.77,147872,0,0
2022-10-20 00:00:00+00:00,1629.0,1645.53,1622.32,1628.09,155815,1,0
2022-10-21 00:00:00+00:00,1627.0,1657.87,1617.1,1657.36,195319,0,0
2022-10-24 00:00:00+00:00,1658.48,1670.74,1643.85,1649.37,179345,0,0
2022-10-25 00:00:00+00:00,1649.38,1662.23,1638.18,1653.08,152831,0,0
2022-10-26 00:00:00+00:00,1652.44,1674.8,1649.66,1664.09,157453,0,0
2022-10-27 00:00:00+00:00,1663.4,1670.72,1654.79,1662.73,174892,0,0
2022-10-28 00:00:00+00:00,1661.2,1666.99,1637.96,1645.37,159968,0,0
2022-10-31 00:00:00+00:00,1644.1,1645.42,1631.67,1633.54,112299,0,0
2022-11-01 00:00:00+00:00,1632.32,1656.94,1630.66,1647.83,154899,1,0
2022-11-02 00:00:00+00:00,1647.64,1669.34,1634.73,1635.07,146255,0,0
2022-11-03 00:00:00+00:00,1635.0,1640.89,1616.58,1629.42,161581,0,0
2022-11-04 00:00:00+00:00,1624.9,1681.74,1624.9,1680.45,165429,0,0
2022-11-07 00:00:00+00:00,1675.91,1681.8,1666.8,1674.63,153689,0,0
2022-11-08 00:00:00+00:00,1674.56,1716.81,1664.64,1711.67,152838,0,0
2022-11-09 00:00:00+00:00,1712.57,1722.25,1702.06,1704.49,177006,0,0
2022-11-10 00:00:00+00:00,1705.09,1754.71,1703.73,1754.45,163172,0,0
2022-11-11 00:00:00+00:00,1756.23,1768.06,1747.16,1767.77,163390,0,0
2022-11-14 00:00:00+00:00,1761.91,1774.97,1753.16,1772.46,144602,0,0
2022-11-15 00:00:00+00:00,1771.11,1786.42,1767.04,1778.35,184093,0,0
2022-11-16 00:00:00+00:00,1778.33,1784.92,1770.24,1774.17,155232,2,0
2022-11-17 00:00:00+00:00,1774.28,1774.77,1754.4,1760.78,143855,0,0
2022-11-18 00:00:00+00:00,1760.72,1767.62,1747.4,1748.63,131752,0,0
2022-11-21 00:00:00+00:00,1751.31,1752.95,1732.39,1738.7,119978,0,0
2022-11-22 00:00:00+00:00,1739.13,1749.61,1736.98,1739.81,112438,1,0
2022-11-23 00:00:00+00:00,1740.27,1753.3,1726.92,1750.86,129136,0,0
2022-11-24 00:00:00+00:00,1749.57,1758.53,1747.93,1755.4,84322,1,0
2022-11-25 00:00:00+00:00,1755.4,1761.14,1745.93,1754.4,99402,0,0
2022-11-28 00:00:00+00:00,1752.21,1763.71,1739.55,1740.03,140983,2,0
2022-11-29 00:00:00+00:00,1741.16,1758.93,1739.53,1748.05,141238,1,0
2022-11-30 00:00:00+00:00,1749.42,1769.71,1744.77,1769.46,149843,0,0
2022-12-01 00:00:00+00:00,1768.96,1804.08,1767.81,1802.84,169158,0,0
2022-12-02 00:00:00+00:00,1802.5,1804.42,1778.32,1797.71,145583,0,0
2022-12-05 00:00:00+00:00,1796.75,1809.84,1765.71,1767.4,145194,0,0
2022-12-06 00:00:00+00:00,1768.05,1780.82,1767.15,1771.45,140524,2,0
2022-12-07 00:00:00+00:00,1771.12,1790.47,1768.65,1787.17,139700,0,0
2022-12-08 00:00:00+00:00,1785.68,1794.77,1781.39,1788.04,99064,2,0
2022-12-09 00:00:00+00:00,1789.2,1806.03,1788.39,1795.38,114015,0,0
2022-12-12 00:00:00+00:00,1796.63,1797.11,1777.52,1779.54,116339,0,0
2022-12-13 00:00:00+00:00,1780.92,1824.44,1779.6,1810.22,153771,0,0
2022-12-14 00:00:00+00:00,1810.05,1813.99,1794.12,1807.72,148804,0,0
2022-12-15 00:00:00+00:00,1807.16,1808.72,1773.58,1776.92,162199,1,0
2022-12-16 00:00:00+00:00,1776.55,1794.2,1774.2,1792.65,134637,0,0
2022-12-19 00:00:00+00:00,1792.45,1798.64,1783.73,1786.86,115075,2,0
2022-12-20 00:00:00+00:00,1787.29,1821.02,1784.53,1818.53,166605,0,0
2022-12-21 00:00:00+00:00,1818.74,1823.73,1811.81,1814.52,120879,0,0
2022-12-22 00:00:00+00:00,1814.55,1820.34,1784.7,1791.67,116369,1,0
2022-12-23 00:00:00+00:00,1791.89,1803.28,1791.16,1797.17,102232,0,0
2022-12-27 00:00:00+00:00,1800.26,1833.3,1799.38,1812.74,124416,0,0
2022-12-28 00:00:00+00:00,1813.27,1814.52,1797.01,1804.75,121811,0,0
2022-12-29 00:00:00+00:00,1804.49,1820.18,1803.5,1814.77,122493,0,0
2022-12-30 00:00:00+00:00,1814.61,1826.12,1813.46,1824.02,126455,0,0
2023-01-03 00:00:00+00:00,1825.11,1850.03,1822.3,1838.05,179539,0,0
2023-01-04 00:00:00+00:00,1839.37,1865.12,1836.06,1854.29,183971,0,0
2023-01-05 00:00:00+00:00,1854.89,1859.05,1825.03,1833.92,178219,0,0
2023-01-06 00:00:00+00:00,1832.98,1869.8,1829.6,1866.49,164436,0,0
2023-01-09 00:00:00+00:00,1867.95,1881.52,1866.1,1871.51,165429,0,0
2023-01-10 00:00:00+00:00,1871.17,1880.72,1867.79,1877.53,159220,0,0
2023-01-11 00:00:00+00:00,1877.49,1886.62,1867.09,1876.78,149857,0,0
2023-01-12 00:00:00+00:00,1876.86,1901.61,1868.87,1898.3,184819,0,0
2023-01-13 00:00:00+00:00,1897.76,1921.95,1892.29,1921.35,178305,0,0
2023-01-16 00:00:00+00:00,1915.31,1915.31,1915.31,1915.31,85,40,0
2023-01-17 00:00:00+00:00,1915.31,1919.03,1903.77,1908.19,150554,0,0
2023-01-18 00:00:00+00:00,1908.81,1925.87,1896.57,1904.06,185495,0,0
2023-01-19 00:00:00+00:00,1904.43,1935.17,1900.92,1933.05,165013,0,0
2023-01-20 00:00:00+00:00,1932.43,1937.51,1920.69,1927.74,148917,0,0
2023-01-23 00:00:00+00:00,1927.67,1935.53,1911.37,1930.9,143030,0,0
2023-01-24 00:00:00+00:00,1931.38,1942.48,1917.14,1937.05,145895,0,0
2023-01-25 00:00:00+00:00,1937.22,1948.11,1919.85,1945.68,144114,0,0
2023-01-26 00:00:00+00:00,1946.33,1949.13,1918.62,1929.4,150294,0,0
2023-01-27 00:00:00+00:00,1929.32,1935.15,1916.71,1927.64,130783,0,0
2023-01-30 00:00:00+00:00,1927.78,1934.46,1920.63,1922.12,147232,0,0
2023-01-31 00:00:00+00:00,1923.11,1931.09,1900.84,1927.49,157305,0,0
2023-02-01 00:00:00+00:00,1928.23,1952.86,1920.55,1949.92,160429,0,0
2023-02-02 00:00:00+00:00,1950.01,1959.77,1911.44,1912.03,195137,0,0
2023-02-03 00:00:00+00:00,1911.53,1918.62,1861.4,1865.74,187261,0,0
2023-02-06 00:00:00+00:00,1861.7,1881.33,1861.56,1869.13,158584,0,0
2023-02-07 00:00:00+00:00,1867.58,1884.39,1864.99,1870.64,158679,0,0
2023-02-08 00:00:00+00:00,1871.37,1886.44,1869.08,1874.94,137781,0,0
2023-02-09 00:00:00+00:00,1875.55,1890.2,1858.88,1860.95,138893,0,0
2023-02-10 00:00:00+00:00,1861.43,1872.28,1852.73,1864.47,145466,0,0
2023-02-13 00:00:00+00:00,1863.78,1866.62,1850.43,1853.55,113884,0,0
2023-02-14 00:00:00+00:00,1853.57,1870.6,1843.29,1855.16,151407,0,0
2023-02-15 00:00:00+00:00,1854.78,1860.08,1830.3,1836.63,134985,0,0
2023-02-16 00:00:00+00:00,1836.81,1845.39,1827.64,1837.48,133088,0,0
2023-02-17 00:00:00+00:00,1836.88,1843.63,1818.91,1842.21,122895,0,0
2023-02-20 00:00:00+00:00,1841.16,1841.56,1841.12,1841.36,106,1,0
2023-02-21 00:00:00+00:00,1841.36,1843.86,1830.24,1835.87,126495,0,0
2023-02-22 00:00:00+00:00,1834.37,1846.09,1823.54,1824.75,131584,0,0
2023-02-23 00:00:00+00:00,1825.39,1833.8,1817.54,1823.26,121033,0,0
2023-02-24 00:00:00+00:00,1822.39,1827.77,1808.92,1811.3,129293,0,0
2023-02-27 00:00:00+00:00,1811.71,1820.15,1806.63,1816.7,114187,0,0
2023-02-28 00:00:00+00:00,1816.94,1831.15,1804.74,1827.15,114421,0,0
2023-03-01 00:00:00+00:00,1827.19,1844.49,1823.03,1837.57,128543,0,0
2023-03-02 00:00:00+00:00,1837.21,1838.95,1829.95,1836.43,121273,0,0
2023-03-03 00:00:00+00:00,1835.65,1856.26,1835.34,1854.77,115331,0,0
2023-03-06 00:00:00+00:00,1853.53,1858.29,1845.11,1846.62,107393,0,0
2023-03-07 00:00:00+00:00,1846.89,1851.67,1811.49,1814.33,129735,0,0
2023-03-08 00:00:00+00:00,1813.93,1824.29,1809.43,1814.33,117762,0,0
2023-03-09 00:00:00+00:00,1813.77,1835.69,1811.95,1830.84,113563,0,0
2023-03-10 00:00:00+00:00,1830.84,1868.16,1826.96,1868.09,181390,0,0
2023-03-13 00:00:00+00:00,1885.31,1914.64,1871.51,1913.82,248838,0,0
2023-03-14 00:00:00+00:00,1912.0,1914.15,1895.42,1903.64,192873,0,0
2023-03-15 00:00:00+00:00,1904.32,1937.37,1885.74,1918.15,223043,0,0
2023-03-16 00:00:00+00:00,1918.97,1933.41,1907.54,1919.6,214217,0,0
2023-03-17 00:00:00+00:00,1919.74,1987.75,1918.22,1985.7,189220,0,0
2023-03-20 00:00:00+00:00,1977.66,2009.78,1965.84,1978.9,204893,0,0
2023-03-21 00:00:00+00:00,1978.56,1985.12,1935.4,1940.42,182231,0,0
2023-03-22 00:00:00+00:00,1939.68,1978.82,1934.26,1967.98,189171,0,0
2023-03-23 00:00:00+00:00,1969.51,2003.37,1964.5,1992.85,213072,0,0
2023-03-24 00:00:00+00:00,1992.67,2003.02,1975.17,1977.61,210458,0,0
2023-03-27 00:00:00+00:00,1973.47,1978.75,1943.97,1956.18,143125,0,0
2023-03-28 00:00:00+00:00,1956.15,1975.3,1949.15,1973.86,136275,0,0
2023-03-29 00:00:00+00:00,1972.02,1974.42,1958.66,1964.61,122357,0,0
2023-03-30 00:00:00+00:00,1962.95,1984.31,1955.39,1980.1,132035,0,0
2023-03-31 00:00:00+00:00,1980.63,1987.64,1973.18,1978.69,96043,0,0
2023-04-03 00:00:00+00:00,1969.53,1990.52,1969.29,1984.35,84383,0,0
2023-04-04 00:00:00+00:00,1983.67,2025.07,1977.0,2020.52,149993,0,0
2023-04-05 00:00:00+00:00,2020.16,2032.07,2009.95,2020.68,139202,0,0
2023-04-06 00:00:00+00:00,2020.03,2021.39,2000.9,2007.05,87213,0,0
2023-04-07 00:00:00+00:00,2006.76,2010.37,2005.31,2008.51,1124,159,0
2023-04-10 00:00:00+00:00,2005.5,2006.03,1981.87,1991.13,70859,0,0
2023-04-11 00:00:00+00:00,1991.02,2007.47,1988.81,2003.54,73027,0,0
2023-04-12 00:00:00+00:00,2003.47,2027.84,2001.43,2014.84,84316,0,0
2023-04-13 00:00:00+00:00,2013.66,2048.58,2013.66,2039.96,99035,0,0
2023-04-14 00:00:00+00:00,2039.97,2047.41,1992.41,2004.45,81552,0,0
2023-04-17 00:00:00+00:00,2004.2,2015.07,1981.25,1995.05,75510,0,0
2023-04-18 00:00:00+00:00,1995.03,2011.51,1991.82,2005.22,61159,0,0
2023-04-19 00:00:00+00:00,2005.12,2008.16,1969.49,1994.62,83562,0,0
2023-04-20 00:00:00+00:00,1994.45,2012.09,1990.49,2004.69,74887,0,0
2023-04-21 00:00:00+00:00,2004.57,2005.55,1972.47,1982.69,68013,0,0
2023-04-24 00:00:00+00:00,1984.74,1990.88,1974.66,1988.97,82787,0,0
2023-04-25 00:00:00+00:00,1988.87,2003.74,1976.12,1996.94,85817,0,0
2023-04-26 00:00:00+00:00,1996.13,2008.38,1983.82,1989.27,85149,0,0
2023-04-27 00:00:00+00:00,1989.47,2003.24,1975.16,1987.69,93615,0,0
2023-04-28 00:00:00+00:00,1987.5,1994.98,1976.24,1989.61,214748,0,0
2023-05-01 00:00:00+00:00,1988.22,2005.98,1977.04,1982.51,163709,4,0
2023-05-02 00:00:00+00:00,1982.01,2019.3,1978.44,2016.58,205760,4,0
2023-05-03 00:00:00+00:00,2016.18,2039.49,2008.27,2038.6,141855,0,0
2023-05-04 00:00:00+00:00,2042.67,2079.57,2030.4,2050.1,209201,0,0
2023-05-05 00:00:00+00:00,2050.02,2052.99,1999.52,2015.76,166119,0,0
2023-05-08 00:00:00+00:00,2016.29,2029.37,2015.15,2021.36,115696,0,0
2023-05-09 00:00:00+00:00,2021.04,2037.6,2019.52,2034.38,118581,0,0
2023-05-10 00:00:00+00:00,2034.03,2048.18,2021.52,2030.15,148447,0,0
2023-05-11 00:00:00+00:00,2029.45,2041.27,2011.14,2014.97,166690,0,0
2023-05-12 00:00:00+00:00,2014.47,2022.57,2000.92,2010.9,140975,0,0
2023-05-15 00:00:00+00:00,2010.58,2022.15,2008.68,2016.32,114958,0,0
2023-05-16 00:00:00+00:00,2015.44,2018.32,1985.49,1988.8,137342,0,0
2023-05-17 00:00:00+00:00,1989.07,1993.09,1975.03,1981.42,128199,0,0
2023-05-18 00:00:00+00:00,1981.37,1986.01,1951.97,1957.36,133321,0,0
2023-05-19 00:00:00+00:00,1954.76,1984.21,1954.03,1977.64,137186,0,0
2023-05-22 00:00:00+00:00,1980.13,1982.61,1968.89,1971.66,127555,0,0
2023-05-23 00:00:00+00:00,1971.82,1977.77,1954.24,1974.88,152225,0,0
2023-05-24 00:00:00+00:00,1974.87,1985.28,1956.7,1957.16,141391,0,0
2023-05-25 00:00:00+00:00,1956.65,1964.86,1938.87,1940.68,148392,0,0
2023-05-26 00:00:00+00:00,1940.3,1957.27,1936.74,1946.58,128857,0,0
2023-05-29 00:00:00+00:00,1943.68,1949.73,1940.05,1942.29,65566,0,0
2023-05-30 00:00:00+00:00,1943.67,1963.52,1932.03,1959.25,146962,0,0
2023-05-31 00:00:00+00:00,1959.15,1974.83,1953.64,1962.5,138645,0,0
2023-06-01 00:00:00+00:00,1962.48,1983.11,1953.37,1977.42,145038,0,0
2023-06-02 00:00:00+00:00,1976.89,1983.41,1948.09,1948.31,136459,0,0
2023-06-05 00:00:00+00:00,1948.93,1964.08,1938.13,1961.75,127212,0,0
2023-06-06 00:00:00+00:00,1961.58,1966.4,1954.38,1963.24,127826,0,0
2023-06-07 00:00:00+00:00,1963.37,1970.15,1939.69,1939.87,139586,0,0
2023-06-08 00:00:00+00:00,1940.27,1970.47,1939.62,1965.53,137501,0,0
2023-06-09 00:00:00+00:00,1964.9,1973.07,1956.62,1960.61,125015,0,0
2023-06-12 00:00:00+00:00,1958.24,1967.01,1949.19,1957.39,132751,0,0
2023-06-13 00:00:00+00:00,1957.32,1970.9,1940.02,1943.44,145282,0,0
2023-06-14 00:00:00+00:00,1943.03,1960.36,1939.89,1941.74,139055,0,0
2023-06-15 00:00:00+00:00,1941.4,1960.26,1924.83,1957.93,161387,0,0
2023-06-16 00:00:00+00:00,1957.45,1967.87,1953.25,1957.4,147587,0,0
2023-06-19 00:00:00+00:00,1958.0,1958.79,1947.79,1950.3,76470,0,0
2023-06-20 00:00:00+00:00,1950.15,1956.78,1929.75,1936.2,146085,0,0
2023-06-21 00:00:00+00:00,1935.21,1939.46,1919.18,1932.61,143999,0,0
2023-06-22 00:00:00+00:00,1931.86,1934.95,1912.4,1913.66,129535,0,0
2023-06-23 00:00:00+00:00,1913.01,1937.5,1910.11,1921.38,138071,0,0
2023-06-26 00:00:00+00:00,1924.18,1933.34,1921.53,1923.01,126395,0,0
2023-06-27 00:00:00+00:00,1922.78,1930.68,1910.96,1913.56,130128,0,0
2023-06-28 00:00:00+00:00,1913.22,1917.21,1902.87,1907.35,120612,0,0
2023-06-29 00:00:00+00:00,1907.34,1913.08,1892.97,1908.14,132319,0,0
2023-06-30 00:00:00+00:00,1907.6,1922.76,1900.52,1919.1,132331,0,0
2023-07-03 00:00:00+00:00,1918.98,1931.02,1910.03,1921.4,115349,0,0
2023-07-04 00:00:00+00:00,1919.21,1930.73,1918.7,1926.12,70635,0,0
2023-07-05 00:00:00+00:00,1925.85,1935.04,1914.8,1915.08,131310,0,0
2023-07-06 00:00:00+00:00,1914.57,1927.62,1902.65,1910.77,144772,0,0
2023-07-07 00:00:00+00:00,1910.31,1934.88,1909.57,1925.34,136997,0,0
2023-07-10 00:00:00+00:00,1924.56,1926.93,1912.67,1925.18,112745,0,0
2023-07-11 00:00:00+00:00,1925.02,1938.41,1924.37,1932.13,121823,0,0
2023-07-12 00:00:00+00:00,1932.12,1959.67,1932.12,1957.32,137816,0,0
2023-07-13 00:00:00+00:00,1956.94,1963.63,1952.41,1960.38,143873,0,0
2023-07-14 00:00:00+00:00,1960.37,1963.8,1950.91,1955.29,144412,0,0
2023-07-17 00:00:00+00:00,1952.56,1959.87,1945.76,1954.79,119388,0,0
2023-07-18 00:00:00+00:00,1954.51,1984.36,1954.47,1978.74,155813,0,0
2023-07-19 00:00:00+00:00,1978.76,1980.96,1969.79,1976.92,133577,0,0
2023-07-20 00:00:00+00:00,1976.47,1987.44,1965.33,1969.39,145474,0,0
2023-07-21 00:00:00+00:00,1969.67,1973.75,1956.81,1961.85,131496,0,0
2023-07-24 00:00:00+00:00,1961.98,1967.81,1953.48,1954.73,129348,0,0
2023-07-25 00:00:00+00:00,1954.68,1965.68,1951.6,1964.81,121380,0,0
2023-07-26 00:00:00+00:00,1964.58,1978.3,1962.01,1972.05,131418,0,0
2023-07-27 00:00:00+00:00,1971.4,1982.2,1942.67,1945.45,144602,0,0
2023-07-28 00:00:00+00:00,1945.89,1963.54,1945.46,1959.02,149596,0,0
2023-07-31 00:00:00+00:00,1958.77,1972.39,1950.31,1965.4,115863,0,0
2023-08-01 00:00:00+00:00,1965.27,1965.99,1941.25,1944.03,123668,0,0
2023-08-02 00:00:00+00:00,1949.97,1954.79,1933.06,1934.74,125944,0,0
2023-08-03 00:00:00+00:00,1934.38,1938.95,1929.08,1934.01,127359,0,0
2023-08-04 00:00:00+00:00,1933.21,1946.93,1925.17,1942.75,124168,0,0
2023-08-07 00:00:00+00:00,1942.62,1946.06,1931.48,1936.45,97416,0,0
2023-08-08 00:00:00+00:00,1936.15,1938.07,1922.81,1924.96,113186,0,0
2023-08-09 00:00:00+00:00,1924.58,1932.33,1914.02,1914.56,100678,0,0
2023-08-10 00:00:00+00:00,1914.64,1930.19,1912.14,1912.26,129878,0,0
2023-08-11 00:00:00+00:00,1911.71,1920.94,1910.87,1913.82,101626,0,0
2023-08-14 00:00:00+00:00,1912.82,1916.3,1902.72,1907.32,124600,0,0
2023-08-15 00:00:00+00:00,1906.62,1911.62,1896.41,1901.79,134933,0,0
2023-08-16 00:00:00+00:00,1901.11,1907.19,1891.79,1891.89,117722,0,0
2023-08-17 00:00:00+00:00,1891.65,1903.41,1885.04,1889.23,125067,0,0
2023-08-18 00:00:00+00:00,1888.88,1896.81,1886.77,1889.6,113862,0,0
2023-08-21 00:00:00+00:00,1889.57,1898.78,1884.81,1894.62,112709,0,0
2023-08-22 00:00:00+00:00,1894.35,1904.47,1889.12,1897.28,110649,0,0
2023-08-23 00:00:00+00:00,1897.25,1920.36,1896.57,1915.38,116448,0,0
2023-08-24 00:00:00+00:00,1914.75,1923.38,1911.78,1916.71,111415,0,0
2023-08-25 00:00:00+00:00,1916.53,1922.38,1903.74,1914.12,111762,0,0
2023-08-28 00:00:00+00:00,1915.62,1926.08,1912.8,1920.12,80524,0,0
2023-08-29 00:00:00+00:00,1919.62,1938.17,1914.44,1937.32,99671,0,0
2023-08-30 00:00:00+00:00,1937.11,1949.11,1934.97,1942.22,104262,0,0
2023-08-31 00:00:00+00:00,1942.43,1947.88,1939.08,1939.74,93981,0,0
2023-09-01 00:00:00+00:00,1939.54,1952.96,1934.47,1939.77,106020,0,0
2023-09-04 00:00:00+00:00,1940.15,1946.27,1937.77,1938.33,37506,0,0
2023-09-05 00:00:00+00:00,1937.71,1938.98,1925.35,1925.96,100870,0,0
2023-09-06 00:00:00+00:00,1925.3,1929.19,1915.29,1916.4,110825,0,0
2023-09-07 00:00:00+00:00,1916.32,1923.63,1916.24,1919.57,92722,0,0
2023-09-08 00:00:00+00:00,1919.11,1929.72,1917.4,1919.1,100465,0,0
2023-09-11 00:00:00+00:00,1918.03,1930.73,1916.65,1922.27,103885,0,0
2023-09-12 00:00:00+00:00,1921.76,1924.51,1907.61,1913.28,97009,0,0
2023-09-13 00:00:00+00:00,1912.14,1915.77,1905.54,1908.07,113374,0,0
2023-09-14 00:00:00+00:00,1908.57,1912.94,1901.05,1910.48,132545,0,0
2023-09-15 00:00:00+00:00,1910.41,1930.44,1909.84,1923.61,123009,0,0
2023-09-18 00:00:00+00:00,1923.39,1934.23,1922.57,1933.57,94926,0,0
2023-09-19 00:00:00+00:00,1933.52,1937.41,1929.78,1931.27,84601,0,0
2023-09-20 00:00:00+00:00,1932.27,1947.45,1927.93,1930.29,119813,0,0
2023-09-21 00:00:00+00:00,1930.7,1931.6,1913.95,1919.96,131908,0,0
2023-09-22 00:00:00+00:00,1919.52,1929.17,1919.16,1925.1,118272,0,0
2023-09-25 00:00:00+00:00,1925.04,1927.26,1915.2,1915.86,108954,0,0
2023-09-26 00:00:00+00:00,1913.6,1916.84,1899.16,1900.58,108881,0,0
2023-09-27 00:00:00+00:00,1900.31,1904.13,1872.57,1874.93,130510,0,0
2023-09-28 00:00:00+00:00,1875.51,1879.64,1857.73,1864.78,150431,0,0
2023-09-29 00:00:00+00:00,1864.83,1879.88,1846.34,1849.24,146646,0,0
2023-10-02 00:00:00+00:00,1846.75,1848.99,1827.18,1827.76,148317,0,0
2023-10-03 00:00:00+00:00,1828.42,1833.39,1815.25,1822.88,171365,0,0
2023-10-04 00:00:00+00:00,1822.34,1830.68,1816.6,1821.06,174614,0,0
2023-10-05 00:00:00+00:00,1822.06,1829.27,1813.06,1820.12,151563,0,0
2023-10-06 00:00:00+00:00,1820.05,1834.89,1810.47,1831.65,155375,0,0
2023-10-09 00:00:00+00:00,1848.18,1863.48,1844.23,1861.3,125896,0,0
2023-10-10 00:00:00+00:00,1861.09,1865.38,1853.0,1860.38,154848,0,0
2023-10-11 00:00:00+00:00,1859.25,1877.2,1858.56,1874.22,151243,0,0
2023-10-12 00:00:00+00:00,1874.52,1884.98,1867.97,1868.66,131407,0,0
2023-10-13 00:00:00+00:00,1867.09,1930.79,1867.09,1930.11,159913,0,0
2023-10-16 00:00:00+00:00,1924.58,1926.55,1908.23,1920.09,141032,0,0
2023-10-17 00:00:00+00:00,1919.62,1931.59,1912.45,1923.05,142277,0,0
2023-10-18 00:00:00+00:00,1923.1,1962.67,1922.88,1947.62,166930,0,0
2023-10-19 00:00:00+00:00,1947.58,1977.71,1945.25,1974.3,172151,0,0
2023-10-20 00:00:00+00:00,1974.85,1997.17,1972.02,1980.28,174952,0,0
2023-10-23 00:00:00+00:00,1976.72,1982.85,1964.35,1972.69,164404,0,0
2023-10-24 00:00:00+00:00,1972.47,1980.91,1953.49,1971.01,153590,0,0
2023-10-25 00:00:00+00:00,1970.89,1987.32,1963.04,1979.52,145353,0,0
2023-10-26 00:00:00+00:00,1980.4,1993.46,1971.78,1984.84,158021,0,0
2023-10-27 00:00:00+00:00,1984.03,2009.4,1976.87,2005.68,157332,0,0
2023-10-30 00:00:00+00:00,2001.67,2006.78,1991.0,1996.08,136899,0,0
2023-10-31 00:00:00+00:00,1995.9,2007.9,1978.92,1983.91,145076,0,0
2023-11-01 00:00:00+00:00,1983.28,1992.02,1969.9,1982.59,142128,0,0
2023-11-02 00:00:00+00:00,1983.15,1991.03,1978.87,1985.78,118704,0,0
2023-11-03 00:00:00+00:00,1985.73,2004.09,1983.24,1992.39,139252,0,0
2023-11-06 00:00:00+00:00,1992.48,1993.13,1977.41,1977.57,116026,0,0
2023-11-07 00:00:00+00:00,1977.57,1978.73,1956.71,1968.92,134766,0,0
2023-11-08 00:00:00+00:00,1968.92,1971.06,1947.46,1949.64,125287,0,0
2023-11-09 00:00:00+00:00,1949.65,1965.68,1944.73,1957.25,141016,0,0
2023-11-10 00:00:00+00:00,1957.26,1960.74,1933.03,1935.55,129149,0,0
2023-11-13 00:00:00+00:00,1938.3,1949.19,1930.97,1946.65,108270,0,0
2023-11-14 00:00:00+00:00,1946.62,1970.97,1943.17,1963.76,116993,0,0
2023-11-15 00:00:00+00:00,1963.77,1975.4,1955.47,1959.41,135985,0,0
2023-11-16 00:00:00+00:00,1959.38,1987.98,1956.53,1980.83,119246,0,0
2023-11-17 00:00:00+00:00,1980.86,1993.42,1977.21,1980.53,127995,0,0
2023-11-20 00:00:00+00:00,1978.38,1985.19,1965.46,1977.79,130692,0,0
2023-11-21 00:00:00+00:00,1977.8,2007.56,1976.99,1999.01,145782,0,0
2023-11-22 00:00:00+00:00,1999.0,2006.39,1986.9,1989.7,127455,0,0
2023-11-23 00:00:00+00:00,1989.7,1998.62,1987.94,1992.71,64234,0,0
2023-11-24 00:00:00+00:00,1992.71,2003.62,1991.48,2001.57,96015,0,0
2023-11-27 00:00:00+00:00,2001.45,2018.14,2000.54,2014.36,139454,0,0
2023-11-28 00:00:00+00:00,2014.34,2043.06,2011.69,2041.14,126645,0,0
2023-11-29 00:00:00+00:00,2041.14,2052.2,2035.37,2044.58,154729,0,0
2023-11-30 00:00:00+00:00,2044.59,2047.16,2030.68,2036.17,131851,0,0
2023-12-01 00:00:00+00:00,2036.17,2075.48,2033.91,2070.43,162102,0,0
2023-12-04 00:00:00+00:00,2072.54,2146.41,2020.08,2026.33,203916,0,0
2023-12-05 00:00:00+00:00,2026.36,2041.24,2009.87,2019.13,163946,0,0
2023-12-06 00:00:00+00:00,2019.13,2035.96,2017.27,2026.52,156843,0,0
2023-12-07 00:00:00+00:00,2026.53,2039.92,2020.21,2029.32,168650,0,0
2023-12-08 00:00:00+00:00,2029.35,2034.0,1994.66,2003.06,172487,0,0
2023-12-11 00:00:00+00:00,2003.89,2007.84,1975.89,1980.79,153845,0,0
2023-12-12 00:00:00+00:00,1980.79,1996.69,1977.21,1979.5,137940,0,0
2023-12-13 00:00:00+00:00,1979.5,2024.32,1973.1,2023.87,140649,0,0
2023-12-14 00:00:00+00:00,2023.9,2047.91,2021.57,2036.27,206038,0,0
2023-12-15 00:00:00+00:00,2036.28,2044.92,2015.64,2019.7,166340,0,0
2023-12-18 00:00:00+00:00,2019.15,2033.7,2016.03,2026.42,128251,0,0
2023-12-19 00:00:00+00:00,2026.4,2046.96,2021.68,2040.16,126052,0,0
2023-12-20 00:00:00+00:00,2040.25,2043.47,2029.46,2029.62,142881,0,0
2023-12-21 00:00:00+00:00,2029.62,2046.06,2027.46,2044.06,140481,0,0
2023-12-22 00:00:00+00:00,2044.07,2070.65,2043.87,2052.97,156322,0,0
2023-12-26 00:00:00+00:00,2062.74,2068.5,2054.54,2068.3,59853,0,0
2023-12-27 00:00:00+00:00,2068.28,2084.45,2061.54,2078.07,123382,0,0
2023-12-28 00:00:00+00:00,2078.05,2088.53,2065.96,2066.39,138604,0,0
2023-12-29 00:00:00+00:00,2066.42,2074.84,2058.22,2063.33,130387,0,0
2024-01-02 00:00:00+00:00,2074.56,2078.91,2055.99,2058.2,115074,0,0
2024-01-03 00:00:00+00:00,2058.21,2066.02,2030.66,2041.0,164838,0,0
2024-01-04 00:00:00+00:00,2041.0,2051.0,2036.24,2043.02,130790,0,0
2024-01-05 00:00:00+00:00,2043.15,2063.99,2024.51,2044.79,165868,0,0
2024-01-08 00:00:00+00:00,2045.04,2046.6,2016.79,2027.09,135300,0,0
2024-01-09 00:00:00+00:00,2027.07,2042.01,2026.07,2028.32,130842,0,0
2024-01-10 00:00:00+00:00,2028.33,2040.23,2020.47,2023.56,129348,0,0
2024-01-11 00:00:00+00:00,2023.54,2039.63,2013.33,2027.47,158774,0,0
2024-01-12 00:00:00+00:00,2027.51,2062.3,2027.32,2046.69,161093,0,0
2024-01-15 00:00:00+00:00,2048.39,2058.61,2045.84,2054.75,80261,0,0
2024-01-16 00:00:00+00:00,2053.82,2055.62,2024.26,2028.26,160536,0,0
2024-01-17 00:00:00+00:00,2028.26,2032.97,2001.83,2006.04,152978,0,0
2024-01-18 00:00:00+00:00,2006.04,2022.7,2005.01,2022.21,138461,0,0
2024-01-19 00:00:00+00:00,2022.2,2039.4,2020.39,2027.79,127406,0,0
2024-01-22 00:00:00+00:00,2028.66,2032.14,2016.59,2020.74,136379,0,0
2024-01-23 00:00:00+00:00,2020.72,2037.9,2019.61,2028.58,123976,0,0
2024-01-24 00:00:00+00:00,2028.58,2036.71,2011.2,2012.18,142346,0,0
2024-01-25 00:00:00+00:00,2012.19,2025.36,2008.9,2020.04,133836,0,0
2024-01-26 00:00:00+00:00,2020.02,2026.84,2015.94,2018.8,103441,0,0
2024-01-29 00:00:00+00:00,2024.38,2037.55,2019.32,2032.55,108923,0,0
2024-01-30 00:00:00+00:00,2032.46,2048.71,2029.08,2035.92,118547,0,0
2024-01-31 00:00:00+00:00,2035.87,2056.02,2030.9,2034.76,150696,0,0
2024-02-01 00:00:00+00:00,2034.79,2065.42,2030.07,2055.5,168310,0,0
2024-02-02 00:00:00+00:00,2055.5,2057.64,2027.92,2037.45,136939,0,0
2024-02-05 00:00:00+00:00,2040.05,2042.18,2014.9,2024.91,144585,0,0
2024-02-06 00:00:00+00:00,2024.92,2038.87,2022.9,2035.68,123853,0,0
2024-02-07 00:00:00+00:00,2035.68,2044.56,2030.57,2034.64,108753,0,0
2024-02-08 00:00:00+00:00,2034.63,2038.71,2020.22,2032.96,122122,0,0
2024-02-09 00:00:00+00:00,2032.94,2037.2,2020.31,2024.79,99546,0,0
2024-02-12 00:00:00+00:00,2023.16,2027.63,2011.94,2019.99,95476,0,0
2024-02-13 00:00:00+00:00,2020.0,2032.45,1990.13,1992.53,112885,0,0
2024-02-14 00:00:00+00:00,1992.54,1996.12,1984.27,1991.06,111858,0,0
2024-02-15 00:00:00+00:00,1991.06,2008.28,1990.25,2004.31,112424,0,0
2024-02-16 00:00:00+00:00,2004.33,2015.18,1995.12,2012.53,111064,0,0
2024-02-19 00:00:00+00:00,2014.19,2023.01,2009.86,2017.87,64144,0,0
2024-02-20 00:00:00+00:00,2017.87,2030.93,2015.03,2024.29,102706,0,0
2024-02-21 00:00:00+00:00,2024.29,2032.24,2020.07,2024.33,108221,0,0
2024-02-22 00:00:00+00:00,2024.32,2034.93,2019.65,2024.58,119381,0,0
2024-02-23 00:00:00+00:00,2024.58,2041.34,2016.04,2036.16,114820,0,0
2024-02-26 00:00:00+00:00,2034.07,2037.07,2025.07,2032.24,108137,0,0
2024-02-27 00:00:00+00:00,2032.26,2039.47,2028.78,2030.11,100374,0,0
2024-02-28 00:00:00+00:00,2030.1,2037.95,2024.49,2033.72,102694,0,0
2024-02-29 00:00:00+00:00,2033.71,2050.72,2028.12,2043.95,117204,0,0
2024-03-01 00:00:00+00:00,2043.97,2088.33,2039.08,2084.49,138525,0,0
2024-03-04 00:00:00+00:00,2080.55,2119.9,2079.51,2116.62,139324,0,0
2024-03-05 00:00:00+00:00,2116.62,2141.78,2110.48,2129.62,168131,0,0
2024-03-06 00:00:00+00:00,2129.53,2152.24,2123.67,2146.6,169696,0,0
2024-03-07 00:00:00+00:00,2146.66,2164.76,2144.3,2158.58,165512,0,0
2024-03-08 00:00:00+00:00,2158.63,2195.18,2154.05,2178.2,178473,0,0
2024-03-11 00:00:00+00:00,2177.13,2189.02,2174.81,2182.62,146056,0,0
2024-03-12 00:00:00+00:00,2182.11,2184.69,2150.54,2158.1,155994,0,0
2024-03-13 00:00:00+00:00,2158.3,2179.85,2155.79,2174.29,146916,0,0
2024-03-14 00:00:00+00:00,2174.41,2177.04,2152.76,2162.16,148276,0,0
2024-03-15 00:00:00+00:00,2162.19,2172.78,2155.2,2156.31,131724,0,0
2024-03-18 00:00:00+00:00,2153.55,2163.64,2146.11,2160.19,133461,0,0
2024-03-19 00:00:00+00:00,2160.19,2162.84,2147.2,2157.44,144593,0,0
2024-03-20 00:00:00+00:00,2157.58,2188.83,2149.64,2186.2,150829,0,0
2024-03-21 00:00:00+00:00,2186.53,2222.83,2166.42,2181.19,199972,0,0
2024-03-22 00:00:00+00:00,2181.15,2186.09,2157.11,2165.59,165539,0,0
2024-03-25 00:00:00+00:00,2166.25,2181.35,2163.56,2171.7,136855,0,0
2024-03-26 00:00:00+00:00,2171.86,2200.1,2167.6,2178.58,143074,0,0
2024-03-27 00:00:00+00:00,2178.07,2197.59,2172.88,2194.85,131999,0,0
2024-03-28 00:00:00+00:00,2190.8,2236.2,2187.38,2232.75,175838,0,0
2024-03-29 00:00:00+00:00,2233.75,2233.75,2233.75,2233.75,2,121,0
2024-04-01 00:00:00+00:00,2238.34,2265.71,2228.55,2251.25,163180,0,0
2024-04-02 00:00:00+00:00,2250.92,2281.08,2246.67,2280.48,189724,0,0
2024-04-03 00:00:00+00:00,2281.01,2300.16,2265.47,2299.59,200688,0,0
2024-04-04 00:00:00+00:00,2300.15,2305.6,2279.99,2290.91,167296,0,0
2024-04-05 00:00:00+00:00,2289.83,2330.49,2267.81,2328.33,200170,0,0
2024-04-08 00:00:00+00:00,2322.16,2354.02,2302.96,2338.78,234507,0,0
2024-04-09 00:00:00+00:00,2338.79,2365.37,2336.66,2352.16,218935,0,0
2024-04-10 00:00:00+00:00,2353.14,2360.12,2319.43,2333.47,216706,0,0
2024-04-11 00:00:00+00:00,2331.95,2377.72,2325.72,2372.37,214467,0,0
2024-04-12 00:00:00+00:00,2371.54,2431.55,2333.9,2344.98,279239,0,0
2024-04-15 00:00:00+00:00,2352.23,2387.61,2324.37,2383.07,259724,0,0
2024-04-16 00:00:00+00:00,2381.31,2398.26,2363.03,2382.65,253796,0,0
2024-04-17 00:00:00+00:00,2381.65,2395.6,2353.46,2361.09,225504,0,0
2024-04-18 00:00:00+00:00,2360.71,2392.8,2360.68,2378.78,211598,0,0
2024-04-19 00:00:00+00:00,2377.68,2417.88,2372.88,2390.68,257346,0,0
2024-04-22 00:00:00+00:00,2386.17,2388.47,2325.01,2327.1,209932,0,0
2024-04-23 00:00:00+00:00,2327.01,2334.43,2291.49,2322.07,220015,0,0
2024-04-24 00:00:00+00:00,2321.26,2337.33,2311.79,2315.9,192086,0,0
2024-04-25 00:00:00+00:00,2314.53,2344.88,2305.08,2332.33,193340,0,0
2024-04-26 00:00:00+00:00,2331.01,2352.59,2326.31,2337.31,176744,0,0
2024-04-29 00:00:00+00:00,2335.72,2346.76,2319.89,2335.33,195925,0,0
2024-04-30 00:00:00+00:00,2334.42,2336.28,2285.04,2286.26,185322,0,0
2024-05-01 00:00:00+00:00,2285.89,2328.32,2281.65,2319.43,193150,0,0
2024-05-02 00:00:00+00:00,2319.31,2326.48,2285.52,2303.48,193152,0,0
2024-05-03 00:00:00+00:00,2303.94,2320.59,2277.2,2301.53,186562,0,0
2024-05-06 00:00:00+00:00,2303.67,2332.02,2291.82,2324.06,178125,0,0
2024-05-07 00:00:00+00:00,2323.43,2329.97,2309.99,2313.79,159436,0,0
2024-05-08 00:00:00+00:00,2313.07,2321.41,2303.7,2308.79,163895,0,0
2024-05-09 00:00:00+00:00,2308.84,2347.24,2306.64,2345.97,168819,0,0
2024-05-10 00:00:00+00:00,2346.08,2378.49,2344.8,2360.9,188322,0,0
2024-05-13 00:00:00+00:00,2361.44,2364.52,2332.23,2336.07,170182,0,0
2024-05-14 00:00:00+00:00,2336.43,2359.65,2334.71,2357.9,174514,0,0
2024-05-15 00:00:00+00:00,2357.77,2390.29,2351.85,2385.72,196834,0,0
2024-05-16 00:00:00+00:00,2385.6,2397.33,2370.99,2376.67,192712,0,0
2024-05-17 00:00:00+00:00,2376.56,2422.74,2373.99,2414.32,185452,0,0
2024-05-20 00:00:00+00:00,2416.59,2450.14,2407.4,2426.11,248059,0,0
2024-05-21 00:00:00+00:00,2427.35,2433.95,2406.28,2420.76,212413,0,0
2024-05-22 00:00:00+00:00,2420.82,2426.66,2375.02,2378.42,213259,0,0
2024-05-23 00:00:00+00:00,2379.96,2383.72,2326.85,2328.54,219959,0,0
2024-05-24 00:00:00+00:00,2328.5,2347.4,2325.43,2333.78,158701,0,0
2024-05-27 00:00:00+00:00,2333.01,2358.54,2332.25,2350.08,118965,0,0
2024-05-28 00:00:00+00:00,2350.38,2364.18,2340.29,2361.1,175624,0,0
2024-05-29 00:00:00+00:00,2360.2,2362.25,2334.57,2337.97,179507,0,0
2024-05-30 00:00:00+00:00,2338.03,2351.82,2322.66,2342.89,196731,0,0
2024-05-31 00:00:00+00:00,2343.53,2359.79,2320.56,2326.44,199085,0,0
2024-06-03 00:00:00+00:00,2327.04,2354.73,2314.75,2350.43,189214,0,0
2024-06-04 00:00:00+00:00,2350.34,2352.82,2315.62,2326.74,196922,0,0
2024-06-05 00:00:00+00:00,2326.95,2357.38,2325.88,2355.06,177472,0,0
2024-06-06 00:00:00+00:00,2354.97,2378.54,2353.54,2375.62,179409,0,0
2024-06-07 00:00:00+00:00,2376.28,2387.68,2286.76,2292.96,225664,0,0
2024-06-10 00:00:00+00:00,2293.5,2313.78,2287.75,2310.82,154608,0,0
2024-06-11 00:00:00+00:00,2311.97,2319.99,2297.73,2316.65,176650,0,0
2024-06-12 00:00:00+00:00,2316.5,2341.66,2310.65,2324.84,190619,0,0
2024-06-13 00:00:00+00:00,2324.4,2326.7,2295.6,2303.82,186729,0,0
2024-06-14 00:00:00+00:00,2303.68,2336.63,2301.51,2332.66,188297,0,0
2024-06-17 00:00:00+00:00,2331.23,2332.6,2309.99,2319.02,148682,0,0
2024-06-18 00:00:00+00:00,2317.81,2333.11,2306.58,2329.33,155563,0,0
2024-06-19 00:00:00+00:00,2328.79,2335.05,2323.75,2326.81,95507,0,0
2024-06-20 00:00:00+00:00,2327.93,2365.53,2327.75,2359.97,164396,0,0
2024-06-21 00:00:00+00:00,2359.58,2368.76,2316.73,2321.47,185926,0,0
2024-06-24 00:00:00+00:00,2321.01,2334.67,2317.45,2334.24,161971,0,0
2024-06-25 00:00:00+00:00,2333.04,2337.12,2315.54,2319.36,161684,0,0
2024-06-26 00:00:00+00:00,2318.87,2323.89,2293.68,2298.02,183143,0,0
2024-06-27 00:00:00+00:00,2298.08,2330.92,2296.56,2327.4,165317,0,0
2024-06-28 00:00:00+00:00,2326.78,2339.77,2319.08,2326.44,172277,0,0
2024-07-01 00:00:00+00:00,2325.7,2338.54,2318.51,2331.67,161620,0,0
2024-07-02 00:00:00+00:00,2330.13,2336.79,2319.07,2329.27,151497,0,0
2024-07-03 00:00:00+00:00,2329.17,2364.96,2326.94,2355.98,159715,0,0
2024-07-04 00:00:00+00:00,2356.08,2362.53,2350.53,2357.0,87435,0,0
2024-07-05 00:00:00+00:00,2354.68,2392.93,2347.98,2390.88,160346,0,0
2024-07-08 00:00:00+00:00,2385.29,2391.08,2351.03,2359.06,137937,0,0
2024-07-09 00:00:00+00:00,2358.81,2371.51,2349.44,2363.65,132590,0,0
2024-07-10 00:00:00+00:00,2363.52,2386.65,2362.14,2371.22,117080,0,0
2024-07-11 00:00:00+00:00,2371.03,2424.56,2369.0,2415.27,160868,0,0
2024-07-12 00:00:00+00:00,2414.74,2418.29,2391.47,2411.86,152685,0,0
2024-07-15 00:00:00+00:00,2410.5,2439.76,2401.32,2422.16,162013,0,0
2024-07-16 00:00:00+00:00,2421.35,2469.65,2419.99,2468.61,172706,0,0
2024-07-17 00:00:00+00:00,2467.42,2483.71,2451.51,2458.55,211140,0,0
2024-07-18 00:00:00+00:00,2458.32,2474.94,2440.4,2445.07,185529,0,0
2024-07-19 00:00:00+00:00,2444.12,2445.34,2393.87,2400.37,193397,0,0
2024-07-22 00:00:00+00:00,2402.6,2412.22,2383.92,2396.29,170271,0,0
2024-07-23 00:00:00+00:00,2395.95,2412.05,2388.31,2409.48,168413,0,0
2024-07-24 00:00:00+00:00,2408.4,2432.05,2396.59,2397.12,182899,0,0
2024-07-25 00:00:00+00:00,2397.0,2401.25,2353.17,2364.38,242859,0,0
2024-07-26 00:00:00+00:00,2363.14,2390.77,2355.84,2388.17,176360,0,0
2024-07-29 00:00:00+00:00,2386.06,2403.25,2369.6,2383.46,183796,0,0
2024-07-30 00:00:00+00:00,2383.06,2412.88,2376.48,2410.67,182080,0,0
2024-07-31 00:00:00+00:00,2410.01,2451.01,2403.9,2447.19,209864,0,0
2024-08-01 00:00:00+00:00,2448.41,2462.27,2430.23,2446.26,238548,0,0
2024-08-02 00:00:00+00:00,2445.37,2477.65,2410.92,2441.54,250058,0,0
2024-08-05 00:00:00+00:00,2443.27,2458.82,2364.31,2409.59,302344,0,0
2024-08-06 00:00:00+00:00,2408.46,2418.37,2381.76,2389.71,241893,0,0
2024-08-07 00:00:00+00:00,2390.08,2407.07,2379.08,2383.0,211335,0,0
2024-08-08 00:00:00+00:00,2382.74,2427.63,2380.22,2427.05,183742,0,0
2024-08-09 00:00:00+00:00,2426.81,2437.07,2416.96,2430.95,173711,0,0
2024-08-12 00:00:00+00:00,2430.52,2472.15,2423.87,2472.09,154557,0,0
2024-08-13 00:00:00+00:00,2471.64,2476.75,2458.34,2465.38,182121,45,0
2024-08-14 00:00:00+00:00,2466.35,2479.99,2437.94,2447.6,196140,45,0
2024-08-15 00:00:00+00:00,2447.86,2469.86,2432.01,2455.97,187699,45,0
2024-08-16 00:00:00+00:00,2456.46,2509.51,2450.59,2507.08,187066,45,0
2024-08-19 00:00:00+00:00,2504.73,2507.28,2485.46,2504.13,188101,45,0
2024-08-20 00:00:00+00:00,2502.43,2531.5,2497.2,2513.72,194089,45,0
2024-08-21 00:00:00+00:00,2513.11,2519.78,2493.29,2511.48,184622,45,0
2024-08-22 00:00:00+00:00,2511.32,2514.51,2470.69,2484.26,198405,45,0
2024-08-23 00:00:00+00:00,2484.48,2518.17,2483.26,2511.69,198444,45,0
2024-08-26 00:00:00+00:00,2512.83,2526.64,2508.56,2518.07,205848,45,0
2024-08-27 00:00:00+00:00,2514.7,2525.75,2503.37,2524.04,202785,45,0
2024-08-28 00:00:00+00:00,2524.09,2528.89,2493.51,2504.65,188192,45,0
2024-08-29 00:00:00+00:00,2504.66,2528.51,2501.82,2521.64,185212,45,0
2024-08-30 00:00:00+00:00,2520.67,2526.65,2494.01,2503.35,191069,45,0
2024-09-02 00:00:00+00:00,2503.3,2507.09,2489.9,2504.18,115165,45,0
2024-09-03 00:00:00+00:00,2498.83,2506.11,2473.27,2492.35,201472,45,0
2024-09-04 00:00:00+00:00,2492.48,2500.09,2471.71,2496.39,189945,45,0
2024-09-05 00:00:00+00:00,2495.09,2523.25,2491.94,2516.12,187998,45,0
2024-09-06 00:00:00+00:00,2516.3,2529.02,2484.98,2496.2,219007,45,0
2024-09-09 00:00:00+00:00,2497.78,2507.02,2485.41,2505.64,192229,45,0
2024-09-10 00:00:00+00:00,2505.94,2518.24,2499.97,2516.57,166628,45,0
2024-09-11 00:00:00+00:00,2516.37,2528.85,2500.72,2512.26,205572,45,0
2024-09-12 00:00:00+00:00,2510.65,2559.93,2510.65,2558.99,194239,45,0
2024-09-13 00:00:00+00:00,2557.09,2585.91,2556.55,2578.91,200049,45,0
2024-09-16 00:00:00+00:00,2579.88,2589.46,2575.11,2583.11,156381,45,0
2024-09-17 00:00:00+00:00,2581.38,2586.8,2560.55,2569.98,179698,45,0
2024-09-18 00:00:00+00:00,2568.93,2599.97,2546.73,2558.38,212886,45,0
2024-09-19 00:00:00+00:00,2558.51,2594.7,2551.0,2585.93,246013,45,0
2024-09-20 00:00:00+00:00,2586.3,2625.57,2584.64,2621.93,221443,45,0
2024-09-23 00:00:00+00:00,2620.31,2634.65,2613.65,2628.32,176441,45,0
2024-09-24 00:00:00+00:00,2628.17,2664.16,2622.48,2657.06,224152,45,0
2024-09-25 00:00:00+00:00,2656.92,2670.4,2649.61,2656.3,215221,45,0
2024-09-26 00:00:00+00:00,2656.67,2685.36,2654.68,2671.93,235916,45,0
2024-09-27 00:00:00+00:00,2670.91,2674.1,2642.97,2658.5,242537,45,0
2024-09-30 00:00:00+00:00,2662.58,2665.8,2624.53,2634.36,218549,45,0
2024-10-01 00:00:00+00:00,2633.86,2672.95,2632.09,2662.77,199842,45,0
2024-10-02 00:00:00+00:00,2662.7,2663.21,2640.97,2658.69,179856,45,0
2024-10-03 00:00:00+00:00,2658.31,2662.76,2638.48,2655.91,194291,45,0
2024-10-04 00:00:00+00:00,2654.98,2669.99,2631.89,2652.57,198040,45,0
2024-10-07 00:00:00+00:00,2650.71,2659.45,2637.62,2642.98,174259,45,0
2024-10-08 00:00:00+00:00,2642.2,2652.87,2604.61,2621.65,255641,45,0
2024-10-09 00:00:00+00:00,2620.19,2624.16,2605.08,2608.21,220297,45,0
2024-10-10 00:00:00+00:00,2607.1,2631.32,2603.06,2629.48,234461,45,0
2024-10-11 00:00:00+00:00,2625.55,2661.24,2625.55,2656.88,201589,45,0
2024-10-14 00:00:00+00:00,2650.15,2666.68,2643.01,2647.68,183920,45,0
2024-10-15 00:00:00+00:00,2647.14,2668.73,2637.91,2662.51,223217,45,0
2024-10-16 00:00:00+00:00,2662.19,2685.11,2658.55,2673.35,207059,45,0
2024-10-17 00:00:00+00:00,2674.75,2696.55,2671.48,2692.45,222286,45,0
2024-10-18 00:00:00+00:00,2692.43,2722.38,2691.53,2721.94,227353,45,0
2024-10-21 00:00:00+00:00,2723.41,2740.39,2714.05,2719.28,239935,45,0
2024-10-22 00:00:00+00:00,2719.56,2748.7,2718.5,2748.15,220735,45,0
2024-10-23 00:00:00+00:00,2747.34,2758.29,2708.62,2716.05,239028,45,0
2024-10-24 00:00:00+00:00,2714.35,2743.1,2714.35,2735.67,224009,45,0
2024-10-25 00:00:00+00:00,2735.54,2747.59,2716.87,2746.28,209991,45,0
2024-10-28 00:00:00+00:00,2734.38,2745.75,2724.55,2742.26,196030,45,0
2024-10-29 00:00:00+00:00,2741.32,2774.63,2739.71,2773.73,224026,45,0
2024-10-30 00:00:00+00:00,2773.23,2789.83,2770.75,2786.65,225189,45,0
2024-10-31 00:00:00+00:00,2788.06,2789.94,2731.42,2743.51,231913,45,0
2024-11-01 00:00:00+00:00,2743.55,2762.07,2733.02,2735.18,237655,45,0
2024-11-04 00:00:00+00:00,2733.45,2748.01,2730.07,2737.04,218782,45,0
2024-11-05 00:00:00+00:00,2737.37,2749.97,2724.67,2741.24,176108,0,0
2024-11-06 00:00:00+00:00,2742.98,2749.67,2652.38,2665.6,319785,0,0
2024-11-07 00:00:00+00:00,2660.72,2700.36,2643.23,2695.81,213051,0,0
2024-11-08 00:00:00+00:00,2703.69,2710.2,2680.12,2686.34,246354,45,0
2024-11-11 00:00:00+00:00,2683.67,2685.95,2610.48,2623.39,191367,45,0
2024-11-12 00:00:00+00:00,2618.9,2626.96,2589.5,2599.82,230561,45,0
2024-11-13 00:00:00+00:00,2599.94,2618.68,2573.54,2573.57,248332,45,0
2024-11-14 00:00:00+00:00,2573.62,2581.24,2536.62,2565.56,287855,45,0
2024-11-15 00:00:00+00:00,2567.07,2575.89,2554.34,2563.39,262047,45,0
2024-11-18 00:00:00+00:00,2567.62,2614.88,2566.44,2610.45,186498,45,0
2024-11-19 00:00:00+00:00,2609.72,2639.26,2609.72,2634.0,253174,45,0
2024-11-20 00:00:00+00:00,2633.59,2655.21,2618.69,2648.06,237059,45,0
2024-11-21 00:00:00+00:00,2649.74,2673.32,2648.13,2670.61,245101,45,0
2024-11-22 00:00:00+00:00,2669.58,2711.29,2667.95,2705.93,276250,45,0
2024-11-25 00:00:00+00:00,2713.3,2721.17,2615.45,2626.97,292440,45,0
2024-11-26 00:00:00+00:00,2626.34,2641.77,2604.89,2631.4,267331,45,0
2024-11-27 00:00:00+00:00,2633.04,2658.03,2626.93,2637.73,228421,45,0
2024-11-28 00:00:00+00:00,2634.74,2649.47,2620.77,2637.33,152192,45,0
2024-11-29 00:00:00+00:00,2637.33,2666.17,2633.85,2650.14,214839,45,0
2024-12-02 00:00:00+00:00,2651.57,2652.54,2621.7,2638.46,267091,45,0
2024-12-03 00:00:00+00:00,2636.95,2655.42,2633.93,2642.05,237762,45,0
2024-12-04 00:00:00+00:00,2642.87,2656.98,2632.26,2650.19,238584,45,0
2024-12-05 00:00:00+00:00,2649.2,2655.34,2623.36,2630.36,223443,45,0
2024-12-06 00:00:00+00:00,2631.18,2645.51,2613.38,2633.05,237583,45,0
2024-12-09 00:00:00+00:00,2643.36,2676.24,2627.37,2657.82,253654,45,0
2024-12-10 00:00:00+00:00,2659.63,2695.42,2657.78,2691.52,230320,45,0
2024-12-11 00:00:00+00:00,2692.74,2720.98,2674.11,2717.33,280521,45,0
2024-12-12 00:00:00+00:00,2716.89,2726.01,2674.95,2680.27,255993,45,0
2024-12-13 00:00:00+00:00,2681.96,2692.61,2648.5,2649.11,255986,45,0
2024-12-16 00:00:00+00:00,2649.29,2664.22,2643.37,2652.92,184491,45,0
2024-12-17 00:00:00+00:00,2652.05,2658.45,2632.94,2644.07,211497,45,0
2024-12-18 00:00:00+00:00,2644.47,2651.57,2587.1,2593.03,213273,45,0
2024-12-19 00:00:00+00:00,2589.81,2626.28,2581.66,2596.88,255949,45,0
2024-12-20 00:00:00+00:00,2595.01,2631.73,2589.53,2622.98,217938,45,0
2024-12-23 00:00:00+00:00,2620.59,2633.15,2607.95,2609.49,178433,45,0
2024-12-24 00:00:00+00:00,2612.4,2621.29,2609.92,2616.51,124193,45,0
2024-12-25 00:00:00+00:00,2616.51,2616.51,2616.51,2616.51,1,99,0
2024-12-26 00:00:00+00:00,2617.79,2638.93,2611.68,2634.34,151390,45,0
2024-12-27 00:00:00+00:00,2634.01,2638.1,2611.44,2615.88,158409,45,0
2024-12-30 00:00:00+00:00,2618.85,2627.95,2595.96,2608.86,173395,45,0
2024-12-31 00:00:00+00:00,2607.71,2627.38,2602.46,2623.4,162076,45,0
2025-01-01 00:00:00+00:00,2623.76,2624.78,2623.74,2624.39,496,45,0
2025-01-02 00:00:00+00:00,2625.64,2660.3,2621.54,2659.52,222829,45,0
2025-01-03 00:00:00+00:00,2658.07,2665.12,2636.72,2637.49,184091,45,0
2025-01-06 00:00:00+00:00,2638.16,2649.3,2614.35,2634.24,223971,45,0
2025-01-07 00:00:00+00:00,2636.48,2664.09,2631.96,2650.74,210305,45,0
2025-01-08 00:00:00+00:00,2649.85,2669.81,2645.13,2663.19,210905,45,0
2025-01-09 00:00:00+00:00,2663.36,2678.17,2655.37,2669.6,165298,45,0
2025-01-10 00:00:00+00:00,2669.55,2697.74,2663.73,2689.81,245997,45,0
2025-01-13 00:00:00+00:00,2689.04,2693.13,2656.65,2661.77,242459,45,0
2025-01-14 00:00:00+00:00,2662.39,2676.11,2659.74,2674.77,224162,45,0
2025-01-15 00:00:00+00:00,2676.57,2696.01,2669.2,2695.8,222341,45,0
2025-01-16 00:00:00+00:00,2694.87,2724.53,2689.8,2715.76,239559,45,0
2025-01-17 00:00:00+00:00,2712.76,2717.16,2699.81,2701.91,220638,45,0
2025-01-20 00:00:00+00:00,2701.23,2713.64,2689.18,2706.47,196829,45,0
2025-01-21 00:00:00+00:00,2706.47,2745.8,2702.66,2742.65,249433,45,0
2025-01-22 00:00:00+00:00,2742.07,2763.25,2741.76,2756.02,215658,45,0
2025-01-23 00:00:00+00:00,2756.98,2758.74,2735.74,2752.81,216199,45,0
2025-01-24 00:00:00+00:00,2752.86,2785.81,2752.02,2771.87,226777,45,0
2025-01-27 00:00:00+00:00,2769.67,2772.39,2730.32,2740.92,272223,45,0
2025-01-28 00:00:00+00:00,2742.85,2764.84,2734.64,2764.28,231744,45,0
2025-01-29 00:00:00+00:00,2762.76,2766.02,2744.59,2755.11,240375,45,0
2025-01-30 00:00:00+00:00,2754.99,2798.34,2754.84,2793.41,244298,45,0
2025-01-31 00:00:00+00:00,2790.93,2816.99,2789.6,2799.84,270650,45,0
2025-02-03 00:00:00+00:00,2800.96,2830.44,2772.11,2815.98,323649,45,0
2025-02-04 00:00:00+00:00,2814.37,2845.24,2807.03,2843.26,294810,45,0
2025-02-05 00:00:00+00:00,2841.47,2882.19,2839.55,2862.06,264584,45,0
2025-02-06 00:00:00+00:00,2863.01,2873.08,2834.02,2856.39,262284,45,0
2025-02-07 00:00:00+00:00,2855.39,2886.63,2852.39,2860.75,250519,45,0
2025-02-10 00:00:00+00:00,2856.17,2911.63,2855.02,2905.28,275844,45,0
2025-02-11 00:00:00+00:00,2906.01,2942.59,2881.57,2897.6,325899,45,0
2025-02-12 00:00:00+00:00,2898.65,2909.06,2863.93,2900.2,280295,45,0
2025-02-13 00:00:00+00:00,2902.87,2928.76,2900.24,2927.46,270639,45,0
2025-02-14 00:00:00+00:00,2928.33,2939.79,2876.89,2880.97,309242,45,0
2025-02-17 00:00:00+00:00,2880.92,2906.28,2878.5,2898.38,205343,45,0
2025-02-18 00:00:00+00:00,2898.38,2936.94,2891.85,2932.82,209562,45,0
2025-02-19 00:00:00+00:00,2933.21,2946.76,2918.47,2933.4,236462,45,0
2025-02-20 00:00:00+00:00,2934.1,2954.74,2923.97,2938.35,231636,45,0
2025-02-21 00:00:00+00:00,2939.62,2949.59,2916.56,2934.8,220777,45,0
2025-02-24 00:00:00+00:00,2934.65,2956.04,2921.19,2950.51,221055,45,0
2025-02-25 00:00:00+00:00,2951.45,2953.45,2888.05,2912.42,242173,45,0
2025-02-26 00:00:00+00:00,2915.82,2929.96,2890.57,2915.88,207885,45,0
2025-02-27 00:00:00+00:00,2916.67,2920.57,2867.66,2874.41,255722,45,0
2025-02-28 00:00:00+00:00,2875.91,2884.87,2832.49,2853.1,252254,45,0
2025-03-03 00:00:00+00:00,2854.72,2892.86,2854.38,2888.39,232700,45,0
2025-03-04 00:00:00+00:00,2894.72,2927.66,2881.78,2916.11,238933,45,0
2025-03-05 00:00:00+00:00,2915.01,2929.76,2894.12,2922.45,262832,45,0
2025-03-06 00:00:00+00:00,2919.48,2926.44,2891.14,2911.64,244212,45,0
2025-03-07 00:00:00+00:00,2909.84,2930.21,2896.31,2908.44,250999,45,0
2025-03-10 00:00:00+00:00,2911.76,2918.1,2880.11,2887.94,252111,45,0
2025-03-11 00:00:00+00:00,2889.37,2921.98,2880.0,2915.24,222415,45,0
2025-03-12 00:00:00+00:00,2914.92,2940.34,2905.91,2933.09,216101,45,0
2025-03-13 00:00:00+00:00,2934.58,2988.47,2932.84,2987.84,229697,45,0
2025-03-14 00:00:00+00:00,2984.05,3004.82,2978.34,2987.92,219421,45,0
2025-03-17 00:00:00+00:00,2988.88,3001.7,2982.07,3000.81,172883,45,0
2025-03-18 00:00:00+00:00,3000.68,3038.12,2999.14,3034.42,202363,45,0
2025-03-19 00:00:00+00:00,3033.58,3051.79,3022.64,3046.84,195708,45,0
2025-03-20 00:00:00+00:00,3048.31,3057.23,3025.53,3044.5,227358,45,0
2025-03-21 00:00:00+00:00,3044.67,3047.18,2999.27,3022.78,216374,45,0
2025-03-24 00:00:00+00:00,3025.24,3033.11,3002.27,3012.56,222492,45,0
2025-03-25 00:00:00+00:00,3011.23,3035.86,3007.33,3019.65,178102,45,0
2025-03-26 00:00:00+00:00,3020.73,3031.94,3012.13,3019.14,186106,45,0
2025-03-27 00:00:00+00:00,3020.14,3059.53,3017.29,3056.61,229767,45,0
2025-03-28 00:00:00+00:00,3055.69,3086.58,3053.88,3083.89,226215,45,0
2025-03-31 00:00:00+00:00,3089.78,3127.77,3076.48,3123.68,234206,45,0
2025-04-01 00:00:00+00:00,3122.06,3148.79,3100.7,3113.65,239914,45,0
2025-04-02 00:00:00+00:00,3113.23,3142.87,3104.97,3131.89,224799,45,0
2025-04-03 00:00:00+00:00,3140.54,3167.47,3053.96,3113.91,358556,45,0
2025-04-04 00:00:00+00:00,3114.01,3136.6,3015.5,3036.96,322837,45,0
2025-04-07 00:00:00+00:00,3009.57,3055.36,2956.37,2982.99,361136,45,0
2025-04-08 00:00:00+00:00,2981.08,3022.52,2974.58,2982.28,277683,45,0
2025-04-09 00:00:00+00:00,2982.02,3099.42,2969.76,3079.81,360925,45,0
2025-04-10 00:00:00+00:00,3080.63,3176.21,3071.23,3174.59,305095,45,0
2025-04-11 00:00:00+00:00,3173.78,3245.24,3173.19,3237.7,338550,45,0
2025-04-14 00:00:00+00:00,3221.06,3245.53,3193.42,3210.83,243857,45,0
2025-04-15 00:00:00+00:00,3208.82,3233.45,3208.7,3230.05,193838,45,0
2025-04-16 00:00:00+00:00,3228.4,3342.27,3228.22,3341.36,275037,45,0
2025-04-17 00:00:00+00:00,3341.47,3357.46,3283.81,3317.36,248304,45,0
2025-04-21 00:00:00+00:00,3370.92,3430.46,3369.26,3426.01,241996,45,0
2025-04-22 00:00:00+00:00,3422.03,3499.91,3366.69,3381.74,344682,45,0
2025-04-23 00:00:00+00:00,3344.39,3386.32,3259.87,3289.1,327780,45,0
2025-04-24 00:00:00+00:00,3286.97,3367.32,3286.97,3349.21,268290,45,0
2025-04-25 00:00:00+00:00,3355.63,3370.4,3264.93,3316.19,254595,45,0
2025-04-28 00:00:00+00:00,3310.44,3352.83,3267.93,3342.65,236209,45,0
2025-04-29 00:00:00+00:00,3343.18,3348.5,3299.52,3316.97,213284,45,0
2025-04-30 00:00:00+00:00,3315.68,3327.79,3266.81,3288.85,234763,45,0
2025-05-01 00:00:00+00:00,3286.57,3289.97,3201.76,3235.33,235422,45,0
2025-05-02 00:00:00+00:00,3238.32,3269.16,3222.68,3240.5,247834,45,0
2025-05-05 00:00:00+00:00,3239.35,3337.49,3238.47,3332.91,219298,45,0
2025-05-06 00:00:00+00:00,3331.07,3434.64,3323.1,3434.45,276235,45,0
2025-05-07 00:00:00+00:00,3425.95,3430.48,3358.99,3365.65,286570,45,0
2025-05-08 00:00:00+00:00,3363.21,3414.71,3288.64,3305.33,276486,45,0
2025-05-09 00:00:00+00:00,3303.67,3347.35,3274.6,3325.04,237925,45,0
2025-05-12 00:00:00+00:00,3272.51,3288.39,3207.59,3233.9,287194,45,0
2025-05-13 00:00:00+00:00,3234.5,3265.36,3215.61,3251.74,228124,45,0
2025-05-14 00:00:00+00:00,3247.43,3256.8,3167.85,3179.15,257791,45,0
2025-05-15 00:00:00+00:00,3176.36,3239.78,3120.67,3239.23,255709,45,0
2025-05-16 00:00:00+00:00,3239.4,3251.9,3154.12,3200.87,250338,45,0
2025-05-19 00:00:00+00:00,3238.95,3249.56,3206.54,3230.36,211937,45,0
2025-05-20 00:00:00+00:00,3227.31,3295.51,3204.29,3289.78,244930,45,0
2025-05-21 00:00:00+00:00,3289.34,3324.73,3285.06,3314.18,264847,45,0
2025-05-22 00:00:00+00:00,3313.33,3345.17,3279.12,3294.82,283218,45,0
2025-05-23 00:00:00+00:00,3293.31,3365.85,3286.84,3359.84,269695,45,0
2025-05-26 00:00:00+00:00,3344.11,3356.68,3323.55,3342.21,137985,45,0
2025-05-27 00:00:00+00:00,3343.11,3349.69,3282.83,3300.24,237971,45,0
2025-05-28 00:00:00+00:00,3299.3,3325.39,3275.3,3287.12,214386,45,0
2025-05-29 00:00:00+00:00,3285.6,3331.05,3245.06,3317.95,253020,45,0
2025-05-30 00:00:00+00:00,3318.28,3322.41,3271.51,3290.73,242438,45,0
2025-06-02 00:00:00+00:00,3312.79,3382.73,3301.15,3382.25,234679,45,0
2025-06-03 00:00:00+00:00,3384.67,3391.9,3333.0,3353.85,227854,45,0
2025-06-04 00:00:00+00:00,3353.09,3384.53,3343.6,3372.41,222135,45,0
2025-06-05 00:00:00+00:00,3372.09,3403.2,3339.48,3354.16,265271,45,0
2025-06-06 00:00:00+00:00,3352.11,3375.42,3306.85,3311.78,243911,45,0
2025-06-09 00:00:00+00:00,3314.52,3337.99,3293.45,3325.94,209081,45,0
2025-06-10 00:00:00+00:00,3325.27,3348.94,3301.77,3322.4,227174,45,0
2025-06-11 00:00:00+00:00,3323.03,3360.57,3315.26,3353.03,243569,45,0
2025-06-12 00:00:00+00:00,3355.23,3398.69,3338.52,3386.39,266465,45,0
2025-06-13 00:00:00+00:00,3385.61,3446.62,3379.55,3432.4,301678,45,0
2025-06-16 00:00:00+00:00,3448.14,3450.88,3382.57,3384.21,233347,45,0
2025-06-17 00:00:00+00:00,3384.12,3403.06,3365.83,3387.89,243424,45,0
2025-06-18 00:00:00+00:00,3390.29,3399.86,3362.38,3368.21,240045,45,0
2025-06-19 00:00:00+00:00,3368.22,3387.59,3347.46,3367.83,176410,45,0
2025-06-20 00:00:00+00:00,3369.28,3374.36,3340.2,3368.65,207428,45,0
2025-06-23 00:00:00+00:00,3378.9,3393.34,3346.82,3368.49,227006,45,0
2025-06-24 00:00:00+00:00,3367.48,3369.37,3295.27,3322.57,252095,45,0
2025-06-25 00:00:00+00:00,3322.55,3336.94,3311.68,3332.29,180904,45,0
2025-06-26 00:00:00+00:00,3331.2,3350.19,3309.79,3328.39,205666,45,0
2025-06-27 00:00:00+00:00,3324.04,3328.24,3255.44,3274.26,245783,45,0
2025-06-30 00:00:00+00:00,3263.49,3309.36,3259.17,3302.98,197767,45,0
2025-07-01 00:00:00+00:00,3303.47,3357.79,3300.38,3338.9,218551,45,0
2025-07-02 00:00:00+00:00,3337.26,3360.06,3327.51,3356.81,192395,45,0
2025-07-03 00:00:00+00:00,3356.72,3365.31,3311.38,3325.23,188850,45,0
2025-07-04 00:00:00+00:00,3325.71,3344.88,3323.28,3335.81,117134,45,0
2025-07-07 00:00:00+00:00,3333.19,3340.25,3296.3,3337.26,214338,45,0
2025-07-08 00:00:00+00:00,3335.9,3345.55,3286.9,3300.28,211547,45,0
2025-07-09 00:00:00+00:00,3300.89,3316.7,3282.51,3313.64,194269,45,0
2025-07-10 00:00:00+00:00,3310.4,3330.14,3309.99,3323.62,184987,45,0
2025-07-11 00:00:00+00:00,3320.79,3368.58,3320.79,3357.32,250575,45,0
2025-07-14 00:00:00+00:00,3369.01,3374.83,3340.88,3342.34,235251,45,0
2025-07-15 00:00:00+00:00,3342.21,3366.17,3320.1,3324.66,199834,45,0
2025-07-16 00:00:00+00:00,3323.07,3375.2,3319.5,3346.75,222133,45,0
2025-07-17 00:00:00+00:00,3345.13,3352.0,3309.78,3337.87,194094,45,0
2025-07-18 00:00:00+00:00,3339.41,3361.12,3331.69,3350.51,179187,45,0
2025-07-21 00:00:00+00:00,3347.5,3401.37,3345.2,3397.15,206548,45,0
2025-07-22 00:00:00+00:00,3394.27,3433.49,3383.09,3429.31,227804,45,0
2025-07-23 00:00:00+00:00,3430.03,3438.62,3381.28,3387.81,246525,45,0
2025-07-24 00:00:00+00:00,3387.0,3393.1,3351.24,3367.21,212746,45,0
2025-07-25 00:00:00+00:00,3368.04,3373.23,3324.87,3336.4,188818,45,0
2025-07-28 00:00:00+00:00,3329.32,3345.14,3301.61,3314.54,194720,45,0
2025-07-29 00:00:00+00:00,3311.92,3333.94,3307.77,3325.22,204327,45,0
2025-07-30 00:00:00+00:00,3325.83,3333.84,3267.9,3275.59,215146,45,0
2025-07-31 00:00:00+00:00,3275.59,3314.67,3273.71,3290.42,218756,45,0
2025-08-01 00:00:00+00:00,3289.45,3363.36,3281.36,3363.01,237105,45,0
2025-08-04 00:00:00+00:00,3358.94,3385.22,3344.8,3373.74,193422,45,0
2025-08-05 00:00:00+00:00,3371.97,3390.3,3349.75,3380.26,177595,45,0
2025-08-06 00:00:00+00:00,3379.23,3385.18,3358.04,3368.47,173993,45,0
2025-08-07 00:00:00+00:00,3368.09,3401.77,3365.04,3395.57,294200,45,0
2025-08-08 00:00:00+00:00,3399.28,3408.7,3376.4,3397.08,410261,45,0
2025-08-11 00:00:00+00:00,3394.92,3396.77,3341.11,3342.08,270656,45,0
2025-08-12 00:00:00+00:00,3342.22,3359.01,3330.92,3348.0,226666,45,0
2025-08-13 00:00:00+00:00,3347.3,3370.62,3345.5,3355.75,149757,45,0
2025-08-14 00:00:00+00:00,3355.39,3374.52,3329.65,3334.47,206436,45,0
2025-08-15 00:00:00+00:00,3335.38,3348.63,3331.95,3335.85,169958,45,0
2025-08-18 00:00:00+00:00,3334.06,3358.27,3323.28,3332.62,164099,45,0
2025-08-19 00:00:00+00:00,3332.09,3345.15,3314.78,3315.33,168794,45,0
2025-08-20 00:00:00+00:00,3315.8,3350.07,3311.25,3347.62,162219,45,0
2025-08-21 00:00:00+00:00,3346.16,3351.81,3325.04,3338.21,159247,45,0
2025-08-22 00:00:00+00:00,3337.99,3378.68,3321.31,3371.64,179445,45,0
2025-08-25 00:00:00+00:00,3367.03,3376.08,3359.64,3365.58,152387,45,0
2025-08-26 00:00:00+00:00,3364.76,3393.19,3351.1,3392.71,233202,45,0
2025-08-27 00:00:00+00:00,3390.67,3398.66,3373.61,3397.11,202934,45,0
2025-08-28 00:00:00+00:00,3397.79,3423.0,3384.48,3417.07,222849,45,0
2025-08-29 00:00:00+00:00,3415.98,3453.71,3404.24,3447.87,236115,45,0
2025-09-01 00:00:00+00:00,3450.03,3489.67,3436.75,3477.14,224976,45,0
2025-09-02 00:00:00+00:00,3474.51,3539.85,3470.17,3534.13,357261,45,0
2025-09-03 00:00:00+00:00,3533.11,3578.28,3526.03,3560.3,319879,45,0
2025-09-04 00:00:00+00:00,3558.5,3563.88,3511.21,3545.08,302170,45,0
2025-09-05 00:00:00+00:00,3539.87,3599.99,3539.73,3587.1,290831,45,0
2025-09-08 00:00:00+00:00,3592.04,3646.25,3579.46,3636.55,279722,45,0
2025-09-09 00:00:00+00:00,3633.05,3674.26,3626.53,3627.36,297133,45,0
2025-09-10 00:00:00+00:00,3624.85,3657.37,3619.16,3640.95,261056,45,0
2025-09-11 00:00:00+00:00,3639.74,3648.95,3613.8,3633.32,246473,45,0
2025-09-12 00:00:00+00:00,3631.56,3656.49,3630.2,3643.16,223390,45,0
2025-09-15 00:00:00+00:00,3642.02,3685.45,3626.24,3680.19,227696,45,0
2025-09-16 00:00:00+00:00,3678.73,3702.89,3674.59,3690.01,242768,45,0
2025-09-17 00:00:00+00:00,3677.71,3707.35,3646.02,3658.69,275031,45,0
2025-09-18 00:00:00+00:00,3658.67,3672.86,3627.8,3644.02,270183,45,0
2025-09-19 00:00:00+00:00,3644.07,3685.18,3632.09,3684.63,257487,45,0
2025-09-22 00:00:00+00:00,3688.29,3748.69,3685.54,3746.85,253555,45,0
2025-09-23 00:00:00+00:00,3745.39,3790.87,3736.38,3763.45,369248,45,0
2025-09-24 00:00:00+00:00,3763.01,3779.08,3717.29,3736.44,331638,45,0
2025-09-25 00:00:00+00:00,3735.5,3761.45,3721.82,3751.11,348598,45,0
2025-09-26 00:00:00+00:00,3746.51,3783.55,3734.31,3761.33,331221,45,0
2025-09-29 00:00:00+00:00,3770.35,3833.37,3763.76,3832.78,376385,45,0
2025-09-30 00:00:00+00:00,3832.84,3871.51,3793.01,3859.48,381013,45,0
2025-10-01 00:00:00+00:00,3858.72,3895.1,3853.25,3863.67,363152,45,0
2025-10-02 00:00:00+00:00,3864.79,3896.63,3819.19,3855.27,341108,45,0
2025-10-03 00:00:00+00:00,3854.95,3891.48,3837.88,3886.43,335163,45,0
2025-10-06 00:00:00+00:00,3899.29,3969.85,3898.2,3961.01,395459,45,0
2025-10-07 00:00:00+00:00,3959.85,3990.83,3940.67,3986.2,408847,45,0
2025-10-08 00:00:00+00:00,3983.27,4059.1,3982.02,4041.05,398631,45,0
2025-10-09 00:00:00+00:00,4040.01,4057.69,3944.42,3975.82,449583,45,0
2025-10-10 00:00:00+00:00,3975.2,4022.63,3946.78,4018.92,459942,45,0
2025-10-13 00:00:00+00:00,4042.22,4116.69,4024.24,4111.96,405629,45,0
2025-10-14 00:00:00+00:00,4109.45,4179.46,4090.11,4144.56,1350271,45,0
2025-10-15 00:00:00+00:00,4141.48,4217.88,4139.58,4206.86,929108,45,0
2025-10-16 00:00:00+00:00,4206.34,4330.63,4198.41,4329.23,939546,45,0
2025-10-17 00:00:00+00:00,4332.75,4379.79,4185.55,4246.52,1376343,45,0
2025-10-20 00:00:00+00:00,4255.04,4381.34,4218.44,4355.99,939229,45,0
2025-10-21 00:00:00+00:00,4356.38,4374.77,4080.88,4125.67,1292454,45,0
2025-10-22 00:00:00+00:00,4125.23,4161.28,4002.96,4099.84,1220007,45,0
2025-10-23 00:00:00+00:00,4094.73,4154.65,4065.84,4121.03,835749,45,0
2025-10-24 00:00:00+00:00,4125.14,4144.18,4043.8,4111.59,1020122,45,0
2025-10-27 00:00:00+00:00,4081.86,4097.58,3971.27,3979.69,916944,45,0
2025-10-28 00:00:00+00:00,3980.42,4019.52,3886.31,3949.87,847516,45,0
2025-10-29 00:00:00+00:00,3951.79,4029.84,3913.39,3929.15,641128,45,0
2025-10-30 00:00:00+00:00,3928.55,4026.95,3915.18,4024.59,369102,45,0
2025-10-31 00:00:00+00:00,4024.01,4046.16,3972.05,4003.41,341816,45,0
2025-11-03 00:00:00+00:00,3991.95,4030.47,3962.26,4011.3,317858,45,0
2025-11-04 00:00:00+00:00,4010.02,4010.02,3928.07,3937.85,330336,45,0
2025-11-05 00:00:00+00:00,3938.84,3990.2,3929.63,3982.12,284419,45,0
2025-11-06 00:00:00+00:00,3984.0,4019.38,3964.26,3982.25,282829,45,0
2025-11-07 00:00:00+00:00,3980.62,4027.18,3974.54,4001.01,267546,45,0
2025-11-10 00:00:00+00:00,4000.39,4115.56,3997.55,4109.0,305330,45,0
2025-11-11 00:00:00+00:00,4111.46,4148.93,4097.06,4131.45,302720,45,0
2025-11-12 00:00:00+00:00,4129.42,4211.4,4098.64,4195.56,352845,45,0
2025-11-13 00:00:00+00:00,4195.75,4244.95,4144.96,4162.39,388117,45,0
2025-11-14 00:00:00+00:00,4163.64,4211.23,4031.94,4085.73,393815,45,0
2025-11-17 00:00:00+00:00,4081.36,4106.35,4006.7,4036.43,339606,45,0
2025-11-18 00:00:00+00:00,4040.77,4082.32,3997.82,4069.03,389260,45,0
2025-11-19 00:00:00+00:00,4069.09,4132.52,4055.15,4076.63,354247,45,0
2025-11-20 00:00:00+00:00,4076.27,4109.92,4038.69,4075.69,397515,45,0
2025-11-21 00:00:00+00:00,4077.28,4101.13,4022.32,4062.52,398882,45,0
2025-11-24 00:00:00+00:00,4062.22,4133.45,4040.05,4129.91,309769,45,0
2025-11-25 00:00:00+00:00,4132.45,4159.2,4109.61,4130.8,312571,45,0
2025-11-26 00:00:00+00:00,4131.99,4173.25,4127.51,4161.58,249983,45,0
2025-11-27 00:00:00+00:00,4163.82,4168.36,4142.39,4155.98,192823,45,0
2025-11-28 00:00:00+00:00,4156.36,4220.61,4151.23,4220.1,188755,45,0
2025-12-01 00:00:00+00:00,4221.02,4264.46,4205.92,4237.44,387653,45,0
2025-12-02 00:00:00+00:00,4237.24,4240.32,4163.32,4207.65,316699,45,0
2025-12-03 00:00:00+00:00,4209.83,4241.41,4194.28,4206.5,330198,45,0
2025-12-04 00:00:00+00:00,4206.11,4219.19,4174.76,4207.38,330509,45,0
2025-12-05 00:00:00+00:00,4209.72,4259.19,4194.49,4200.68,305370,45,0
2025-12-08 00:00:00+00:00,4197.8,4218.53,4176.01,4191.9,275014,45,0
2025-12-09 00:00:00+00:00,4191.29,4221.17,4169.82,4211.94,313098,45,0
2025-12-10 00:00:00+00:00,4211.97,4238.52,4181.47,4231.82,325185,45,0
2025-12-11 00:00:00+00:00,4229.64,4285.78,4203.99,4273.89,327739,45,0
2025-12-12 00:00:00+00:00,4276.02,4353.24,4257.16,4297.42,360208,45,0
2025-12-15 00:00:00+00:00,4297.67,4350.0,4285.21,4305.91,312719,45,0
2025-12-16 00:00:00+00:00,4304.23,4334.81,4271.12,4304.2,334131,45,0
2025-12-17 00:00:00+00:00,4304.44,4348.87,4300.46,4341.53,337895,45,0
2025-12-18 00:00:00+00:00,4341.1,4374.57,4308.44,4332.82,350462,45,0
2025-12-19 00:00:00+00:00,4334.77,4356.47,4309.03,4337.65,282524,45,0
2025-12-22 00:00:00+00:00,4337.45,4442.04,4336.64,4437.78,259356,45,0
2025-12-23 00:00:00+00:00,4438.52,4497.56,4430.48,4493.8,329679,45,0
2025-12-24 00:00:00+00:00,4497.53,4525.75,4448.08,4457.42,257427,45,0
2025-12-26 00:00:00+00:00,4502.91,4549.8,4502.25,4526.02,279251,45,0
2025-12-29 00:00:00+00:00,4531.68,4549.35,4301.88,4331.55,402638,45,0
2025-12-30 00:00:00+00:00,4334.52,4404.04,4323.31,4342.94,378151,45,0
2025-12-31 00:00:00+00:00,4341.35,4373.02,4273.9,4321.77,313245,45,0
2026-01-02 00:00:00+00:00,4380.63,4402.21,4309.89,4327.81,223400,45,0
2026-01-05 00:00:00+00:00,4328.48,4455.53,4328.48,4441.74,354941,45,0
2026-01-06 00:00:00+00:00,4444.77,4494.08,4427.62,4490.19,331983,45,0
2026-01-07 00:00:00+00:00,4493.81,4500.37,4423.29,4458.44,358418,45,0
2026-01-08 00:00:00+00:00,4451.82,4477.98,4407.48,4474.1,352797,45,0
2026-01-09 00:00:00+00:00,4476.11,4517.03,4452.71,4506.28,319117,45,0
2026-01-12 00:00:00+00:00,4509.7,4630.0,4509.7,4597.87,368145,45,0
2026-01-13 00:00:00+00:00,4593.44,4634.45,4569.64,4586.43,350907,45,0
2026-01-14 00:00:00+00:00,4585.94,4642.94,4582.63,4632.1,374685,45,0
2026-01-15 00:00:00+00:00,4632.34,4632.79,4581.0,4605.36,385484,45,0
2026-01-16 00:00:00+00:00,4605.44,4620.47,4536.56,4588.64,342423,45,0
2026-01-19 00:00:00+00:00,4627.4,4690.87,4619.09,4676.11,221067,45,0
2026-01-20 00:00:00+00:00,4670.2,4766.1,4659.28,4755.0,325353,45,0
2026-01-21 00:00:00+00:00,4756.5,4888.08,4755.84,4823.69,392974,45,0
2026-01-22 00:00:00+00:00,4826.46,4928.24,4772.23,4920.73,349072,45,0
2026-01-23 00:00:00+00:00,4916.68,4989.72,4899.51,4979.39,341149,45,0
2026-01-26 00:00:00+00:00,4982.36,5110.79,4982.29,5055.86,421632,45,0
2026-01-27 00:00:00+00:00,5055.29,5176.93,4989.61,5176.58,437128,45,0
2026-01-28 00:00:00+00:00,5176.58,5391.09,5157.15,5368.96,483174,45,0
2026-01-29 00:00:00+00:00,5376.38,5595.07,5104.6,5390.25,525112,45,0
2026-01-30 00:00:00+00:00,5393.93,5450.6,4691.59,4837.62,552605,45,0
2026-02-02 00:00:00+00:00,4859.85,4884.34,4401.27,4663.04,530535,45,0
2026-02-03 00:00:00+00:00,4652.45,4993.32,4643.25,4937.38,485559,45,0
2026-02-04 00:00:00+00:00,4943.89,5091.49,4854.86,4943.25,410173,45,0
2026-02-05 00:00:00+00:00,4937.78,5023.21,4789.11,4800.89,479655,45,0
2026-02-06 00:00:00+00:00,4811.07,4970.85,4654.86,4951.27,381978,45,0
2026-02-09 00:00:00+00:00,4979.37,5086.18,4964.29,5081.23,311556,45,0
2026-02-10 00:00:00+00:00,5079.37,5082.83,4986.48,5033.74,305840,45,0
2026-02-11 00:00:00+00:00,5030.16,5118.82,5019.99,5089.02,258233,45,0
2026-02-12 00:00:00+00:00,5086.44,5099.74,4878.13,4919.49,198194,45,0
2026-02-13 00:00:00+00:00,4914.79,5045.57,4886.46,5027.34,205543,45,0
2026-02-16 00:00:00+00:00,5026.91,5036.63,4965.46,4991.01,111374,45,0
2026-02-17 00:00:00+00:00,4991.76,5000.07,4843.69,4882.19,165681,45,0
2026-02-18 00:00:00+00:00,4877.84,5010.16,4852.87,4981.97,149659,45,0
2026-02-19 00:00:00+00:00,4984.43,5022.03,4959.84,5001.4,154569,45,0
2026-02-20 00:00:00+00:00,5001.58,5088.35,4981.84,5087.53,153441,45,0
2026-02-23 00:00:00+00:00,5109.73,5235.65,5098.36,5233.96,175310,45,0
2026-02-24 00:00:00+00:00,5236.27,5249.28,5095.55,5163.28,174886,45,0
2026-02-25 00:00:00+00:00,5163.86,5217.54,5122.69,5177.53,172276,45,0
2026-02-26 00:00:00+00:00,5151.75,5205.12,5130.65,5192.58,185002,45,0
2026-02-27 00:00:00+00:00,5196.3,5264.02,5166.78,5262.92,187305,45,0
2026-03-02 00:00:00+00:00,5279.53,5418.6,5260.83,5339.14,212708,45,0
2026-03-03 00:00:00+00:00,5332.32,5379.52,4995.92,5095.48,237360,45,0
2026-03-04 00:00:00+00:00,5097.19,5206.05,5083.04,5134.54,228011,45,0
2026-03-05 00:00:00+00:00,5134.56,5194.87,5050.98,5076.53,207409,45,0
2026-03-06 00:00:00+00:00,5076.53,5174.36,5062.63,5156.25,195026,45,0
2026-03-09 00:00:00+00:00,5129.53,5147.98,5014.86,5135.02,209440,45,0
2026-03-10 00:00:00+00:00,5138.4,5238.45,5117.19,5194.54,196449,45,0
2026-03-11 00:00:00+00:00,5190.58,5222.86,5149.16,5177.45,177799,45,0
2026-03-12 00:00:00+00:00,5176.23,5191.61,5054.78,5078.34,187698,45,0
2026-03-13 00:00:00+00:00,5078.5,5128.41,5009.55,5021.28,191459,45,0
2026-03-16 00:00:00+00:00,5024.87,5037.7,4967.43,5006.05,203227,45,0
2026-03-17 00:00:00+00:00,5006.24,5044.19,4973.52,5001.7,175073,45,0
2026-03-18 00:00:00+00:00,5005.9,5016.09,4806.96,4817.2,195194,45,0
2026-03-19 00:00:00+00:00,4818.23,4866.8,4502.28,4657.14,235513,45,0
2026-03-20 00:00:00+00:00,4649.17,4735.5,4477.13,4497.63,243807,45,0
2026-03-23 00:00:00+00:00,4497.78,4512.51,4098.3,4407.65,263235,45,0
2026-03-24 00:00:00+00:00,4407.05,4483.59,4305.46,4480.54,264751,45,0
2026-03-25 00:00:00+00:00,4473.24,4602.27,4455.55,4503.91,235173,45,0
2026-03-26 00:00:00+00:00,4511.76,4543.73,4351.06,4375.26,245566,45,0
2026-03-27 00:00:00+00:00,4380.41,4555.2,4375.13,4495.13,202472,45,0
2026-03-30 00:00:00+00:00,4484.24,4580.39,4419.99,4507.86,215302,45,0
2026-03-31 00:00:00+00:00,4511.13,4687.1,4482.57,4665.22,324191,45,0
2026-04-01 00:00:00+00:00,4669.82,4792.81,4661.53,4757.21,365710,45,0
2026-04-02 00:00:00+00:00,4758.17,4800.2,4553.88,4667.69,420147,45,0
2026-04-06 00:00:00+00:00,4645.27,4706.41,4600.62,4651.83,263904,45,0
2026-04-07 00:00:00+00:00,4649.47,4718.35,4607.09,4708.42,364695,45,0
2026-04-08 00:00:00+00:00,4706.23,4857.22,4699.26,4718.78,429187,45,0
2026-04-09 00:00:00+00:00,4727.17,4801.15,4698.52,4767.61,338930,45,0
2026-04-10 00:00:00+00:00,4765.84,4795.04,4730.76,4748.99,321178,45,0
2026-04-13 00:00:00+00:00,4658.86,4749.91,4644.34,4740.55,311604,45,0
2026-04-14 00:00:00+00:00,4743.04,4846.2,4742.56,4841.64,327124,45,0
2026-04-15 00:00:00+00:00,4840.72,4870.94,4786.24,4788.06,363030,45,0
2026-04-16 00:00:00+00:00,4790.07,4838.25,4772.91,4789.01,321307,45,0
2026-04-17 00:00:00+00:00,4789.79,4889.79,4767.46,4834.09,331438,45,0
2026-04-20 00:00:00+00:00,4779.14,4827.53,4736.53,4819.71,364467,45,0
2026-04-21 00:00:00+00:00,4820.06,4833.07,4668.15,4716.8,388422,45,0
2026-04-22 00:00:00+00:00,4719.79,4772.08,4715.21,4738.54,307489,45,0
2026-04-23 00:00:00+00:00,4737.69,4753.66,4664.19,4690.13,407457,45,0
2026-04-24 00:00:00+00:00,4697.79,4740.22,4657.69,4707.83,378059,45,0
2026-04-27 00:00:00+00:00,4684.5,4729.79,4667.06,4678.88,326426,45,0
2026-04-28 00:00:00+00:00,4681.76,4701.05,4554.77,4595.63,377757,45,0
2026-04-29 00:00:00+00:00,4596.71,4610.11,4510.14,4542.29,382040,45,0
2026-04-30 00:00:00+00:00,4544.13,4646.79,4539.11,4620.71,378164,45,0
2026-05-01 00:00:00+00:00,4621.71,4660.06,4559.93,4616.26,290039,45,0
2026-05-04 00:00:00+00:00,4618.69,4620.6,4500.68,4521.14,338273,45,0
2026-05-05 00:00:00+00:00,4522.83,4586.47,4513.25,4554.85,272979,45,0
2026-05-06 00:00:00+00:00,4555.49,4722.82,4546.0,4690.83,359064,45,0
2026-05-07 00:00:00+00:00,4690.94,4764.65,4685.1,4695.31,375825,45,0
2026-05-08 00:00:00+00:00,4672.19,4749.34,4672.19,4715.08,321124,45,0
2026-05-11 00:00:00+00:00,4691.65,4748.36,4647.75,4734.54,314406,45,0
2026-05-12 00:00:00+00:00,4735.25,4773.28,4638.3,4713.29,352748,45,0
2026-05-13 00:00:00+00:00,4714.25,4726.68,4669.49,4687.95,327671,45,0
2026-05-14 00:00:00+00:00,4687.54,4718.66,4644.23,4650.99,338323,45,0
2026-05-15 00:00:00+00:00,4650.01,4665.06,4511.66,4538.1,432776,45,0
2026-05-18 00:00:00+00:00,4545.88,4584.13,4479.75,4562.94,404908,45,0
2026-05-19 00:00:00+00:00,4567.74,4589.23,4464.73,4482.32,351504,45,0
2026-05-20 00:00:00+00:00,4482.48,4552.63,4453.27,4542.67,392616,45,0
2026-05-21 00:00:00+00:00,4539.73,4570.71,4488.54,4541.52,395598,45,0
2026-05-22 00:00:00+00:00,4542.53,4545.79,4491.91,4506.76,330098,45,0
2026-05-25 00:00:00+00:00,4564.93,4579.76,4550.35,4568.81,195626,45,0
2026-05-26 00:00:00+00:00,4568.97,4579.93,4482.42,4506.14,307090,45,0
2026-05-27 00:00:00+00:00,4506.42,4537.89,4401.32,4454.72,311151,45,0
2026-05-28 00:00:00+00:00,4455.31,4516.33,4366.07,4495.67,329369,45,0
2026-05-29 00:00:00+00:00,4495.39,4595.18,4488.97,4539.78,313953,45,0
2026-06-01 00:00:00+00:00,4535.1,4545.76,4447.55,4482.87,280651,45,0
2026-06-02 00:00:00+00:00,4484.52,4541.45,4462.78,4487.37,297867,45,0
2026-06-03 00:00:00+00:00,4489.33,4496.43,4426.23,4433.84,363303,45,0
2026-06-04 00:00:00+00:00,4434.1,4515.27,4423.65,4475.57,372249,45,0
2026-06-05 00:00:00+00:00,4475.54,4481.36,4311.62,4327.34,423090,45,0
2026-06-08 00:00:00+00:00,4317.14,4353.17,4268.15,4328.96,438555,45,0
2026-06-09 00:00:00+00:00,4329.28,4363.18,4236.49,4259.99,414039,45,0
2026-06-10 00:00:00+00:00,4260.15,4260.15,4066.95,4068.86,498222,45,0
2026-06-11 00:00:00+00:00,4071.19,4219.9,4023.54,4211.93,515284,45,0
2026-06-12 00:00:00+00:00,4212.24,4246.19,4170.08,4216.76,441915,45,0
2026-06-15 00:00:00+00:00,4285.45,4369.08,4280.86,4307.62,355779,45,0
2026-06-16 00:00:00+00:00,4309.06,4354.73,4305.6,4330.89,338263,45,0
2026-06-17 00:00:00+00:00,4331.73,4382.08,4218.97,4257.81,355697,45,0
2026-06-18 00:00:00+00:00,4257.07,4329.71,4201.34,4209.93,426576,45,0
2026-06-19 00:00:00+00:00,4209.07,4213.04,4121.74,4159.2,301129,45,0
2026-06-22 00:00:00+00:00,4156.08,4220.73,4136.19,4206.71,233585,45,0
